item_name,hindi_name,exp_date,invoice_date,mfg_date,quantity,invoice_no,batch_no,supplier_gstin,hsn_code,supplier_name,data_source,Item_Net_Amount,calculated_taxable_amount,calculated_rate,cgst_rate,sgst_rate,igst_rate,total_gst_rate,calculated_cgst_amount,calculated_sgst_amount,calculated_igst_amount,calculated_line_total
APPLE VINEGAR 500 ML,सेब का सिरका 500 मि.ली.,2025-09-05,2024-04-04,2024-03-14,1,TI53AAA2425,AB52400009,05AAECK5765H1ZE,22090090,KANHA JI DISTRIBUTORS,file1_2024-2025,2463.27,2087.5169491525426,2087.5169491525426,9.0,9.0,0,18,187.87652542372882,187.87652542372882,0.0,2463.27
DOODH BISCUIT 35 GM (200 PC),दूध बिस्किट 35 ग्राम (200 नग),2024-09-14,2024-04-04,2024-03-18,1,TI53AAA2425,CL24/BP1,05AAECK5765H1ZE,19053100,KANHA JI DISTRIBUTORS,file1_2024-2025,844.88,716.0,716.0,9.0,9.0,0,18,64.44,64.44,0.0,844.8800000000001
ALOEVERA KANTI BODY CLN.150G MNTHLY PACK,एलोवेरा कान्ति बॉडी क्लीन्ज़र 150 ग्राम मासिक पैक,2026-02-07,2024-04-04,2024-02-08,1,TI53AAA2425,AAUI240007,05AAECK5765H1ZE,34011941,KANHA JI DISTRIBUTORS,file1_2024-2025,2228.31,1888.3983050847457,1888.3983050847457,9.0,9.0,0,18,169.95584745762713,169.95584745762713,0.0,2228.31
HALDICHNDN KANTI BODYCLN.150G MNTHLY PAC,हल्दी-चंदन कान्ति बॉडी क्लीन्ज़र 150 ग्राम मासिक पैक,2026-01-22,2024-04-04,2024-01-23,1,TI53AAA2425,AAUH240007,05AAECK5765H1ZE,34011941,KANHA JI DISTRIBUTORS,file1_2024-2025,2409.62,2042.0508474576272,2042.0508474576272,9.0,9.0,0,18,183.78457627118644,183.78457627118644,0.0,2409.62
DOODH BISCUIT 70 GM (100 PC),दूध बिस्किट 70 ग्राम (100 नग),2024-09-09,2024-04-04,2024-03-13,1,TI53AAA2425,CG24/BP1,05AAECK5765H1ZE,19053100,KANHA JI DISTRIBUTORS,file1_2024-2025,844.88,716.0,716.0,9.0,9.0,0,18,64.44,64.44,0.0,844.8800000000001
FORTIFIED SOYABEAN OIL 1 LTR (P) - T,फोर्टिफाइड सोयाबीन तेल 1 लीटर,2024-12-17,2024-04-04,2024-03-22,1,TI53AAA2425,BR2B240017,05AAECK5765H1ZE,15079010,KANHA JI DISTRIBUTORS,file1_2024-2025,1334.47,1270.9238095238095,1270.9238095238095,2.5,2.5,0,5,31.773095238095237,31.773095238095237,0.0,1334.47
SESAME OIL 1 L (B)-T,तिल का तेल 1 लीटर,2024-11-17,2024-04-04,2024-02-21,1,TI53AAA2425,JACQ240015,05AAECK5765H1ZE,15155091,KANHA JI DISTRIBUTORS,file1_2024-2025,3450.89,3286.5619047619043,3286.5619047619043,2.5,2.5,0,5,82.16404761904761,82.16404761904761,0.0,3450.89
HERBO WASH DETERGENT POWDER 1 KG-T,हर्बो वॉश डिटर्जेंट पाउडर 1 किग्रा,2029-02-20,2024-04-04,2024-02-22,1,TI53AAA2425,BN52400009,05AAECK5765H1ZE,34029011,KANHA JI DISTRIBUTORS,file1_2024-2025,1826.35,1547.7542372881355,1547.7542372881355,9.0,9.0,0,18,139.2978813559322,139.2978813559322,0.0,1826.35
HERBAL WASH DETERGENT POWDER 1 KG-T,हर्बल वॉश डिटर्जेंट पाउडर 1 किग्रा,2029-02-06,2024-04-04,2024-02-08,1,TI53AAA2425,BM92400015,05AAECK5765H1ZE,34029011,KANHA JI DISTRIBUTORS,file1_2024-2025,1503.91,1274.5000000000002,1274.5000000000002,9.0,9.0,0,18,114.70500000000001,114.70500000000001,0.0,1503.91
MUSTARD OIL 5 L (J)-T,सरसों का तेल 5 लीटर,2025-02-13,2024-04-04,2024-02-19,1,TI53AAA2425,N3B2400005,05AAECK5765H1ZE,15149920,KANHA JI DISTRIBUTORS,file1_2024-2025,2653.01,2526.6761904761906,2526.6761904761906,2.5,2.5,0,5,63.16690476190477,63.16690476190477,0.0,2653.01
MUSTARD OIL 1 L (P)-T,सरसों का तेल 1 लीटर,2025-03-06,2024-04-04,2024-03-11,4,TI53AAA2425,N2B2400018,05AAECK5765H1ZE,15149920,KANHA JI DISTRIBUTORS,file1_2024-2025,6033.89,5746.561904761905,1436.6404761904762,2.5,2.5,0,5,143.6640476190476,143.6640476190476,0.0,6033.89
MUSTARD OIL 1 L (B)-T,सरसों का तेल 1 लीटर,2025-03-06,2024-04-04,2024-03-11,1,TI53AAA2425,N1B2400030,05AAECK5765H1ZE,15149920,KANHA JI DISTRIBUTORS,file1_2024-2025,1562.4,1488.0,1488.0,2.5,2.5,0,5,37.2,37.2,0.0,1562.4
TRADITIONAL WHOLE WHEAT ATTA 10 KG(UK),पारंपरिक गेहूं का आटा 10 किग्रा (यूके),2024-06-15,2024-04-04,2024-02-16,2,TI53AAA2425,PDBKP24005,05AAECK5765H1ZE,11010000,KANHA JI DISTRIBUTORS,file1_2024-2025,3677.31,3502.2,1751.1,2.5,2.5,0,5,87.555,87.555,0.0,3677.3099999999995
TURMERIC POWDER 200 GM,हल्दी पाउडर 200 ग्राम,2025-02-15,2024-04-04,2024-02-21,1,TI53AAA2425,AJC2400008,05AAECK5765H1ZE,9103030,KANHA JI DISTRIBUTORS,file1_2024-2025,1368.88,1303.6952380952382,1303.6952380952382,2.5,2.5,0,5,32.59238095238096,32.59238095238096,0.0,1368.8800000000003
NEEM KANTI BODY CLNSR.150GM MONTHLY PACK,नीम कान्ति बॉडी क्लीन्ज़र 150 ग्राम मासिक पैक,2026-02-27,2024-04-04,2024-02-28,1,TI53AAA2425,AAUG240011,05AAECK5765H1ZE,34011941,KANHA JI DISTRIBUTORS,file1_2024-2025,2228.31,1888.3983050847457,1888.3983050847457,9.0,9.0,0,18,169.95584745762713,169.95584745762713,0.0,2228.31
KESH KANTI ADV. H.H. EXPERT SHAMPO-100ML,केश कान्ति एडवांस हेयर एक्सपर्ट शैम्पू 100 मि.ली.,2026-02-08,2024-04-04,2024-02-09,1,TI53AAA2425,AAWT240002,05AAECK5765H1ZE,33051090,KANHA JI DISTRIBUTORS,file1_2024-2025,3090.45,2619.0254237288136,2619.0254237288136,9.0,9.0,0,18,235.7122881355932,235.7122881355932,0.0,3090.45
KESH KANTI ADVANCE H.HAIR EXPERTOIL100ML,केश कान्ति एडवांस हेयर एक्सपर्ट ऑयल 100 मि.ली.,2025-12-31,2024-04-04,2024-01-11,1,TI53AAA2425,AATV240002,05AAECK5765H1ZE,33059019,KANHA JI DISTRIBUTORS,file1_2024-2025,6897.56,5845.389830508475,5845.389830508475,9.0,9.0,0,18,526.0850847457627,526.0850847457627,0.0,6897.5599999999995
PUSHTAHAR DALIA 500 G,पुष्टाहार दलिया 500 ग्राम,2024-12-15,2024-04-04,2024-03-20,1,TI53AAA2425,PDCQ240019,05AAECK5765H1ZE,11031900,KANHA JI DISTRIBUTORS,file1_2024-2025,1141.88,1087.504761904762,1087.504761904762,2.5,2.5,0,5,27.18761904761905,27.18761904761905,0.0,1141.8800000000003
KHAND 1 KG,खांड 1 किग्रा,2025-03-15,2024-04-04,2024-03-20,1,TI53AAA2425,AARQ240011,05AAECK5765H1ZE,17011420,KANHA JI DISTRIBUTORS,file1_2024-2025,2553.71,2432.1047619047617,2432.1047619047617,2.5,2.5,0,5,60.80261904761905,60.80261904761905,0.0,2553.7099999999996
KESH KANTI REETHA HAIR CLEANSER 180 ML,केश कान्ति रीठा हेयर क्लींज़र 180 मि.ली.,2026-01-26,2024-04-04,2024-02-06,1,TI53AAA2425,ABAB240002,05AAECK5765H1ZE,33051090,KANHA JI DISTRIBUTORS,file1_2024-2025,3344.98,2834.728813559322,2834.728813559322,9.0,9.0,0,18,255.125593220339,255.125593220339,0.0,3344.98
ATTA NOODLES CHATPATA-60 GM (96 PC) - T,आटा नूडल्स चटपटा 60 ग्राम (96 नग),2024-11-19,2024-04-04,2024-02-23,1,TI53AAA2425,CH230224,05AAECK5765H1ZE,19022090,KANHA JI DISTRIBUTORS,file1_2024-2025,917.15,818.8839285714284,818.8839285714284,6.0,6.0,0,12,49.133035714285704,49.133035714285704,0.0,917.1499999999999
TUVAR DAL 1000 GM (R1),अरहर दाल 1000 ग्राम,2024-11-15,2024-04-04,2024-02-19,1,TI53AAA2425,BPRAD24005,05AAECK5765H1ZE,7136000,KANHA JI DISTRIBUTORS,file1_2024-2025,1930.85,1838.9047619047617,1838.9047619047617,2.5,2.5,0,5,45.97261904761905,45.97261904761905,0.0,1930.8499999999997
SABZI MASALA 100 GM (30 pcs),सब्जी मसाला 100 ग्राम (30 नग),2025-03-07,2024-04-04,2024-03-12,1,TI53AAA2425,AFI2400009,05AAECK5765H1ZE,9109100,KANHA JI DISTRIBUTORS,file1_2024-2025,1308.47,1246.1619047619047,1246.1619047619047,2.5,2.5,0,5,31.154047619047613,31.154047619047613,0.0,1308.4699999999998
DANT KANTI NATURAL(200GX3)BIG SAVER PACK,दंत कान्ति नेचुरल (200 ग्राम × 3) बड़ा बचत पैक,2026-02-18,2024-04-04,2024-02-29,1,TI53AAA2425,AAPW240008,05AAECK5765H1ZE,33061020,KANHA JI DISTRIBUTORS,file1_2024-2025,5610.0,4754.237288135593,4754.237288135593,9.0,9.0,0,18,427.88135593220335,427.88135593220335,0.0,5610.0
DIVYA GODHAN ARK - 450ML,दिव्य गोधन अर्क 450 मि.ली.,2025-01-28,2024-04-04,2024-02-03,1,TI53AAA2425,AGDA240007,05AAECK5765H1ZE,30049011,KANHA JI DISTRIBUTORS,file1_2024-2025,816.7,729.1964285714286,729.1964285714286,6.0,6.0,0,12,43.75178571428572,43.75178571428572,0.0,816.6999999999999
GONYLE FLOOR CLEANER - 5 LTR,गोनाइल फ्लोर क्लीनर 5 लीटर,2025-02-27,2024-04-04,2024-03-04,1,TI53AAA2425,0161/23-24,05AAECK5765H1ZE,38084000,KANHA JI DISTRIBUTORS,file1_2024-2025,1066.6,903.8983050847457,903.8983050847457,9.0,9.0,0,18,81.35084745762711,81.35084745762711,0.0,1066.6
GILOY JUICE 500 ML,गिलोय रस 500 मि.ली.,2025-03-01,2024-04-04,2024-03-01,1,TI53AAA2425,PFY2400004,05AAECK5765H1ZE,30049011,KANHA JI DISTRIBUTORS,file1_2024-2025,854.52,762.9642857142857,762.9642857142857,6.0,6.0,0,12,45.77785714285714,45.77785714285714,0.0,854.5199999999999
ALOEVERA JUICE 1 L (FIBRE),एलोवेरा रस (फाइबर युक्त) 1 लीटर,2024-12-02,2024-04-04,2024-03-07,1,TI53AAA2425,PGD2400100,05AAECK5765H1ZE,30049011,KANHA JI DISTRIBUTORS,file1_2024-2025,1754.68,1566.6785714285713,1566.6785714285713,6.0,6.0,0,12,94.00071428571428,94.00071428571428,0.0,1754.68
BURA 1 KG,बूरा 1 किग्रा,2024-12-01,2024-04-04,2024-03-06,1,TI53AAA2425,AKI2400028,05AAECK5765H1ZE,17029090,KANHA JI DISTRIBUTORS,file1_2024-2025,2020.41,1924.2,1924.2,2.5,2.5,0,5,48.105,48.105,0.0,2020.41
SABUDANA 500 GM,साबूदाना 500 ग्राम,2024-09-08,2024-04-04,2024-03-12,10,TI53AAA2425,AALX240014,05AAECK5765H1ZE,19030000,KANHA JI DISTRIBUTORS,file1_2024-2025,592.1,563.9047619047619,56.39047619047619,2.5,2.5,0,5,14.097619047619048,14.097619047619048,0.0,592.0999999999999
Divya Jwar Nashak Vati 40 Tab,दिव्य ज्वर नाशक वटी 40 टैबलेट,2026-11-19,2024-04-04,2023-12-05,20,TI54AAA2425,AJNV230018,05AAECK5765H1ZE,30049011,KANHA JI DISTRIBUTORS,file1_2024-2025,916.61,818.4017857142857,40.92008928571428,6.0,6.0,0,12,49.10410714285714,49.10410714285714,0.0,916.61
DIVYA ASHWAGANDHA CHURNA - 100 GM,दिव्य अश्वगंधा चूर्ण 100 ग्राम,2026-01-23,2024-04-04,2024-02-03,25,TI54AAA2425,AAGC240013,05AAECK5765H1ZE,30049011,KANHA JI DISTRIBUTORS,file1_2024-2025,1735.39,1652.752380952381,66.11009523809524,2.5,2.5,0,5,41.31880952380952,41.31880952380952,0.0,1735.3899999999999
ALOE SOFT MOISTURIZING CREAM-50 G,एलो सॉफ्ट मॉइस्चराइजिंग क्रीम 50 ग्राम,2026-01-09,2024-04-04,2024-01-10,24,TI54AAA2425,ABHW240001,05AAECK5765H1ZE,33049930,KANHA JI DISTRIBUTORS,file1_2024-2025,1874.08,1588.2033898305085,66.17514124293785,9.0,9.0,0,18,142.93830508474576,142.93830508474576,0.0,1874.08
DIVYA SHILAJEET DROPS 30 ML - T,दिव्य शिलाजीत ड्रॉप्स 30 मि.ली.,2025-12-30,2024-04-04,2024-01-10,20,TI54AAA2425,BSJD240001,05AAECK5765H1ZE,30049011,KANHA JI DISTRIBUTORS,file1_2024-2025,2041.76,1822.9999999999998,91.14999999999999,6.0,6.0,0,12,109.37999999999998,109.37999999999998,0.0,2041.7599999999995
ROSE FACE WASH 60 G,गुलाब फेस वॉश 60 ग्राम,2025-04-09,2024-04-04,2023-10-17,12,TI54AAA2425,AIO2300004,05AAECK5765H1ZE,34013090,KANHA JI DISTRIBUTORS,file1_2024-2025,499.95,423.6864406779661,35.30720338983051,9.0,9.0,0,18,38.13177966101695,38.13177966101695,0.0,499.95
SAUNDARYA ALOEVERA GEL K.CHANDAN 60 ML,सौंदर्य एलोवेरा जेल केसर-चंदन 60 मि.ली.,2025-08-08,2024-04-04,2024-02-15,24,TI54AAA2425,AAHU240004,05AAECK5765H1ZE,33049910,KANHA JI DISTRIBUTORS,file1_2024-2025,1163.62,986.1186440677966,41.088276836158194,9.0,9.0,0,18,88.75067796610169,88.75067796610169,0.0,1163.62
BEAUTY CREAM ADV.- 50 G,ब्यूटी क्रीम एडवांस 50 ग्राम,2025-11-19,2024-04-04,2023-11-20,36,TI54AAA2425,ABED230015,05AAECK5765H1ZE,33049910,KANHA JI DISTRIBUTORS,file1_2024-2025,2648.16,2244.2033898305085,62.33898305084746,9.0,9.0,0,18,201.97830508474578,201.97830508474578,0.0,2648.1600000000003
CRACK HEAL CREAM 50 G,क्रैक हील क्रीम 50 ग्राम,2026-01-11,2024-04-04,2024-01-12,36,TI54AAA2425,AAE2400001,05AAECK5765H1ZE,33049990,KANHA JI DISTRIBUTORS,file1_2024-2025,1672.7,1417.542372881356,39.37617702448211,9.0,9.0,0,18,127.57881355932204,127.57881355932204,0.0,1672.7
Divya Gulab Jal 120 ml-DUP,दिव्य गुलाब जल 120 मि.ली.,2025-01-28,2024-04-04,2024-02-03,30,TI54AAA2425,BGLJ240013,05AAECK5765H1ZE,33030020,KANHA JI DISTRIBUTORS,file1_2024-2025,857.39,726.6016949152543,24.220056497175143,9.0,9.0,0,18,65.39415254237288,65.39415254237288,0.0,857.3900000000001
DRISHTI EYE DROP 10 ML (NEW),दृष्टि नेत्र ड्रॉप 10 मि.ली. (नया),2025-03-18,2024-04-04,2024-03-18,40,TI54AAA2425,AAST240009,05AAECK5765H1ZE,30049011,KANHA JI DISTRIBUTORS,file1_2024-2025,633.02,565.1964285714286,14.129910714285714,6.0,6.0,0,12,33.91178571428571,33.91178571428571,0.0,633.02
KESH KANTI HERBAL MEHANDI (NAT. BLACK)-T,केश कान्ति हर्बल मेहंदी (नेचुरल ब्लैक),2024-12-26,2024-04-04,2024-01-01,20,TI54AAA2425,ANBL240021,05AAECK5765H1ZE,33059090,KANHA JI DISTRIBUTORS,file1_2024-2025,315.77,267.60169491525426,13.380084745762712,9.0,9.0,0,18,24.084152542372884,24.084152542372884,0.0,315.77
BOROSAFE ANTISEPTIC 50 GM CREAM,बोरोज़सेफ एंटीसेप्टिक क्रीम 50 ग्राम,2025-11-24,2024-04-04,2023-12-05,36,TI54AAA2425,AJG2300009,05AAECK5765H1ZE,33049910,KANHA JI DISTRIBUTORS,file1_2024-2025,1254.53,1063.1610169491526,29.532250470809792,9.0,9.0,0,18,95.68449152542372,95.68449152542372,0.0,1254.53
BADAM PAK 250 G,बादाम पाक 250 ग्राम,2026-01-04,2024-04-04,2024-01-05,6,TI54AAA2425,ACX2400001,05AAECK5765H1ZE,30049011,KANHA JI DISTRIBUTORS,file1_2024-2025,688.4,614.6428571428571,102.44047619047619,6.0,6.0,0,12,36.878571428571426,36.878571428571426,0.0,688.3999999999999
BADAM PAK 500 G,बादाम पाक 500 ग्राम,2026-02-08,2024-04-04,2024-02-19,6,TI54AAA2425,ACY2400003,05AAECK5765H1ZE,30049011,KANHA JI DISTRIBUTORS,file1_2024-2025,1305.56,1165.6785714285713,194.2797619047619,6.0,6.0,0,12,69.94071428571428,69.94071428571428,0.0,1305.5599999999997
DIVYA DHARA 10 ML (800 PC),दिव्य धारा 10 मि.ली. (800 नग),2026-11-22,2024-04-04,2023-12-08,10,TI54AAA2425,ADYD230046,05AAECK5765H1ZE,30049011,KANHA JI DISTRIBUTORS,file1_2024-2025,367.47,328.0982142857143,32.809821428571425,6.0,6.0,0,12,19.685892857142857,19.685892857142857,0.0,367.46999999999997
KESH KANTI ADVANCE H.HAIR EXPERTOIL 30ML,केश कान्ति एडवांस हेयर एक्सपर्ट ऑयल 30 मि.ली.,2025-12-26,2024-04-04,2023-12-27,6,TI54AAA2425,AAUK230011,05AAECK5765H1ZE,33059019,KANHA JI DISTRIBUTORS,file1_2024-2025,416.38,352.864406779661,58.81073446327684,9.0,9.0,0,18,31.75779661016949,31.75779661016949,0.0,416.37999999999994
MOISTURIZER CREAM-50 G,मॉइस्चराइज़र क्रीम 50 ग्राम,2026-01-03,2024-04-04,2024-01-04,24,TI54AAA2425,ABHI240001,05AAECK5765H1ZE,33049930,KANHA JI DISTRIBUTORS,file1_2024-2025,1874.08,1588.2033898305085,66.17514124293785,9.0,9.0,0,18,142.93830508474576,142.93830508474576,0.0,1874.08
SAUNDARYA FACE WASH 100 G,सौंदर्य फेस वॉश 100 ग्राम,2026-01-13,2024-04-04,2024-01-24,24,TI54AAA2425,ANT2400006,05AAECK5765H1ZE,34013090,KANHA JI DISTRIBUTORS,file1_2024-2025,1909.06,1617.8474576271187,67.41031073446328,9.0,9.0,0,18,145.6062711864407,145.6062711864407,0.0,1909.06
ROGHAN BADAM SHIRIN - 150 ML - T,रोगन बादाम शिरीन 150 मि.ली.,2026-10-09,2024-04-04,2023-10-25,6,TI54AAA2425,BRBS230030,05AAECK5765H1ZE,30049011,KANHA JI DISTRIBUTORS,file1_2024-2025,1935.0,1842.857142857143,307.14285714285717,2.5,2.5,0,5,46.07142857142857,46.07142857142857,0.0,1935.0000000000002
ROGHAN BADAM SHIRIN - 60 ML - T,रोगन बादाम शिरीन 60 मि.ली.,2026-11-04,2024-04-04,2023-11-20,12,TI54AAA2425,BRBS230034,05AAECK5765H1ZE,30049011,KANHA JI DISTRIBUTORS,file1_2024-2025,1634.03,1556.2190476190476,129.68492063492064,2.5,2.5,0,5,38.90547619047619,38.90547619047619,0.0,1634.0300000000002
Punarnavadi Mandoor 60 Tab,पुनर्नवादि मांडूर 60 टैबलेट,2033-11-24,2024-04-04,2024-01-16,20,TI54AAA2425,BPNM240008,05AAECK5765H1ZE,30049011,KANHA JI DISTRIBUTORS,file1_2024-2025,916.65,872.9999999999999,43.64999999999999,2.5,2.5,0,5,21.824999999999996,21.824999999999996,0.0,916.65
DIVYA MEDHA VATI EX.POWER 30X4 TAB,दिव्य मेधा वटी एक्स्ट्रा पावर 30×4 टैबलेट,2029-02-04,2024-04-04,2024-03-02,20,TI54AAA2425,BMDE240019,05AAECK5765H1ZE,30049011,KANHA JI DISTRIBUTORS,file1_2024-2025,4083.3,3645.803571428571,182.29017857142856,6.0,6.0,0,12,218.74821428571428,218.74821428571428,0.0,4083.2999999999997
TRADITIONAL WHOLE WHEAT ATTA 10 KG(UK),पारंपरिक गेहूं का आटा 10 किग्रा (यूके),2024-06-15,2024-04-10,2024-02-16,1,TI182AAA2425,PDBKP24005,05AAECK5765H1ZE,11010000,KANHA JI DISTRIBUTORS,file1_2024-2025,1838.66,1751.104761904762,1751.104761904762,2.5,2.5,0,5,43.77761904761905,43.77761904761905,0.0,1838.66
MAKHANA 250 GM,मखाना 250 ग्राम,2025-01-09,2024-04-10,2024-03-15,1,TI182AAA2425,AALI240021,05AAECK5765H1ZE,8029000,KANHA JI DISTRIBUTORS,file1_2024-2025,5262.77,5012.161904761905,5012.161904761905,2.5,2.5,0,5,125.30404761904764,125.30404761904764,0.0,5262.7699999999995
SOOJI - 500 GM,सूजी 500 ग्राम,2024-07-25,2024-04-10,2024-03-27,1,TI182AAA2425,PDR8240019,05AAECK5765H1ZE,11010000,KANHA JI DISTRIBUTORS,file1_2024-2025,801.21,763.0571428571428,763.0571428571428,2.5,2.5,0,5,19.076428571428572,19.076428571428572,0.0,801.2099999999999
RICE BRAN OIL 1 LTR (P),चावल की भूसी का तेल 1 लीटर,2024-12-26,2024-04-10,2024-03-31,1,TI182AAA2425,ORE2400025,05AAECK5765H1ZE,15159040,KANHA JI DISTRIBUTORS,file1_2024-2025,1346.81,1282.6761904761904,1282.6761904761904,2.5,2.5,0,5,32.06690476190476,32.06690476190476,0.0,1346.8099999999997
NAMKEEN BISCUIT 70G,नमकीन बिस्किट 70 ग्राम,2024-09-04,2024-04-10,2024-03-08,1,TI182AAA2425,CC24/BP1,05AAECK5765H1ZE,19059020,KANHA JI DISTRIBUTORS,file1_2024-2025,422.44,358.0,358.0,9.0,9.0,0,18,32.22,32.22,0.0,422.44000000000005
GONYLE FLOOR CLEANER - 1 LTR,गोनाइल फ्लोर क्लीनर 1 लीटर,2025-03-03,2024-04-10,2024-03-08,1,TI182AAA2425,0629/23-24,05AAECK5765H1ZE,38084000,KANHA JI DISTRIBUTORS,file1_2024-2025,618.63,524.2627118644068,524.2627118644068,9.0,9.0,0,18,47.183644067796614,47.183644067796614,0.0,618.6300000000001
COW GHEE 1L WITH ASTHA GOLDEN DHOOP 16N,गाय का घी 1 लीटर + आस्था गोल्डन धूप 16 नग,2024-12-06,2024-04-10,2024-03-11,1,TI182AAA2425,FBRI240018,05AAECK5765H1ZE,4059020,KANHA JI DISTRIBUTORS,file1_2024-2025,8879.43,7928.062499999999,7928.062499999999,6.0,6.0,0,12,475.6837499999999,475.6837499999999,0.0,8879.429999999998
KESH KANTI ADV.H.HAIR EXPERTOIL-30ML T.O,केश कान्ति एडवांस हेयर एक्सपर्ट ऑयल 30 मि.ली. (ट्रेड ऑफर),2026-03-27,2024-04-10,2024-03-27,1,TI182AAA2425,ABHX240003,05AAECK5765H1ZE,33059019,KANHA JI DISTRIBUTORS,file1_2024-2025,4163.84,3528.6779661016953,3528.6779661016953,9.0,9.0,0,18,317.58101694915257,317.58101694915257,0.0,4163.84
SAUNDARYA ALOEVERA GEL 150MLB2G1 GEL F.W,सौंदर्य एलोवेरा जेल 150 मि.ली. (खरीदो 2 पाओ 1),2025-08-19,2024-04-10,2024-02-26,12,TI183AAA2425,ABEC240057,05AAECK5765H1ZE,33049990,KANHA JI DISTRIBUTORS,file1_2024-2025,1939.26,1643.4406779661017,136.95338983050848,9.0,9.0,0,18,147.90966101694914,147.90966101694914,0.0,1939.2599999999998
K.K. COLOR DARK BROWN (CREAM & DEV)-T,के.के. कलर गाढ़ा भूरा (क्रीम एवं डेवलपर),2025-02-24,2024-04-10,2024-03-01,20,TI183AAA2425,ACDD240008,05AAECK5765H1ZE,33059090,KANHA JI DISTRIBUTORS,file1_2024-2025,552.71,468.3983050847458,23.41991525423729,9.0,9.0,0,18,42.155847457627125,42.155847457627125,0.0,552.71
SUN SCREEN CREAM SPF30- 50GM,सनस्क्रीन क्रीम SPF 30 - 50 ग्राम,2026-03-13,2024-04-10,2024-03-23,36,TI183AAA2425,AJW2400003,05AAECK5765H1ZE,33049910,KANHA JI DISTRIBUTORS,file1_2024-2025,2787.69,2362.449152542373,65.62358757062148,9.0,9.0,0,18,212.6204237288136,212.6204237288136,0.0,2787.69
DIVYA KANTHAMRIT CHEWABLE TABLET 40 N -T,दिव्य कंठामृत चबाने योग्य टैबलेट 40 नग,2027-01-17,2024-04-10,2024-02-02,20,TI183AAA2425,ADKT240007,05AAECK5765H1ZE,30049011,KANHA JI DISTRIBUTORS,file1_2024-2025,653.41,583.4017857142857,29.170089285714283,6.0,6.0,0,12,35.00410714285714,35.00410714285714,0.0,653.41
DIVYA KANTHAMRIT CHEWABLE TABLET 80 N -T,दिव्य कंठामृत चबाने योग्य टैबलेट 80 नग,2027-01-05,2024-04-10,2024-01-21,20,TI183AAA2425,ADKT240006,05AAECK5765H1ZE,30049011,KANHA JI DISTRIBUTORS,file1_2024-2025,1225.06,1093.8035714285713,54.69017857142857,6.0,6.0,0,12,65.62821428571428,65.62821428571428,0.0,1225.0599999999997
DIVYA MUKTA VATI EXTRA POWER 30X4 TAB,दिव्य मुक्तावटी एक्स्ट्रा पावर 30,2029-02-07,2024-04-10,2024-03-05,20,TI183AAA2425,AMUE240029,05AAECK5765H1ZE,30049011,KANHA JI DISTRIBUTORS,file1_2024-2025,3674.94,3281.1964285714284,164.0598214285714,6.0,6.0,0,12,196.87178571428572,196.87178571428572,0.0,3674.9399999999996
Chandraprabha Vati 40 Tab,चंद्रप्रभा वटी 40 टैबलेट,2028-12-20,2024-04-10,2024-01-16,20,TI183AAA2425,BCPV240008,05AAECK5765H1ZE,30049011,KANHA JI DISTRIBUTORS,file1_2024-2025,716.73,682.6,34.13,2.5,2.5,0,5,17.065,17.065,0.0,716.7300000000001
Gokshuradi Guggul 40 Tab,गोक्षुरादि गुग्गुल 40 टैबलेट,2028-10-21,2024-04-10,2023-11-17,20,TI183AAA2425,BGKG230068,05AAECK5765H1ZE,30049011,KANHA JI DISTRIBUTORS,file1_2024-2025,666.75,635.0,31.75,2.5,2.5,0,5,15.875,15.875,0.0,666.75
Arjun Kwath 100 Gm,अर्जुन क्वाथ 100 ग्राम,2026-01-25,2024-04-10,2024-02-05,1,TI183AAA2425,AARK240027,05AAECK5765H1ZE,30049011,KANHA JI DISTRIBUTORS,file1_2024-2025,1041.6,991.9999999999999,991.9999999999999,2.5,2.5,0,5,24.799999999999997,24.799999999999997,0.0,1041.6
AASTHA BOUQUET CONE DHOOP - 200 GM,आस्था बुके कोन धूप 200 ग्राम,2026-01-27,2024-04-20,2024-02-07,3,TI30031AAA2425,AAWA240005,05AELPS3782C1ZD,33074100,DEEPAK TRADERS,file1_2024-2025,215.87,205.59047619047618,68.53015873015873,2.5,2.5,0,5,5.1397619047619045,5.1397619047619045,0.0,215.87
AASTHA BOUQUET CONE DHOOP - 200 GM,आस्था बुके कोन धूप 200 ग्राम,2026-03-08,2024-04-20,2024-03-18,3,TI30031AAA2425,AAWA240012,05AELPS3782C1ZD,33074100,DEEPAK TRADERS,file1_2024-2025,215.87,205.59047619047618,68.53015873015873,2.5,2.5,0,5,5.1397619047619045,5.1397619047619045,0.0,215.87
AASTHA CHAMPA CONE DHOOP - 200 GM,आस्था चंपा कोन धूप 200 ग्राम,2026-02-28,2024-04-20,2024-03-10,4,TI30031AAA2425,AAUX240010,05AELPS3782C1ZD,33074100,DEEPAK TRADERS,file1_2024-2025,287.83,274.1238095238095,68.53095238095237,2.5,2.5,0,5,6.8530952380952375,6.8530952380952375,0.0,287.83
AASTHA CAMPHOR 25 GM,आस्था कपूर 25 ग्राम,2033-09-04,2024-04-20,2023-10-27,36,TI30031AAA2425,A9D2300073,05AELPS3782C1ZD,29142922,DEEPAK TRADERS,file1_2024-2025,1310.51,1110.6016949152543,30.850047080979284,9.0,9.0,0,18,99.95415254237288,99.95415254237288,0.0,1310.51
AASTHA ROSE DRY DHOOP STICK-200 G,आस्था गुलाब ड्राई धूप स्टिक 200 ग्राम,2026-01-19,2024-04-20,2024-01-30,4,TI30031AAA2425,ABHP240003,05AELPS3782C1ZD,33074100,DEEPAK TRADERS,file1_2024-2025,296.31,282.2,70.55,2.5,2.5,0,5,7.055,7.055,0.0,296.31
AASTHA SPECIAL ROSE DHOOP -10 N,आस्था स्पेशल गुलाब धूप 10 नग,2026-01-12,2024-04-20,2024-01-23,24,TI30031AAA2425,AABL240001,05AELPS3782C1ZD,33074100,DEEPAK TRADERS,file1_2024-2025,148.18,141.1238095238095,5.88015873015873,2.5,2.5,0,5,3.528095238095238,3.528095238095238,0.0,148.17999999999998
AASTHA SPECIAL ROSE DHOOP -10 N,आस्था स्पेशल गुलाब धूप 10 नग,2026-02-23,2024-04-20,2024-03-05,12,TI30031AAA2425,AABL240009,05AELPS3782C1ZD,33074100,DEEPAK TRADERS,file1_2024-2025,74.09,70.56190476190476,5.88015873015873,2.5,2.5,0,5,1.764047619047619,1.764047619047619,0.0,74.08999999999999
AASTHA SPECIAL GUGAL DHOOP -10 N,आस्था स्पेशल गुगल धूप 10 नग,2026-02-27,2024-04-20,2024-03-09,36,TI30031AAA2425,AABM240005,05AELPS3782C1ZD,33074100,DEEPAK TRADERS,file1_2024-2025,222.26,211.67619047619047,5.87989417989418,2.5,2.5,0,5,5.291904761904761,5.291904761904761,0.0,222.26
AASTHA COWS GHEE 200 ML - T,आस्था गाय का घी 200 मि.ली.,2024-10-28,2024-04-20,2024-02-01,30,TI30031AAA2425,NBAI240001,05AELPS3782C1ZD,4059020,DEEPAK TRADERS,file1_2024-2025,4102.22,3662.6964285714284,122.08988095238095,6.0,6.0,0,12,219.76178571428574,219.76178571428574,0.0,4102.22
AASTHA COWS GHEE 100 ML - T,आस्था गाय का घी 100 मि.ली.,2024-10-28,2024-04-20,2024-02-01,12,TI30031AAA2425,NBHO240002,05AELPS3782C1ZD,4059020,DEEPAK TRADERS,file1_2024-2025,918.09,819.7232142857142,68.31026785714285,6.0,6.0,0,12,49.183392857142856,49.183392857142856,0.0,918.0899999999999
AASTHA LONG COTTONWICK -30 GM,आस्था लंबी रूई बत्ती 30 ग्राम,2027-02-25,2024-04-20,2024-03-12,24,TI30031AAA2425,ABRP240001,05AELPS3782C1ZD,59080010,DEEPAK TRADERS,file1_2024-2025,696.72,696.72,29.03,0.0,0.0,0,0,0.0,0.0,0.0,696.72
AASTHA SANDAL DRY DHOOP STICK-200 G,आस्था चंदन ड्राई धूप स्टिक 200 ग्राम,2026-02-24,2024-04-20,2024-03-06,4,TI30031AAA2425,ABHQ240007,05AELPS3782C1ZD,33074100,DEEPAK TRADERS,file1_2024-2025,296.31,282.2,70.55,2.5,2.5,0,5,7.055,7.055,0.0,296.31
AASTHA RAJNIGANDHA DRY DHOOP STICK-200 G,आस्था रजनीगंधा ड्राई धूप स्टिक 200 ग्राम,2025-10-21,2024-04-20,2023-11-01,4,TI30031AAA2425,ABHR230019,05AELPS3782C1ZD,33074100,DEEPAK TRADERS,file1_2024-2025,296.31,282.2,70.55,2.5,2.5,0,5,7.055,7.055,0.0,296.31
RED CHILLI POWDER 100 GM,लाल मिर्च पाउडर 100 ग्राम,2025-02-20,2024-05-02,2024-02-26,1,TI622AAA2425,ABKC240002,05AAECK5765H1ZE,9109100,KANHA JI DISTRIBUTORS,file1_2024-2025,2589.11,2465.8190476190475,2465.8190476190475,2.5,2.5,0,5,61.64547619047618,61.64547619047618,0.0,2589.1099999999997
SESAME OIL 1 L (B)-T,तिल का तेल 1 लीटर,2024-12-15,2024-05-02,2024-03-20,1,TI622AAA2425,JACQ240021,05AAECK5765H1ZE,15155091,KANHA JI DISTRIBUTORS,file1_2024-2025,3450.89,3286.5619047619043,3286.5619047619043,2.5,2.5,0,5,82.16404761904761,82.16404761904761,0.0,3450.89
SUPER DISHWASH BAR-RS10/- (T.O. FREE 3N),सुपर डिशवॉश बार ₹10/- (ट्रेड ऑफर फ्री 3 नग),2027-04-10,2024-05-02,2024-04-10,2,TI622AAA2425,AAXY240078,05AAECK5765H1ZE,34011941,KANHA JI DISTRIBUTORS,file1_2024-2025,1031.05,873.771186440678,436.885593220339,9.0,9.0,0,18,78.63940677966102,78.63940677966102,0.0,1031.05
KESH KANTI HERBAL MEHNDI-150 G,केश कान्ति हर्बल मेहंदी 150 ग्राम,2025-12-13,2024-05-02,2023-12-14,1,TI622AAA2425,ABNV230006,05AAECK5765H1ZE,33059090,KANHA JI DISTRIBUTORS,file1_2024-2025,3004.79,2546.4322033898306,2546.4322033898306,9.0,9.0,0,18,229.17889830508477,229.17889830508477,0.0,3004.79
ALOEVERA JUICE 1 L (FIBRE),एलोवेरा रस (फाइबर युक्त) 1 लीटर,2024-12-27,2024-05-02,2024-04-01,1,TI622AAA2425,PGD2400142,05AAECK5765H1ZE,30049011,KANHA JI DISTRIBUTORS,file1_2024-2025,1754.68,1566.6785714285713,1566.6785714285713,6.0,6.0,0,12,94.00071428571428,94.00071428571428,0.0,1754.68
AMLA JUICE 1 L,आंवला रस 1 लीटर,2025-03-23,2024-05-02,2024-03-28,1,TI622AAA2425,AGH2400080,05AAECK5765H1ZE,30049011,KANHA JI DISTRIBUTORS,file1_2024-2025,1169.83,1044.4910714285713,1044.4910714285713,6.0,6.0,0,12,62.66946428571428,62.66946428571428,0.0,1169.8299999999997
AMLA ALOEVERA JUICE WHEAT GRASS 500ML,आंवला-एलोवेरा रस गेहूं घास युक्त 500 मि.ली.,2025-03-16,2024-05-02,2024-03-16,1,TI622AAA2425,ARW2400015,05AAECK5765H1ZE,30049011,KANHA JI DISTRIBUTORS,file1_2024-2025,949.54,847.8035714285713,847.8035714285713,6.0,6.0,0,12,50.868214285714274,50.868214285714274,0.0,949.54
TRADITIONAL WHOLE WHEAT ATTA 5 KG(UK),पारंपरिक गेहूं का आटा 5 किग्रा (यूके),2024-07-16,2024-05-02,2024-03-18,1,TI622AAA2425,PDBKQ24006,05AAECK5765H1ZE,11010000,KANHA JI DISTRIBUTORS,file1_2024-2025,1542.66,1469.2,1469.2,2.5,2.5,0,5,36.73,36.73,0.0,1542.66
TRADITIONAL WHOLE WHEAT ATTA 10 KG(UK),पारंपरिक गेहूं का आटा 10 किग्रा (यूके),2024-06-15,2024-05-02,2024-02-16,1,TI622AAA2425,PDBKP24005,05AAECK5765H1ZE,11010000,KANHA JI DISTRIBUTORS,file1_2024-2025,1838.66,1751.104761904762,1751.104761904762,2.5,2.5,0,5,43.77761904761905,43.77761904761905,0.0,1838.66
DIVYA ABHYARISHTA 450ML,दिव्य अभयारिष्ट 450 मि.ली.,2034-02-28,2024-05-02,2024-03-02,1,TI622AAA2425,ABY240012,05AAECK5765H1ZE,30049011,KANHA JI DISTRIBUTORS,file1_2024-2025,1933.35,1841.2857142857142,1841.2857142857142,2.5,2.5,0,5,46.03214285714285,46.03214285714285,0.0,1933.35
ATTA NOODLES DESI MASALA 60 GM (96 PC)-T,आटा नूडल्स देसी मसाला 60 ग्राम (96 नग),2024-12-28,2024-05-02,2024-04-02,1,TI622AAA2425,DM020424,05AAECK5765H1ZE,19022090,KANHA JI DISTRIBUTORS,file1_2024-2025,917.15,818.8839285714284,818.8839285714284,6.0,6.0,0,12,49.133035714285704,49.133035714285704,0.0,917.1499999999999
DALIA 500 G,दलिया 500 ग्राम,2024-07-16,2024-05-02,2024-03-18,1,TI622AAA2425,PDCS240084,05AAECK5765H1ZE,11031900,KANHA JI DISTRIBUTORS,file1_2024-2025,761.36,725.1047619047619,725.1047619047619,2.5,2.5,0,5,18.127619047619046,18.127619047619046,0.0,761.36
NARIYAL BISCUIT 75 GM,नारियल बिस्किट 75 ग्राम,2024-10-05,2024-05-02,2024-04-08,1,TI622AAA2425,DC24/AV9,05AAECK5765H1ZE,19053100,KANHA JI DISTRIBUTORS,file1_2024-2025,844.88,716.0,716.0,9.0,9.0,0,18,64.44,64.44,0.0,844.8800000000001
DOODH BISCUIT 35 GM (200 PC),दूध बिस्किट 35 ग्राम (200 नग),2024-10-05,2024-05-02,2024-04-08,1,TI622AAA2425,DC24/BP1,05AAECK5765H1ZE,19053100,KANHA JI DISTRIBUTORS,file1_2024-2025,844.88,716.0,716.0,9.0,9.0,0,18,64.44,64.44,0.0,844.8800000000001
DOODH BISCUIT 70 GM (100 PC),दूध बिस्किट 70 ग्राम (100 नग),2024-10-09,2024-05-02,2024-04-12,1,TI622AAA2425,DG24/AV9,05AAECK5765H1ZE,19053100,KANHA JI DISTRIBUTORS,file1_2024-2025,844.88,716.0,716.0,9.0,9.0,0,18,64.44,64.44,0.0,844.8800000000001
NAMKEEN BISCUIT 35 GM,नमकीन बिस्किट 35 ग्राम,2024-09-06,2024-05-02,2024-03-10,1,TI622AAA2425,CC24/BP1,05AAECK5765H1ZE,19059020,KANHA JI DISTRIBUTORS,file1_2024-2025,422.44,358.0,358.0,9.0,9.0,0,18,32.22,32.22,0.0,422.44000000000005
CREAMFEAST CHOCO BISCUIT 35 GM,क्रीमफीस्ट चोको बिस्किट 35 ग्राम,2024-09-14,2024-05-02,2024-03-18,1,TI622AAA2425,CL24/BP1,05AAECK5765H1ZE,19053100,KANHA JI DISTRIBUTORS,file1_2024-2025,584.52,495.35593220338984,495.35593220338984,9.0,9.0,0,18,44.58203389830509,44.58203389830509,0.0,584.52
CREAMFEAST ELAICHI BISCUIT 35 GM,क्रीमफीस्ट इलायची बिस्किट 35 ग्राम,2024-10-02,2024-05-02,2024-04-05,1,TI622AAA2425,D524/BP1,05AAECK5765H1ZE,19053100,KANHA JI DISTRIBUTORS,file1_2024-2025,584.52,495.35593220338984,495.35593220338984,9.0,9.0,0,18,44.58203389830509,44.58203389830509,0.0,584.52
HIGH KICK KRACKER BISCUIT 66.6GM,हाई किक क्रैकर बिस्किट 66.6 ग्राम,2024-09-30,2024-05-02,2024-04-03,1,TI622AAA2425,DD24/BP1,05AAECK5765H1ZE,19059020,KANHA JI DISTRIBUTORS,file1_2024-2025,506.93,429.60169491525426,429.60169491525426,9.0,9.0,0,18,38.66415254237288,38.66415254237288,0.0,506.93000000000006
MARIE BISCUIT 75 GM (48 PC),मैरी बिस्किट 75 ग्राम (48 नग),2024-10-09,2024-05-02,2024-04-12,1,TI622AAA2425,DG24/BP1,05AAECK5765H1ZE,19053100,KANHA JI DISTRIBUTORS,file1_2024-2025,405.54,343.67796610169495,343.67796610169495,9.0,9.0,0,18,30.931016949152546,30.931016949152546,0.0,405.54
JEERA BISCUIT 70 GM,जीरा बिस्किट 70 ग्राम,2024-10-07,2024-05-02,2024-04-10,1,TI622AAA2425,DE24/BP1,05AAECK5765H1ZE,19053100,KANHA JI DISTRIBUTORS,file1_2024-2025,608.31,515.5169491525423,515.5169491525423,9.0,9.0,0,18,46.39652542372881,46.39652542372881,0.0,608.31
CRUNCHY COCONUT COOKIES 40 GM,क्रंची कोकोनट कुकीज़ 40 ग्राम,2024-09-07,2024-05-02,2024-03-11,1,TI622AAA2425,CF24/BP1,05AAECK5765H1ZE,19053100,KANHA JI DISTRIBUTORS,file1_2024-2025,584.52,495.35593220338984,495.35593220338984,9.0,9.0,0,18,44.58203389830509,44.58203389830509,0.0,584.52
ATTA NOODLES YUMMY MASALA 60 GM (96PC)-T,आटा नूडल्स यम्मी मसाला 60 ग्राम (96 नग),2024-12-02,2024-05-02,2024-03-07,1,TI622AAA2425,YM070324,05AAECK5765H1ZE,19022090,KANHA JI DISTRIBUTORS,file1_2024-2025,917.15,818.8839285714284,818.8839285714284,6.0,6.0,0,12,49.133035714285704,49.133035714285704,0.0,917.1499999999999
SUJI ELAICHI RUSK 300 GM - T,सूजी इलायची रस्क 300 ग्राम,2024-08-14,2024-05-02,2024-03-17,1,TI622AAA2425,CL24/SG,05AAECK5765H1ZE,19054000,KANHA JI DISTRIBUTORS,file1_2024-2025,1019.59,971.0380952380953,971.0380952380953,2.5,2.5,0,5,24.27595238095238,24.27595238095238,0.0,1019.59
ALOEVERA KANTI BODY CLEANSER-45G(216U),एलोवेरा कान्ति बॉडी क्लीन्ज़र 45 ग्राम (216 नग),2026-01-22,2024-05-02,2024-01-23,1,TI622AAA2425,AAVU240003,05AAECK5765H1ZE,34011941,KANHA JI DISTRIBUTORS,file1_2024-2025,1780.17,1508.6186440677968,1508.6186440677968,9.0,9.0,0,18,135.7756779661017,135.7756779661017,0.0,1780.1700000000003
COCONUT OIL 200 ML (J),नारियल तेल 200 मि.ली.,2025-04-28,2024-05-02,2024-02-03,1,TI622AAA2425,AAU2400005,05AAECK5765H1ZE,15131900,KANHA JI DISTRIBUTORS,file1_2024-2025,2003.66,1908.247619047619,1908.247619047619,2.5,2.5,0,5,47.70619047619048,47.70619047619048,0.0,2003.6599999999999
CORIANDER POWDER 200 GM,धनिया पाउडर 200 ग्राम,2025-02-28,2024-05-02,2024-03-05,1,TI622AAA2425,AJE2400006,05AAECK5765H1ZE,9092200,KANHA JI DISTRIBUTORS,file1_2024-2025,1194.95,1138.047619047619,1138.047619047619,2.5,2.5,0,5,28.451190476190476,28.451190476190476,0.0,1194.95
BANDHANI HING 50 GM (NEW) - T,बंधनी हींग 50 ग्राम (नया),2025-08-12,2024-05-02,2024-02-19,12,TI623AAA2425,CASY240008,05AAECK5765H1ZE,13019013,KANHA JI DISTRIBUTORS,file1_2024-2025,1097.08,1044.838095238095,87.06984126984126,2.5,2.5,0,5,26.120952380952374,26.120952380952374,0.0,1097.0799999999997
COWS WHOLE MILK POWDER 500-GM,गाय का पूर्ण दूध पाउडर 500 ग्राम,2024-10-07,2024-05-02,2024-04-10,12,TI623AAA2425,BLB2400007,05AAECK5765H1ZE,4021090,KANHA JI DISTRIBUTORS,file1_2024-2025,2385.18,2271.6,189.29999999999998,2.5,2.5,0,5,56.79,56.79,0.0,2385.18
ALOEVERA GEL FACE WASH 60 ML,एलोवेरा जेल फेस वॉश 60 मि.ली.,2025-11-18,2024-05-02,2023-11-29,36,TI623AAA2425,AATK230034,05AAECK5765H1ZE,34013090,KANHA JI DISTRIBUTORS,file1_2024-2025,1908.92,1617.7288135593221,44.93691148775895,9.0,9.0,0,18,145.595593220339,145.595593220339,0.0,1908.92
Divya Arshkalp Vati 40 Tab,दिव्य अर्शकल्प वटी 40 टैबलेट,2027-01-05,2024-05-02,2024-01-21,20,TI623AAA2425,BAKV240016,05AAECK5765H1ZE,30049011,KANHA JI DISTRIBUTORS,file1_2024-2025,749.95,669.5982142857142,33.47991071428571,6.0,6.0,0,12,40.175892857142856,40.175892857142856,0.0,749.9499999999998
VIRGIN COCONUT OIL 500 ML (B) - T,वर्जिन नारियल तेल 500 मि.ली.,2025-06-04,2024-05-02,2024-03-11,6,TI623AAA2425,C9G2400002,05AAECK5765H1ZE,15131900,KANHA JI DISTRIBUTORS,file1_2024-2025,1471.68,1401.6,233.6,2.5,2.5,0,5,35.04,35.04,0.0,1471.6799999999998
Vriddhivadhika Vati 80 Tab,वृद्धिवाधिक वटी 80 टैबलेट,2028-11-08,2024-05-02,2023-12-05,20,TI623AAA2425,BVVV230031,05AAECK5765H1ZE,30049011,KANHA JI DISTRIBUTORS,file1_2024-2025,749.91,714.1999999999999,35.709999999999994,2.5,2.5,0,5,17.854999999999997,17.854999999999997,0.0,749.91
Sitopaladi Churna 25 Gm,सितोपलादि चूर्ण 25 ग्राम,2025-11-27,2024-05-02,2023-12-08,50,TI623AAA2425,ASPC230031,05AAECK5765H1ZE,30049011,KANHA JI DISTRIBUTORS,file1_2024-2025,1250.03,1190.5047619047618,23.810095238095236,2.5,2.5,0,5,29.762619047619047,29.762619047619047,0.0,1250.0299999999997
Divya Swasari Ras 10 Gm,दिव्य स्वासारी रस 10 ग्राम,2029-01-07,2024-05-02,2024-02-03,25,TI623AAA2425,ASSR240001,05AAECK5765H1ZE,30049011,KANHA JI DISTRIBUTORS,file1_2024-2025,520.8,464.99999999999994,18.599999999999998,6.0,6.0,0,12,27.899999999999995,27.899999999999995,0.0,520.8
Bilwadi Churna 100 Gm,बिल्वादि चूर्ण 100 ग्राम,2025-11-27,2024-05-02,2023-12-08,25,TI623AAA2425,ABWC230016,05AAECK5765H1ZE,30049011,KANHA JI DISTRIBUTORS,file1_2024-2025,1145.81,1091.2476190476189,43.64990476190476,2.5,2.5,0,5,27.281190476190474,27.281190476190474,0.0,1145.8099999999997
TRIPHALA CHURNA -100GM,त्रिफला चूर्ण 100 ग्राम,2026-02-21,2024-05-02,2024-03-03,25,TI623AAA2425,ATPC240041,05AAECK5765H1ZE,30049011,KANHA JI DISTRIBUTORS,file1_2024-2025,625.01,595.247619047619,23.809904761904757,2.5,2.5,0,5,14.881190476190476,14.881190476190476,0.0,625.0099999999999
FORTIFIED SOYABEAN OIL 1 LTR (P) - T,फोर्टिफाइड सोयाबीन तेल 1 लीटर,2025-01-01,2024-05-15,2024-04-06,1,TI865AAA2425,BR2B240021,05AAECK5765H1ZE,15079010,KANHA JI DISTRIBUTORS,file1_2024-2025,1334.47,1270.9238095238095,1270.9238095238095,2.5,2.5,0,5,31.773095238095237,31.773095238095237,0.0,1334.47
MADHURAM 1 KG,मधुरम गुड़ पाउडर 1 किग्रा,2025-03-31,2024-05-15,2024-04-05,1,TI865AAA2425,AHG2400081,05AAECK5765H1ZE,17011410,KANHA JI DISTRIBUTORS,file1_2024-2025,2044.04,1946.7047619047619,1946.7047619047619,2.5,2.5,0,5,48.66761904761905,48.66761904761905,0.0,2044.0400000000002
NAVRATNA ATTA 2 KG,नवरत्न आटा 2 किग्रा,2024-10-02,2024-05-15,2024-04-05,1,TI865AAA2425,AHV2400014,05AAECK5765H1ZE,11010000,KANHA JI DISTRIBUTORS,file1_2024-2025,2933.49,2793.7999999999997,2793.7999999999997,2.5,2.5,0,5,69.84499999999998,69.84499999999998,0.0,2933.4899999999993
IODIZED NAMAK 1 KG (NEW) - T,आयोडीन युक्त नमक 1 किग्रा (नया),2026-02-19,2024-05-15,2024-03-01,1,TI865AAA2425,BS24,05AAECK5765H1ZE,25010010,KANHA JI DISTRIBUTORS,file1_2024-2025,260.0,260.0,260.0,0.0,0.0,0,0,0.0,0.0,0.0,260.0
SENDHA NAMAK 1 KG - T,सेंधा नमक 1 किग्रा,2026-02-19,2024-05-15,2024-03-01,1,TI865AAA2425,SRS24,05AAECK5765H1ZE,25010010,KANHA JI DISTRIBUTORS,file1_2024-2025,1009.0,1009.0,1009.0,0.0,0.0,0,0,0.0,0.0,0.0,1009.0
OATS 500GM - T,ओट्स 500 ग्राम,2025-04-07,2024-05-15,2024-04-07,1,TI865AAA2425,ANO070424,05AAECK5765H1ZE,11041200,KANHA JI DISTRIBUTORS,file1_2024-2025,1685.88,1605.6000000000001,1605.6000000000001,2.5,2.5,0,5,40.14000000000001,40.14000000000001,0.0,1685.8800000000003
COWS GHEE 1 L - T,गाय का घी 1 लीटर,2025-01-30,2024-05-15,2024-05-05,1,TI865AAA2425,FAWC240056,05AAECK5765H1ZE,4059020,KANHA JI DISTRIBUTORS,file1_2024-2025,8879.43,7928.062499999999,7928.062499999999,6.0,6.0,0,12,475.6837499999999,475.6837499999999,0.0,8879.429999999998
COWS GHEE 500 ML - T,गाय का घी 500 मि.ली.,2025-01-25,2024-05-15,2024-04-30,1,TI865AAA2425,FAWD240019,05AAECK5765H1ZE,4059020,KANHA JI DISTRIBUTORS,file1_2024-2025,9480.42,8464.660714285714,8464.660714285714,6.0,6.0,0,12,507.8796428571428,507.8796428571428,0.0,9480.419999999998
DIGESTIVE BISCUIT 100 GM,डाइजेस्टिव बिस्किट 100 ग्राम,2024-10-29,2024-05-15,2024-05-02,1,TI865AAA2425,E224/AV9,05AAECK5765H1ZE,19053100,KANHA JI DISTRIBUTORS,file1_2024-2025,764.07,647.5169491525425,647.5169491525425,9.0,9.0,0,18,58.27652542372882,58.27652542372882,0.0,764.07
MUSTARD OIL 1 L (P)-T,सरसों का तेल 1 लीटर,2025-04-18,2024-05-15,2024-04-23,2,TI865AAA2425,N2B2400029,05AAECK5765H1ZE,15149920,KANHA JI DISTRIBUTORS,file1_2024-2025,3016.94,2873.2761904761905,1436.6380952380953,2.5,2.5,0,5,71.83190476190477,71.83190476190477,0.0,3016.94
MUSTARD OIL 5 L (J)-T,सरसों का तेल 5 लीटर,2025-03-26,2024-05-15,2024-03-31,1,TI865AAA2425,O3B2400004,05AAECK5765H1ZE,15149920,KANHA JI DISTRIBUTORS,file1_2024-2025,2653.01,2526.6761904761906,2526.6761904761906,2.5,2.5,0,5,63.16690476190477,63.16690476190477,0.0,2653.01
GONYLE FLOOR CLEANER - 1 LTR,गोनाइल फ्लोर क्लीनर 1 लीटर,2025-04-04,2024-05-15,2024-04-09,1,TI865AAA2425,0975/24-25,05AAECK5765H1ZE,38084000,KANHA JI DISTRIBUTORS,file1_2024-2025,618.63,524.2627118644068,524.2627118644068,9.0,9.0,0,18,47.183644067796614,47.183644067796614,0.0,618.6300000000001
FORTIFIED SUNFLOWER OIL 1 LTR (P) - T,फोर्टिफाइड सूरजमुखी तेल 1 लीटर,2025-01-22,2024-05-15,2024-04-27,1,TI865AAA2425,BR2A240022,05AAECK5765H1ZE,15121910,KANHA JI DISTRIBUTORS,file1_2024-2025,1334.47,1270.9238095238095,1270.9238095238095,2.5,2.5,0,5,31.773095238095237,31.773095238095237,0.0,1334.47
BANDHANI HING 25 G (NEW) - T,बंधनी हींग 25 ग्राम (नया),2025-08-19,2024-05-15,2024-02-26,24,TI866AAA2425,CASX240009,05AAECK5765H1ZE,13019013,KANHA JI DISTRIBUTORS,file1_2024-2025,1188.68,1132.0761904761905,47.16984126984127,2.5,2.5,0,5,28.301904761904762,28.301904761904762,0.0,1188.68
JAU ATTA 500 GM,जौ का आटा 500 ग्राम,2024-10-28,2024-05-15,2024-05-01,6,TI866AAA2425,AAMA240011,05AAECK5765H1ZE,11029090,KANHA JI DISTRIBUTORS,file1_2024-2025,228.38,217.5047619047619,36.250793650793646,2.5,2.5,0,5,5.437619047619047,5.437619047619047,0.0,228.38
DIVYA PEEDANIL GOLD TABLET (100 PC) - T,दिव्य पीड़ानिल गोल्ड टैबलेट (100 नग),2027-02-15,2024-05-15,2024-03-02,20,TI866AAA2425,APGT240010,05AAECK5765H1ZE,30049011,KANHA JI DISTRIBUTORS,file1_2024-2025,6666.69,5952.401785714284,297.62008928571424,6.0,6.0,0,12,357.1441071428571,357.1441071428571,0.0,6666.689999999999
DIVYA SHUDDHI CHURNA 100 GM - T,दिव्य शुद्धि चूर्ण 100 ग्राम,2026-03-22,2024-05-15,2024-04-01,25,TI866AAA2425,ADSC240016,05AAECK5765H1ZE,30049011,KANHA JI DISTRIBUTORS,file1_2024-2025,2604.28,2325.25,93.01,6.0,6.0,0,12,139.515,139.515,0.0,2604.2799999999997
TEJUS TAILUM 100 ML,तेजस तैलम 100 मि.ली.,2026-02-07,2024-05-15,2024-02-08,25,TI866AAA2425,AAO2400004,05AAECK5765H1ZE,33059019,KANHA JI DISTRIBUTORS,file1_2024-2025,1578.25,1337.5,53.5,9.0,9.0,0,18,120.375,120.375,0.0,1578.25
AMLA HAIR OIL - 50 ML,आंवला हेयर ऑयल 50 मि.ली.,2025-11-18,2024-05-15,2023-11-29,24,TI866AAA2425,AQO2300005,05AAECK5765H1ZE,33059019,KANHA JI DISTRIBUTORS,file1_2024-2025,504.95,427.9237288135593,17.830155367231637,9.0,9.0,0,18,38.51313559322033,38.51313559322033,0.0,504.95
KESH KANTI ALMOND HAIR OIL-200 ML,केश कान्ति बादाम हेयर ऑयल 200 मि.ली.,2026-03-29,2024-05-15,2024-03-29,24,TI866AAA2425,ABQQ240003,05AAECK5765H1ZE,33059019,KANHA JI DISTRIBUTORS,file1_2024-2025,2468.55,2091.991525423729,87.16631355932203,9.0,9.0,0,18,188.2792372881356,188.2792372881356,0.0,2468.5499999999997
BANDHANI HING POWDER 50 GM -T,बंधनी हींग पाउडर 50 ग्राम,2024-11-29,2024-05-15,2023-06-08,24,TI866AAA2425,CAUE230006,05AAECK5765H1ZE,13019013,KANHA JI DISTRIBUTORS,file1_2024-2025,1827.0,1740.0,72.5,2.5,2.5,0,5,43.5,43.5,0.0,1827.0
EYEGRIT EYE DROP 10 ML,आईग्रिट आई ड्रॉप 10 मि.ली.,2026-04-15,2024-05-15,2024-04-15,40,TI866AAA2425,ABQR240006,05AAECK5765H1ZE,30049011,KANHA JI DISTRIBUTORS,file1_2024-2025,1333.25,1190.4017857142856,29.76004464285714,6.0,6.0,0,12,71.42410714285714,71.42410714285714,0.0,1333.2499999999998
ASHVAGANDHA -11 GM (STRIP),अश्वगंधा स्ट्रिप 11 ग्राम,2026-03-04,2024-05-15,2024-03-14,20,TI866AAA2425,AASZ240014,05AAECK5765H1ZE,30049011,KANHA JI DISTRIBUTORS,file1_2024-2025,1310.25,1169.8660714285713,58.49330357142857,6.0,6.0,0,12,70.19196428571428,70.19196428571428,0.0,1310.2499999999998
ASHVASHILA -11 GM (STRIP),अश्वशिला स्ट्रिप 11 ग्राम,2026-03-11,2024-05-15,2024-03-21,20,TI866AAA2425,AASP240017,05AAECK5765H1ZE,30049011,KANHA JI DISTRIBUTORS,file1_2024-2025,1455.96,1299.9642857142856,64.99821428571428,6.0,6.0,0,12,77.99785714285714,77.99785714285714,0.0,1455.9599999999998
KALA CHANA 1000 GM (R1),काला चना 1000 ग्राम,2025-01-06,2024-05-22,2024-04-11,1,TI994AAA2425,BPRKC24008,05AAECK5765H1ZE,7135000,KANHA JI DISTRIBUTORS,file1_2024-2025,943.95,899.0,899.0,2.5,2.5,0,5,22.475,22.475,0.0,943.95
KABULI CHANA 1000 GM (R1),काबुली चना 1000 ग्राम,2024-12-23,2024-05-22,2024-03-28,1,TI994AAA2425,BPKCC24005,05AAECK5765H1ZE,7132010,KANHA JI DISTRIBUTORS,file1_2024-2025,1716.33,1634.6,1634.6,2.5,2.5,0,5,40.865,40.865,0.0,1716.33
RAJMA 1000 GM (R1),राजमा 1000 ग्राम,2024-12-01,2024-05-22,2024-03-06,1,TI994AAA2425,BPRRC24003,05AAECK5765H1ZE,7133200,KANHA JI DISTRIBUTORS,file1_2024-2025,1836.45,1749.0,1749.0,2.5,2.5,0,5,43.725,43.725,0.0,1836.4499999999998
TRADITIONAL W.W CHAKKI ATTA W.BRAN 10K-T,पारंपरिक गेहूं चक्की आटा चोकर सहित 10 किग्रा,2024-09-04,2024-05-22,2024-05-07,2,TI994AAA2425,PPRT070524,05AAECK5765H1ZE,11010000,KANHA JI DISTRIBUTORS,file1_2024-2025,3644.66,3471.1047619047617,1735.5523809523809,2.5,2.5,0,5,86.77761904761904,86.77761904761904,0.0,3644.6599999999994
MAKHANA 250 GM,मखाना 250 ग्राम,2025-01-23,2024-05-22,2024-03-29,1,TI994AAA2425,AALI240028,05AAECK5765H1ZE,8029000,KANHA JI DISTRIBUTORS,file1_2024-2025,5262.77,5012.161904761905,5012.161904761905,2.5,2.5,0,5,125.30404761904764,125.30404761904764,0.0,5262.7699999999995
RICE BRAN OIL 1 LTR (P),चावल की भूसी का तेल 1 लीटर,2024-12-26,2024-05-22,2024-03-31,1,TI994AAA2425,ORE2400025,05AAECK5765H1ZE,15159040,KANHA JI DISTRIBUTORS,file1_2024-2025,1346.81,1282.6761904761904,1282.6761904761904,2.5,2.5,0,5,32.06690476190476,32.06690476190476,0.0,1346.8099999999997
SUPER DISHWASH BAR-RS10/- (T.O. FREE 3N),सुपर डिशवॉश बार ₹10/- (ट्रेड ऑफर फ्री 3 नग),2027-04-24,2024-05-22,2024-04-24,1,TI994AAA2425,AAXY240087,05AAECK5765H1ZE,34011941,KANHA JI DISTRIBUTORS,file1_2024-2025,515.53,436.8898305084746,436.8898305084746,9.0,9.0,0,18,39.32008474576271,39.32008474576271,0.0,515.53
ALOEVERA JUICE 1 L (FIBRE),एलोवेरा रस (फाइबर युक्त) 1 लीटर,2025-01-21,2024-05-22,2024-04-26,1,TI994AAA2425,PGD2400177,05AAECK5765H1ZE,30049011,KANHA JI DISTRIBUTORS,file1_2024-2025,1754.68,1566.6785714285713,1566.6785714285713,6.0,6.0,0,12,94.00071428571428,94.00071428571428,0.0,1754.68
MUSTARD OIL 1 L (P)-T,सरसों का तेल 1 लीटर,2025-05-06,2024-05-22,2024-05-11,1,TI994AAA2425,O2B2400013,05AAECK5765H1ZE,15149920,KANHA JI DISTRIBUTORS,file1_2024-2025,1508.47,1436.6380952380953,1436.6380952380953,2.5,2.5,0,5,35.91595238095238,35.91595238095238,0.0,1508.47
MUSTARD OIL 5 L (J)-T,सरसों का तेल 5 लीटर,2025-03-26,2024-05-22,2024-03-31,1,TI994AAA2425,O3B2400004,05AAECK5765H1ZE,15149920,KANHA JI DISTRIBUTORS,file1_2024-2025,2653.01,2526.6761904761906,2526.6761904761906,2.5,2.5,0,5,63.16690476190477,63.16690476190477,0.0,2653.01
VERMICELLI ROASTED 400 GM - T,भुनी हुई सेवईं 400 ग्राम,2025-03-05,2024-05-22,2024-03-10,1,TI994AAA2425,CVR4100324,05AAECK5765H1ZE,19021900,KANHA JI DISTRIBUTORS,file1_2024-2025,1507.07,1435.3047619047618,1435.3047619047618,2.5,2.5,0,5,35.882619047619045,35.882619047619045,0.0,1507.07
DOODH BISCUIT 70 GM (100 PC),दूध बिस्किट 70 ग्राम (100 नग),2024-11-03,2024-05-22,2024-05-07,1,TI994AAA2425,EA24/BP1,05AAECK5765H1ZE,19053100,KANHA JI DISTRIBUTORS,file1_2024-2025,844.88,716.0,716.0,9.0,9.0,0,18,64.44,64.44,0.0,844.8800000000001
MARIE BISCUIT 75 GM (48 PC),मैरी बिस्किट 75 ग्राम (48 नग),2024-10-24,2024-05-22,2024-04-27,1,TI994AAA2425,DV24/BP1,05AAECK5765H1ZE,19053100,KANHA JI DISTRIBUTORS,file1_2024-2025,405.54,343.67796610169495,343.67796610169495,9.0,9.0,0,18,30.931016949152546,30.931016949152546,0.0,405.54
ATTA NOODLES CHATPATA-60 GM (96 PC) - T,आटा नूडल्स चटपटा 60 ग्राम (96 नग),2024-12-29,2024-05-22,2024-04-03,1,TI994AAA2425,CH030424,05AAECK5765H1ZE,19022090,KANHA JI DISTRIBUTORS,file1_2024-2025,917.15,818.8839285714284,818.8839285714284,6.0,6.0,0,12,49.133035714285704,49.133035714285704,0.0,917.1499999999999
DIVYA NARI KANTI 3 U X 20 N-T,दिव्य नारी कान्ति 3 यूनिट × 20 नग,2027-03-02,2024-05-22,2024-03-02,20,TI994AAA2425,BDNK240004,05AAECK5765H1ZE,30049011,KANHA JI DISTRIBUTORS,file1_2024-2025,4999.9,4464.1964285714275,223.2098214285714,6.0,6.0,0,12,267.85178571428565,267.85178571428565,0.0,4999.9
HERBAL KAJAL 3 G (NEW),हर्बल काजल 3 ग्राम (नया),2026-02-02,2024-05-22,2024-02-13,12,TI994AAA2425,AASQ240011,05AAECK5765H1ZE,33042000,KANHA JI DISTRIBUTORS,file1_2024-2025,909.07,770.3983050847459,64.19985875706216,9.0,9.0,0,18,69.33584745762712,69.33584745762712,0.0,909.07
BARLEY DALIA 500 G,जौ का दलिया 500 ग्राम,2024-11-09,2024-05-29,2024-05-13,1,TI1122AAA2425,PDCU240033,05AAECK5765H1ZE,11031900,KANHA JI DISTRIBUTORS,file1_2024-2025,1395.45,1329.0,1329.0,2.5,2.5,0,5,33.225,33.225,0.0,1395.4499999999998
MALKA MASOOR 1000 GM (R1),मालका मसूर दाल 1000 ग्राम,2025-01-05,2024-05-29,2024-04-10,1,TI1122AAA2425,BPRMM24011,05AAECK5765H1ZE,7134000,KANHA JI DISTRIBUTORS,file1_2024-2025,1072.68,1021.6,1021.6,2.5,2.5,0,5,25.54,25.54,0.0,1072.68
DANT KANTI DENTAL CREAM (ADV) 2X100-GM,दंत कान्ति डेंटल क्रीम (एडवांस) 100 ग्राम × 2,2025-09-04,2024-05-29,2024-03-13,1,TI1122AAA2425,AF82400004,05AAECK5765H1ZE,33061020,KANHA JI DISTRIBUTORS,file1_2024-2025,4363.84,3698.169491525424,3698.169491525424,9.0,9.0,0,18,332.83525423728815,332.83525423728815,0.0,4363.84
AMLA JUICE 1 L,आंवला रस 1 लीटर,2025-04-18,2024-05-29,2024-04-18,1,TI1122AAA2425,AGH2400092,05AAECK5765H1ZE,30049011,KANHA JI DISTRIBUTORS,file1_2024-2025,1169.83,1044.4910714285713,1044.4910714285713,6.0,6.0,0,12,62.66946428571428,62.66946428571428,0.0,1169.8299999999997
KESH KANTI ADV. H.H. EXPERT SHAMPO-100ML,केश कान्ति एडवांस हेयर एक्सपर्ट शैम्पू 100 मि.ली.,2026-04-13,2024-05-29,2024-05-10,1,TI1122AAA2425,AAWT240004,05AAECK5765H1ZE,33051090,KANHA JI DISTRIBUTORS,file1_2024-2025,3090.45,2619.0254237288136,2619.0254237288136,9.0,9.0,0,18,235.7122881355932,235.7122881355932,0.0,3090.45
GUAVA BEVERAGE (TETRAPACK) 65ML,अमरूद पेय (टेट्रापैक) 65 मि.ली.,2024-09-14,2024-05-29,2024-03-18,1,TI1122AAA2425,PDBFX24004,05AAECK5765H1ZE,22029020,KANHA JI DISTRIBUTORS,file1_2024-2025,674.69,602.4017857142857,602.4017857142857,6.0,6.0,0,12,36.14410714285714,36.14410714285714,0.0,674.6899999999999
LITCHI BEVERAGE (TETRAPACK) 65ML,लीची पेय (टेट्रापैक) 65 मि.ली.,2024-09-11,2024-05-29,2024-03-15,1,TI1122AAA2425,PDBFY24003,05AAECK5765H1ZE,22029020,KANHA JI DISTRIBUTORS,file1_2024-2025,674.69,602.4017857142857,602.4017857142857,6.0,6.0,0,12,36.14410714285714,36.14410714285714,0.0,674.6899999999999
MANGO BEVERAGE (TETRAPACK) 65ML,आम पेय (टेट्रापैक) 65 मि.ली.,2024-09-12,2024-05-29,2024-03-16,1,TI1122AAA2425,PDBFW24005,05AAECK5765H1ZE,22029020,KANHA JI DISTRIBUTORS,file1_2024-2025,674.69,602.4017857142857,602.4017857142857,6.0,6.0,0,12,36.14410714285714,36.14410714285714,0.0,674.6899999999999
Divya Sarvakalp Kwath 100 Gm,दिव्य सर्वकल्प क्वाथ 100 ग्राम,2026-02-28,2024-05-29,2024-03-10,50,TI1122AAA2425,ASKK240017,05AAECK5765H1ZE,30049011,KANHA JI DISTRIBUTORS,file1_2024-2025,1458.24,1301.9999999999998,26.039999999999996,6.0,6.0,0,12,78.11999999999998,78.11999999999998,0.0,1458.2399999999996
TRIPHALA CHURNA -100GM,त्रिफला चूर्ण 100 ग्राम,2026-03-26,2024-05-29,2024-04-05,25,TI1122AAA2425,ATPC240053,05AAECK5765H1ZE,30049011,KANHA JI DISTRIBUTORS,file1_2024-2025,625.01,595.247619047619,23.809904761904757,2.5,2.5,0,5,14.881190476190476,14.881190476190476,0.0,625.0099999999999
KESH KANTI HERBAL MEHANDI (NAT. BLACK)-T,केश कान्ति हर्बल मेहंदी (नेचुरल ब्लैक),2025-03-27,2024-05-29,2024-04-01,20,TI1122AAA2425,ANBL240076,05AAECK5765H1ZE,33059090,KANHA JI DISTRIBUTORS,file1_2024-2025,315.77,267.60169491525426,13.380084745762712,9.0,9.0,0,18,24.084152542372884,24.084152542372884,0.0,315.77
SAUMYA EYE DROP 10 ML,सौम्या आई ड्रॉप 10 मि.ली.,2026-04-02,2024-05-29,2024-04-12,40,TI1122AAA2425,AAAQ240006,05AAECK5765H1ZE,30049011,KANHA JI DISTRIBUTORS,file1_2024-2025,1107.9,989.1964285714286,24.729910714285715,6.0,6.0,0,12,59.35178571428572,59.35178571428572,0.0,1107.9
HERBAL WASH DETERGENT POWDER 1 KG,हर्बल वॉश डिटर्जेंट पाउडर 1 किग्रा,2029-04-09,2024-05-29,2024-04-10,1,TI1122AAA2425,AM92400034,05AAECK5765H1ZE,34029011,KANHA JI DISTRIBUTORS,file1_2024-2025,1503.91,1274.5000000000002,1274.5000000000002,9.0,9.0,0,18,114.70500000000001,114.70500000000001,0.0,1503.91
SABUDANA 500 GM,साबूदाना 500 ग्राम,2024-11-05,2024-06-05,2024-05-09,1,TI1258AAA2425,AALX240028,05AAECK5765H1ZE,19030000,KANHA JI DISTRIBUTORS,file1_2024-2025,1184.19,1127.8,1127.8,2.5,2.5,0,5,28.195,28.195,0.0,1184.1899999999998
TRADITIONAL WHOLE WHEAT ATTA 5 KG(UK),पारंपरिक गेहूं का आटा 5 किग्रा (यूके),2024-09-13,2024-06-05,2024-05-16,1,TI1258AAA2425,PDBKQ24010,05AAECK5765H1ZE,11010000,KANHA JI DISTRIBUTORS,file1_2024-2025,1542.66,1469.2,1469.2,2.5,2.5,0,5,36.73,36.73,0.0,1542.66
TRADITIONAL WHOLE WHEAT ATTA 10 KG(UK),पारंपरिक गेहूं का आटा 10 किग्रा (यूके),2024-09-13,2024-06-05,2024-05-16,2,TI1258AAA2425,PDBKP24011,05AAECK5765H1ZE,11010000,KANHA JI DISTRIBUTORS,file1_2024-2025,3677.31,3502.2,1751.1,2.5,2.5,0,5,87.555,87.555,0.0,3677.3099999999995
SUGAR 5 KG,चीनी 5 किग्रा,2026-04-05,2024-06-05,2024-04-15,1,TI1258AAA2425,BAIW240027,05AAECK5765H1ZE,17011490,KANHA JI DISTRIBUTORS,file1_2024-2025,1564.35,1489.8571428571427,1489.8571428571427,2.5,2.5,0,5,37.24642857142857,37.24642857142857,0.0,1564.35
COWS GHEE 1 L - T,गाय का घी 1 लीटर,2024-10-28,2024-06-05,2024-02-01,1,TI1258AAA2425,FAWC240026,05AAECK5765H1ZE,4059020,KANHA JI DISTRIBUTORS,file1_2024-2025,8901.65,7947.901785714284,7947.901785714284,6.0,6.0,0,12,476.8741071428571,476.8741071428571,0.0,8901.65
ALOEVERA JUICE 1 L (FIBRE),एलोवेरा रस (फाइबर युक्त) 1 लीटर,2025-01-28,2024-06-05,2024-05-03,1,TI1258AAA2425,PGD2400188,05AAECK5765H1ZE,30049011,KANHA JI DISTRIBUTORS,file1_2024-2025,1754.68,1566.6785714285713,1566.6785714285713,6.0,6.0,0,12,94.00071428571428,94.00071428571428,0.0,1754.68
MUSTARD OIL 1 L (B)-T,सरसों का तेल 1 लीटर,2025-05-16,2024-06-05,2024-05-21,1,TI1258AAA2425,N1B2400057,05AAECK5765H1ZE,15149920,KANHA JI DISTRIBUTORS,file1_2024-2025,1562.4,1488.0,1488.0,2.5,2.5,0,5,37.2,37.2,0.0,1562.4
MUSTARD OIL 1 L (P)-T,सरसों का तेल 1 लीटर,2025-05-26,2024-06-05,2024-05-31,1,TI1258AAA2425,N2B2400041,05AAECK5765H1ZE,15149920,KANHA JI DISTRIBUTORS,file1_2024-2025,1616.2,1539.2380952380952,1539.2380952380952,2.5,2.5,0,5,38.48095238095238,38.48095238095238,0.0,1616.2
ATTA NOODLES DESI MASALA 60 GM (96 PC)-T,आटा नूडल्स देसी मसाला 60 ग्राम (96 नग),2025-02-10,2024-06-05,2024-05-16,1,TI1258AAA2425,DM160524,05AAECK5765H1ZE,19022090,KANHA JI DISTRIBUTORS,file1_2024-2025,917.15,818.8839285714284,818.8839285714284,6.0,6.0,0,12,49.133035714285704,49.133035714285704,0.0,917.1499999999999
DOODH BISCUIT 70 GM (100 PC),दूध बिस्किट 70 ग्राम (100 नग),2024-11-21,2024-06-05,2024-05-25,1,TI1258AAA2425,ES24/BP1,05AAECK5765H1ZE,19053100,KANHA JI DISTRIBUTORS,file1_2024-2025,844.88,716.0,716.0,9.0,9.0,0,18,64.44,64.44,0.0,844.8800000000001
DOODH BISCUIT 35 GM (200 PC),दूध बिस्किट 35 ग्राम (200 नग),2024-11-21,2024-06-05,2024-05-25,1,TI1258AAA2425,ES24/BP1,05AAECK5765H1ZE,19053100,KANHA JI DISTRIBUTORS,file1_2024-2025,844.88,716.0,716.0,9.0,9.0,0,18,64.44,64.44,0.0,844.8800000000001
DATES (KHAJUR) 500 GM,खजूर 500 ग्राम,2024-11-04,2024-06-05,2024-05-08,4,TI1258AAA2425,AAYC240022,05AAECK5765H1ZE,20019000,KANHA JI DISTRIBUTORS,file1_2024-2025,1134.87,1013.2767857142856,253.3191964285714,6.0,6.0,0,12,60.79660714285714,60.79660714285714,0.0,1134.8699999999997
AMLA HAIR OIL - 50 ML,आंवला हेयर ऑयल 50 मि.ली.,2025-07-09,2024-06-05,2023-07-20,20,TI1258AAA2425,AQO2300003,05AAECK5765H1ZE,33059019,KANHA JI DISTRIBUTORS,file1_2024-2025,420.79,356.60169491525426,17.83008474576271,9.0,9.0,0,18,32.09415254237288,32.09415254237288,0.0,420.78999999999996
ANTI WRINKLE CREAM 50 G,एंटी रिंकल क्रीम 50 ग्राम,2026-04-25,2024-06-05,2024-04-25,24,TI1258AAA2425,AAR2400004,05AAECK5765H1ZE,33049910,KANHA JI DISTRIBUTORS,file1_2024-2025,2787.55,2362.3305084745766,98.43043785310736,9.0,9.0,0,18,212.6097457627119,212.6097457627119,0.0,2787.5500000000006
Amla Churna 100 Gm,आंवला चूर्ण 100 ग्राम,2026-03-26,2024-06-05,2024-04-05,25,TI1258AAA2425,BAMC240013,05AAECK5765H1ZE,30049011,KANHA JI DISTRIBUTORS,file1_2024-2025,729.23,694.504761904762,27.780190476190477,2.5,2.5,0,5,17.36261904761905,17.36261904761905,0.0,729.2300000000001
NAMKEEN CLASSIC PEANUT 35 GM - T,नमकीन क्लासिक मूंगफली 35 ग्राम,2024-09-02,2024-06-05,2024-05-05,30,TI1258AAA2425,FB05705E24,05AAECK5765H1ZE,21069099,KANHA JI DISTRIBUTORS,file1_2024-2025,227.81,203.4017857142857,6.780059523809523,6.0,6.0,0,12,12.204107142857142,12.204107142857142,0.0,227.80999999999997
NAMKEEN HING CHANA 35 GM (300 PC) - T,नमकीन हींग चना 35 ग्राम (300 नग),2024-11-02,2024-06-05,2024-05-06,30,TI1258AAA2425,UK07506E24,05AAECK5765H1ZE,21069099,KANHA JI DISTRIBUTORS,file1_2024-2025,227.81,203.4017857142857,6.780059523809523,6.0,6.0,0,12,12.204107142857142,12.204107142857142,0.0,227.80999999999997
ANARDANA GOLI 100 G,अनारदाना गोली 100 ग्राम,2025-04-09,2024-06-05,2024-04-09,12,TI1258AAA2425,AEB2400011,05AAECK5765H1ZE,30049011,KANHA JI DISTRIBUTORS,file1_2024-2025,384.53,343.3303571428571,28.61086309523809,6.0,6.0,0,12,20.599821428571428,20.599821428571428,0.0,384.53
AMLA CANDY 250 G,आंवला कैंडी 250 ग्राम,2025-04-28,2024-06-05,2024-04-28,12,TI1258AAA2425,ABLX240037,05AAECK5765H1ZE,8112010,KANHA JI DISTRIBUTORS,file1_2024-2025,771.24,734.5142857142857,61.20952380952381,2.5,2.5,0,5,18.36285714285714,18.36285714285714,0.0,771.24
AMLA CHATPATA CANDY 250 G,आंवला चटपटा कैंडी 250 ग्राम,2025-04-23,2024-06-05,2024-04-23,12,TI1258AAA2425,AMV2400024,05AAECK5765H1ZE,8112010,KANHA JI DISTRIBUTORS,file1_2024-2025,813.98,775.2190476190476,64.6015873015873,2.5,2.5,0,5,19.38047619047619,19.38047619047619,0.0,813.98
HERBAL SHAVING CREAM-80G T.O,हर्बल शेविंग क्रीम 80 ग्राम (ट्रेड ऑफर),2026-05-28,2024-06-12,2024-05-28,12,TI1380AAA2425,ABPI240001,05AAECK5765H1ZE,33071010,KANHA JI DISTRIBUTORS,file1_2024-2025,757.56,642.0,53.5,9.0,9.0,0,18,57.78,57.78,0.0,757.56
HERBAL FACIAL FOAM 60 GM,हर्बल फेशियल फोम 60 ग्राम,2026-04-15,2024-06-12,2024-04-25,24,TI1380AAA2425,AJN2400004,05AAECK5765H1ZE,34013090,KANHA JI DISTRIBUTORS,file1_2024-2025,1272.62,1078.4915254237287,44.93714689265536,9.0,9.0,0,18,97.06423728813559,97.06423728813559,0.0,1272.62
DIVYA PEEDANIL TAILA 100 ML-T,दिव्य पीड़ानिल तैल 100 मि.ली.,2027-03-26,2024-06-12,2024-04-10,25,TI1380AAA2425,BDPN240025,05AAECK5765H1ZE,30049011,KANHA JI DISTRIBUTORS,file1_2024-2025,1770.72,1580.9999999999998,63.23999999999999,6.0,6.0,0,12,94.85999999999999,94.85999999999999,0.0,1770.7199999999996
SOYA BARI CHURA GRANULES 200G+10% - 60ND,सोया बारी चूरा ग्रैन्यूल्स 200 ग्राम + 10% (60 नग),2024-12-31,2024-06-12,2024-01-01,7,TI1380AAA2425,TC14N,05AAECK5765H1ZE,21061000,KANHA JI DISTRIBUTORS,file1_2024-2025,336.02,300.0178571428571,42.85969387755102,6.0,6.0,0,12,18.001071428571425,18.001071428571425,0.0,336.02
Baheda Churna 10 Gm,बहेड़ा चूर्ण 10 ग्राम,2025-05-21,2024-06-12,2023-06-01,25,TI1380AAA2425,ABHC230003,05AAECK5765H1ZE,30049011,KANHA JI DISTRIBUTORS,file1_2024-2025,208.43,198.5047619047619,7.940190476190476,2.5,2.5,0,5,4.962619047619047,4.962619047619047,0.0,208.43
MAHA NARAYAN TAILA 100 ML - T,महा नारायण तैल 100 मि.ली.,2027-03-10,2024-06-12,2024-03-10,25,TI1380AAA2425,BMNT240007,05AAECK5765H1ZE,30049011,KANHA JI DISTRIBUTORS,file1_2024-2025,4270.87,4067.4952380952377,162.6998095238095,2.5,2.5,0,5,101.68738095238093,101.68738095238093,0.0,4270.87
DIVYA MADHUNASHNI VATI EX.POWER 30X4 TAB,दिव्य मधुनाशिनी वटी एक्स्ट्रा पावर 30×4 टैबलेट,2027-02-18,2024-06-12,2024-03-05,20,TI1380AAA2425,BMNE240102,05AAECK5765H1ZE,30049011,KANHA JI DISTRIBUTORS,file1_2024-2025,3749.98,3348.1964285714284,167.40982142857143,6.0,6.0,0,12,200.89178571428573,200.89178571428573,0.0,3749.9799999999996
DIVYA MADHU KALP VATI 80 TABLETS -T,दिव्य मधु कल्प वटी 80 टैबलेट,2027-02-18,2024-06-12,2024-03-05,20,TI1380AAA2425,BMKV240004,05AAECK5765H1ZE,30049011,KANHA JI DISTRIBUTORS,file1_2024-2025,1249.92,1116.0,55.8,6.0,6.0,0,12,66.96,66.96,0.0,1249.92
MUNAKKA RAISIN 250 GM (MONO),मुनक्का किशमिश 250 ग्राम,2024-11-24,2024-06-12,2024-05-28,2,TI1380AAA2425,AARU240008,05AAECK5765H1ZE,8062090,KANHA JI DISTRIBUTORS,file1_2024-2025,480.04,457.18095238095236,228.59047619047618,2.5,2.5,0,5,11.42952380952381,11.42952380952381,0.0,480.03999999999996
DIVYA ASHWAGANDHA CHURNA - 100 GM,दिव्य अश्वगंधा चूर्ण 100 ग्राम,2026-03-05,2024-06-12,2024-03-15,25,TI1380AAA2425,AAGC240026,05AAECK5765H1ZE,30049011,KANHA JI DISTRIBUTORS,file1_2024-2025,1770.83,1686.5047619047618,67.46019047619048,2.5,2.5,0,5,42.162619047619046,42.162619047619046,0.0,1770.83
Divya Arshkalp Vati 40 Tab,दिव्य अर्शकल्प वटी 40 टैबलेट,2027-01-18,2024-06-12,2024-02-03,20,TI1380AAA2425,BAKV240028,05AAECK5765H1ZE,30049011,KANHA JI DISTRIBUTORS,file1_2024-2025,749.95,669.5982142857142,33.47991071428571,6.0,6.0,0,12,40.175892857142856,40.175892857142856,0.0,749.9499999999998
GILOY GHAN VATI 60 PC (NEW),गिलोय घन वटी 60 नग (नया),2026-04-14,2024-06-12,2024-04-24,24,TI1380AAA2425,AAI2400029,05AAECK5765H1ZE,30049011,KANHA JI DISTRIBUTORS,file1_2024-2025,1899.07,1695.598214285714,70.64992559523809,6.0,6.0,0,12,101.73589285714284,101.73589285714284,0.0,1899.0699999999995
DIVYA JATYADI TAILA 100 ML - T,दिव्य जात्यादि तैल 100 मि.ली.,2027-01-20,2024-06-12,2024-02-05,25,TI1380AAA2425,BJYT240004,05AAECK5765H1ZE,30049011,KANHA JI DISTRIBUTORS,file1_2024-2025,2500.05,2381.0,95.24,2.5,2.5,0,5,59.525,59.525,0.0,2500.05
SOYA CHUNKS 220 GM - T,सोया चंक्स 220 ग्राम,2025-05-04,2024-06-12,2024-05-09,20,TI1380AAA2425,SCP240002,05AAECK5765H1ZE,21061000,KANHA JI DISTRIBUTORS,file1_2024-2025,928.03,828.5982142857142,41.42991071428571,6.0,6.0,0,12,49.715892857142855,49.715892857142855,0.0,928.03
ADVANCE DANT KANTI MANJAN - 100 GM,एडवांस दंत कान्ति मंजन 100 ग्राम,2025-10-21,2024-06-12,2024-04-29,20,TI1380AAA2425,AMC2400007,05AAECK5765H1ZE,33061010,KANHA JI DISTRIBUTORS,file1_2024-2025,1897.73,1694.4017857142856,84.72008928571428,6.0,6.0,0,12,101.66410714285713,101.66410714285713,0.0,1897.7299999999998
NAMKEEN CLASSIC PEANUT 35 GM - T,नमकीन क्लासिक मूंगफली 35 ग्राम,2024-09-02,2024-06-12,2024-05-05,20,TI1380AAA2425,FB05705E24,05AAECK5765H1ZE,21069099,KANHA JI DISTRIBUTORS,file1_2024-2025,151.87,135.59821428571428,6.779910714285714,6.0,6.0,0,12,8.135892857142856,8.135892857142856,0.0,151.87
NAMKEEN HING CHANA 35 GM (300 PC) - T,नमकीन हींग चना 35 ग्राम (300 नग),2024-11-02,2024-06-12,2024-05-06,10,TI1380AAA2425,UK07506E24,05AAECK5765H1ZE,21069099,KANHA JI DISTRIBUTORS,file1_2024-2025,75.94,67.80357142857142,6.780357142857142,6.0,6.0,0,12,4.068214285714285,4.068214285714285,0.0,75.94
KARELA JAMUN 50-50 JUICE - 500 ML,करेला-जामुन 50-50 रस 500 मि.ली.,2025-05-30,2024-06-12,2024-05-30,1,TI1381AAA2425,ABPB240008,05AAECK5765H1ZE,30049011,KANHA JI DISTRIBUTORS,file1_2024-2025,1424.24,1271.642857142857,1271.642857142857,6.0,6.0,0,12,76.29857142857144,76.29857142857144,0.0,1424.24
ATTA DOODH RUSK 300 GM - T,आटा दूध रस्क 300 ग्राम,2024-08-11,2024-06-12,2024-03-14,1,TI1381AAA2425,CI24/SG,05AAECK5765H1ZE,19054000,KANHA JI DISTRIBUTORS,file1_2024-2025,960.12,914.4,914.4,2.5,2.5,0,5,22.86,22.86,0.0,960.12
ATTA DOODH RUSK 182 G - T,आटा दूध रस्क 182 ग्राम,2024-09-17,2024-06-12,2024-04-20,1,TI1381AAA2425,DO24/SGB,05AAECK5765H1ZE,19054000,KANHA JI DISTRIBUTORS,file1_2024-2025,768.1,731.5238095238095,731.5238095238095,2.5,2.5,0,5,18.288095238095238,18.288095238095238,0.0,768.1
CREAMFEAST ELAICHI BISCUIT 35 GM,क्रीमफीस्ट इलायची बिस्किट 35 ग्राम,2024-12-01,2024-06-12,2024-06-04,1,TI1381AAA2425,F424/BP1,05AAECK5765H1ZE,19053100,KANHA JI DISTRIBUTORS,file1_2024-2025,584.52,495.35593220338984,495.35593220338984,9.0,9.0,0,18,44.58203389830509,44.58203389830509,0.0,584.52
HERBAL WASH DETERGENT CAKE-145G(Rs.10/-),हर्बल वॉश डिटर्जेंट केक 145 ग्राम (₹10/-),2027-04-02,2024-06-12,2024-04-02,3,TI1381AAA2425,ABOY240011,05AAECK5765H1ZE,34029011,KANHA JI DISTRIBUTORS,file1_2024-2025,1706.26,1445.9830508474577,481.99435028248587,9.0,9.0,0,18,130.1384745762712,130.1384745762712,0.0,1706.26
HERBAL WASH DETERGENT CAKE-225 G,हर्बल वॉश डिटर्जेंट केक 225 ग्राम,2027-02-26,2024-06-12,2024-02-27,2,TI1381AAA2425,ABOX240003,05AAECK5765H1ZE,34029011,KANHA JI DISTRIBUTORS,file1_2024-2025,1579.87,1338.8728813559321,669.4364406779661,9.0,9.0,0,18,120.49855932203388,120.49855932203388,0.0,1579.87
AMRIT RASAYAN 1 KG,अमृत रसायन 1 किग्रा,2027-04-28,2024-06-12,2024-05-13,1,TI1381AAA2425,ADD2400006,05AAECK5765H1ZE,30049011,KANHA JI DISTRIBUTORS,file1_2024-2025,2658.7,2373.8392857142853,2373.8392857142853,6.0,6.0,0,12,142.43035714285713,142.43035714285713,0.0,2658.7
NAVRATNA ATTA 2 KG,नवरत्न आटा 2 किग्रा,2024-11-03,2024-06-12,2024-05-07,1,TI1381AAA2425,AHV2400018,05AAECK5765H1ZE,11010000,KANHA JI DISTRIBUTORS,file1_2024-2025,2933.49,2793.7999999999997,2793.7999999999997,2.5,2.5,0,5,69.84499999999998,69.84499999999998,0.0,2933.4899999999993
KARELA AMLA JUICE 500 ML,करेला-आंवला रस 500 मि.ली.,2025-05-09,2024-06-12,2024-05-09,1,TI1381AAA2425,PGC2400010,05AAECK5765H1ZE,30049011,KANHA JI DISTRIBUTORS,file1_2024-2025,712.19,635.8839285714286,635.8839285714286,6.0,6.0,0,12,38.153035714285714,38.153035714285714,0.0,712.1899999999999
JAMUN VINEGAR 500 ML,जामुन का सिरका 500 मि.ली.,2025-05-08,2024-06-12,2024-05-08,1,TI1381AAA2425,AGB2400009,05AAECK5765H1ZE,22090090,KANHA JI DISTRIBUTORS,file1_2024-2025,757.98,642.3559322033899,642.3559322033899,9.0,9.0,0,18,57.81203389830509,57.81203389830509,0.0,757.9800000000001
SUPER DISH WASH BAR PACK OF 4 @ Rs. 30/-,सुपर डिश वॉश बार पैक (4 नग) ₹30/-,2027-05-23,2024-06-12,2024-05-23,2,TI1381AAA2425,ABOU240006,05AAECK5765H1ZE,34011941,KANHA JI DISTRIBUTORS,file1_2024-2025,1186.22,1005.2711864406781,502.63559322033905,9.0,9.0,0,18,90.47440677966102,90.47440677966102,0.0,1186.22
SUPER DISHWASH BAR-RS10/- (T.O. FREE 3N),सुपर डिशवॉश बार ₹10/- (ट्रेड ऑफर फ्री 3 नग),2027-05-15,2024-06-12,2024-05-15,2,TI1381AAA2425,AAXY240102,05AAECK5765H1ZE,34011941,KANHA JI DISTRIBUTORS,file1_2024-2025,1031.05,873.771186440678,436.885593220339,9.0,9.0,0,18,78.63940677966102,78.63940677966102,0.0,1031.05
MANGO PANNA 750 ML,आम पन्ना 750 मि.ली.,2025-05-14,2024-06-12,2024-05-14,1,TI1381AAA2425,AGO2400007,05AAECK5765H1ZE,21069011,KANHA JI DISTRIBUTORS,file1_2024-2025,1225.12,1038.2372881355932,1038.2372881355932,9.0,9.0,0,18,93.4413559322034,93.4413559322034,0.0,1225.12
MIXED FRUITS BEVERAGE (TETRAPACK) 1000ML,मिश्रित फलों का पेय (टेट्रापैक) 1000 मि.ली.,2024-10-27,2024-06-12,2024-04-30,1,TI1381AAA2425,PDBEW24006,05AAECK5765H1ZE,22029020,KANHA JI DISTRIBUTORS,file1_2024-2025,1023.3,913.6607142857141,913.6607142857141,6.0,6.0,0,12,54.819642857142846,54.819642857142846,0.0,1023.2999999999998
GONYLE FLOOR CLEANER - 1 LTR,गोनाइल फ्लोर क्लीनर 1 लीटर,2025-05-23,2024-06-12,2024-05-28,1,TI1381AAA2425,1501/24-25,05AAECK5765H1ZE,38084000,KANHA JI DISTRIBUTORS,file1_2024-2025,618.63,524.2627118644068,524.2627118644068,9.0,9.0,0,18,47.183644067796614,47.183644067796614,0.0,618.6300000000001
CHANA DAL 1000 GM (R1),चना दाल 1000 ग्राम,2025-02-11,2024-06-19,2024-05-17,1,TI1501AAA2425,BPRCD24012,05AAECK5765H1ZE,7139010,KANHA JI DISTRIBUTORS,file1_2024-2025,986.9,939.9047619047618,939.9047619047618,2.5,2.5,0,5,23.497619047619047,23.497619047619047,0.0,986.9
SENDHA NAMAK 1 KG - T,सेंधा नमक 1 किग्रा,2026-02-19,2024-06-19,2024-03-01,1,TI1501AAA2425,SRS24,05AAECK5765H1ZE,25010010,KANHA JI DISTRIBUTORS,file1_2024-2025,1009.0,1009.0,1009.0,0.0,0.0,0,0,0.0,0.0,0.0,1009.0
REETHA POWDER 100 G,रीठा पाउडर 100 ग्राम,2026-04-22,2024-06-19,2024-04-22,1,TI1501AAA2425,ABNY240006,05AAECK5765H1ZE,12119029,KANHA JI DISTRIBUTORS,file1_2024-2025,1099.98,1047.6,1047.6,2.5,2.5,0,5,26.19,26.19,0.0,1099.98
KESH KANTI REETHA HAIR CLEANSER 180 ML,केश कान्ति रीठा हेयर क्लींज़र 180 मि.ली.,2026-03-30,2024-06-19,2024-04-09,1,TI1501AAA2425,ABAB240006,05AAECK5765H1ZE,33051090,KANHA JI DISTRIBUTORS,file1_2024-2025,3344.98,2834.728813559322,2834.728813559322,9.0,9.0,0,18,255.125593220339,255.125593220339,0.0,3344.98
MUSTARD OIL 1 L (P)-T,सरसों का तेल 1 लीटर,2025-05-28,2024-06-19,2024-06-02,2,TI1501AAA2425,O2B2400017,05AAECK5765H1ZE,15149920,KANHA JI DISTRIBUTORS,file1_2024-2025,3232.4,3078.4761904761904,1539.2380952380952,2.5,2.5,0,5,76.96190476190476,76.96190476190476,0.0,3232.4
HERBAL HANDWASH (ANTI BACTERIAL) 250 ML,हर्बल हैंडवॉश (एंटी बैक्टीरियल) 250 मि.ली.,2026-05-18,2024-06-19,2024-05-18,1,TI1501AAA2425,ABF2400014,05AAECK5765H1ZE,34013019,KANHA JI DISTRIBUTORS,file1_2024-2025,1363.62,1155.6101694915253,1155.6101694915253,9.0,9.0,0,18,104.00491525423728,104.00491525423728,0.0,1363.6199999999997
POHA 1 KG -T,पोहा 1 किग्रा,2024-11-13,2024-06-19,2024-05-17,1,TI1501AAA2425,BPRP170524,05AAECK5765H1ZE,19041020,KANHA JI DISTRIBUTORS,file1_2024-2025,1473.15,1403.0,1403.0,2.5,2.5,0,5,35.075,35.075,0.0,1473.15
WHITE LILY ADVANCE BEAUTY BAR-75 G,व्हाइट लिली एडवांस ब्यूटी बार 75 ग्राम,2026-04-29,2024-06-19,2024-04-29,1,TI1501AAA2425,ABSH240001,05AAECK5765H1ZE,34011941,KANHA JI DISTRIBUTORS,file1_2024-2025,4449.06,3770.389830508475,3770.389830508475,9.0,9.0,0,18,339.33508474576274,339.33508474576274,0.0,4449.0599999999995
TRADITIONAL WHOLE WHEAT ATTA 10 KG(UK),पारंपरिक गेहूं का आटा 10 किग्रा (यूके),2024-10-09,2024-06-19,2024-06-11,1,TI1501AAA2425,PDBKP24012,05AAECK5765H1ZE,11010000,KANHA JI DISTRIBUTORS,file1_2024-2025,1838.66,1751.104761904762,1751.104761904762,2.5,2.5,0,5,43.77761904761905,43.77761904761905,0.0,1838.66
TRADITIONAL WHOLE WHEAT ATTA 5 KG(UK),पारंपरिक गेहूं का आटा 5 किग्रा (यूके),2024-09-13,2024-06-19,2024-05-16,1,TI1501AAA2425,PDBKQ24010,05AAECK5765H1ZE,11010000,KANHA JI DISTRIBUTORS,file1_2024-2025,1542.66,1469.2,1469.2,2.5,2.5,0,5,36.73,36.73,0.0,1542.66
GULAB SHARBAT 750 ML,गुलाब शरबत 750 मि.ली.,2025-06-07,2024-06-19,2024-06-07,1,TI1501AAA2425,AGK2400039,05AAECK5765H1ZE,21069011,KANHA JI DISTRIBUTORS,file1_2024-2025,1026.76,870.135593220339,870.135593220339,9.0,9.0,0,18,78.31220338983051,78.31220338983051,0.0,1026.76
DIVYA THYROGRIT TABLET 60 N - T,दिव्य थायरोग्रिट टैबलेट 60 नग,2027-03-26,2024-06-19,2024-04-10,20,TI1501AAA2425,BTGT240006,05AAECK5765H1ZE,30049011,KANHA JI DISTRIBUTORS,file1_2024-2025,4999.9,4464.1964285714275,223.2098214285714,6.0,6.0,0,12,267.85178571428565,267.85178571428565,0.0,4999.9
BOROSAFE ANTISEPTIC 50 GM CREAM,बोरोज़सेफ एंटीसेप्टिक क्रीम 50 ग्राम,2026-01-17,2024-06-19,2024-01-28,12,TI1501AAA2425,AJG2400001,05AAECK5765H1ZE,33049910,KANHA JI DISTRIBUTORS,file1_2024-2025,418.18,354.3898305084746,29.532485875706215,9.0,9.0,0,18,31.89508474576271,31.89508474576271,0.0,418.17999999999995
SHEETAL HAIR OIL - 50 ML,शीतल हेयर ऑयल 50 मि.ली.,2025-01-09,2024-06-19,2023-01-20,10,TI1501AAA2425,A2K2300001,05AAECK5765H1ZE,33059011,KANHA JI DISTRIBUTORS,file1_2024-2025,294.65,249.70338983050846,24.970338983050844,9.0,9.0,0,18,22.47330508474576,22.47330508474576,0.0,294.65
SWARNA KANTI CREAM-15 G,स्वर्ण कान्ति क्रीम 15 ग्राम,2026-02-11,2024-06-19,2024-02-22,3,TI1501AAA2425,ALK2400001,05AAECK5765H1ZE,33049910,KANHA JI DISTRIBUTORS,file1_2024-2025,926.88,785.4915254237288,261.8305084745763,9.0,9.0,0,18,70.6942372881356,70.6942372881356,0.0,926.88
SWET MUSHLI CHURNA 100G (Ayu.Medicine),श्वेत मूसली चूर्ण 100 ग्राम (आयुर्वेदिक औषधि),2026-03-21,2024-06-19,2024-03-21,6,TI1501AAA2425,ABFF240019,05AAECK5765H1ZE,30049011,KANHA JI DISTRIBUTORS,file1_2024-2025,2261.2,2153.523809523809,358.9206349206349,2.5,2.5,0,5,53.83809523809523,53.83809523809523,0.0,2261.2
DIVYA ANU TAILA 20 ML (120 PCS) -T,दिव्य अनुतैल 20 मि.ली. (120 नग),2027-01-21,2024-06-19,2024-02-06,20,TI1501AAA2425,BANT240008,05AAECK5765H1ZE,30049011,KANHA JI DISTRIBUTORS,file1_2024-2025,666.75,635.0,31.75,2.5,2.5,0,5,15.875,15.875,0.0,666.75
Divya Gulab Jal 120 ml-DUP,दिव्य गुलाब जल 120 मि.ली.,2025-04-05,2024-06-19,2024-04-10,30,TI1501AAA2425,BGLJ240032,05AAECK5765H1ZE,33030020,KANHA JI DISTRIBUTORS,file1_2024-2025,875.09,741.6016949152543,24.720056497175143,9.0,9.0,0,18,66.74415254237289,66.74415254237289,0.0,875.0899999999999
Chitrakadi Vati 60 Tab,चित्रकादि वटी 60 टैबलेट,2027-03-21,2024-06-19,2024-04-05,20,TI1501AAA2425,BCKV240009,05AAECK5765H1ZE,30049011,KANHA JI DISTRIBUTORS,file1_2024-2025,1000.02,952.4,47.62,2.5,2.5,0,5,23.81,23.81,0.0,1000.0199999999999
DIVYA DHARA 10 ML (800 PC),दिव्य धारा 10 मि.ली. (800 नग),2027-02-28,2024-06-19,2024-03-15,20,TI1501AAA2425,ADYD240006,05AAECK5765H1ZE,30049011,KANHA JI DISTRIBUTORS,file1_2024-2025,749.95,669.5982142857142,33.47991071428571,6.0,6.0,0,12,40.175892857142856,40.175892857142856,0.0,749.9499999999998
DALIA 500 G,दलिया 500 ग्राम,2024-10-18,2024-07-10,2024-06-20,1,TI1867AAA2425,PDCS240172,05AAECK5765H1ZE,11031900,KANHA JI DISTRIBUTORS,file1_2024-2025,870.03,828.5999999999999,828.5999999999999,2.5,2.5,0,5,20.715,20.715,0.0,870.03
HONEY 500 G,शहद 500 ग्राम,2025-09-09,2024-07-10,2024-03-18,1,TI1867AAA2425,BCM2400018,05AAECK5765H1ZE,4090000,KANHA JI DISTRIBUTORS,file1_2024-2025,3358.95,3198.9999999999995,3198.9999999999995,2.5,2.5,0,5,79.975,79.975,0.0,3358.9499999999994
DISHWASH BAR-600G (500G+100G)+SCRUB PAD,डिशवॉश बार 600 ग्राम (500+100 ग्राम) + स्क्रब पैड,2027-06-10,2024-07-10,2024-06-10,1,TI1867AAA2425,AAYX240023,05AAECK5765H1ZE,34011990,KANHA JI DISTRIBUTORS,file1_2024-2025,1173.3,994.3220338983051,994.3220338983051,9.0,9.0,0,18,89.48898305084745,89.48898305084745,0.0,1173.3000000000002
SESAME OIL 1 L (B)-T,तिल का तेल 1 लीटर,2025-03-02,2024-07-10,2024-06-05,1,TI1867AAA2425,JACQ240029,05AAECK5765H1ZE,15155091,KANHA JI DISTRIBUTORS,file1_2024-2025,3377.93,3217.0761904761903,3217.0761904761903,2.5,2.5,0,5,80.42690476190475,80.42690476190475,0.0,3377.9299999999994
SPECIAL CHYAWANPRASH 1 KG,विशेष च्यवनप्राश 1 किग्रा,2026-06-25,2024-07-10,2023-07-11,1,TI1867AAA2425,ACZ2300008,05AAECK5765H1ZE,30049011,KANHA JI DISTRIBUTORS,file1_2024-2025,2928.65,2614.866071428571,2614.866071428571,6.0,6.0,0,12,156.89196428571427,156.89196428571427,0.0,2928.6499999999996
ALOEVERA JUICE 1 L (FIBRE),एलोवेरा रस (फाइबर युक्त) 1 लीटर,2025-03-01,2024-07-10,2024-06-04,2,TI1867AAA2425,PGD2400236,05AAECK5765H1ZE,30049011,KANHA JI DISTRIBUTORS,file1_2024-2025,3537.53,3158.5089285714284,1579.2544642857142,6.0,6.0,0,12,189.51053571428574,189.51053571428574,0.0,3537.5299999999997
NARIYAL BISCUIT 75 GM,नारियल बिस्किट 75 ग्राम,2024-12-07,2024-07-10,2024-06-10,1,TI1867AAA2425,FE24/AV9,05AAECK5765H1ZE,19053100,KANHA JI DISTRIBUTORS,file1_2024-2025,853.14,723.0,723.0,9.0,9.0,0,18,65.07,65.07,0.0,853.1399999999999
TRADITIONAL WHOLE WHEAT ATTA 10 KG(UK),पारंपरिक गेहूं का आटा 10 किग्रा (यूके),2024-10-19,2024-07-10,2024-06-21,2,TI1867AAA2425,PDBKP24013,05AAECK5765H1ZE,11010000,KANHA JI DISTRIBUTORS,file1_2024-2025,3677.31,3502.2,1751.1,2.5,2.5,0,5,87.555,87.555,0.0,3677.3099999999995
MUSTARD OIL 1 L (P)-T,सरसों का तेल 1 लीटर,2025-06-15,2024-07-10,2024-06-20,1,TI1867AAA2425,O2B2400020,05AAECK5765H1ZE,15149920,KANHA JI DISTRIBUTORS,file1_2024-2025,1630.82,1553.1619047619047,1553.1619047619047,2.5,2.5,0,5,38.829047619047614,38.829047619047614,0.0,1630.8199999999997
RICE BRAN OIL 1 LTR (P),चावल की भूसी का तेल 1 लीटर,2025-02-01,2024-07-10,2024-05-07,1,TI1867AAA2425,ORE2400030,05AAECK5765H1ZE,15159040,KANHA JI DISTRIBUTORS,file1_2024-2025,1359.04,1294.3238095238094,1294.3238095238094,2.5,2.5,0,5,32.35809523809523,32.35809523809523,0.0,1359.04
FORTIFIED SUNFLOWER OIL 1 LTR (P) - T,फोर्टिफाइड सूरजमुखी तेल 1 लीटर,2025-02-22,2024-07-10,2024-05-28,1,TI1867AAA2425,BR2A240028,05AAECK5765H1ZE,15121910,KANHA JI DISTRIBUTORS,file1_2024-2025,1346.56,1282.4380952380952,1282.4380952380952,2.5,2.5,0,5,32.06095238095238,32.06095238095238,0.0,1346.56
DIVYA SWASARI PRAVAHI - 250 ML - T,दिव्य स्वासारी प्रवाही 250 मि.ली.,2027-02-18,2024-07-10,2024-03-05,1,TI1867AAA2425,BSSP240023,05AAECK5765H1ZE,30049011,KANHA JI DISTRIBUTORS,file1_2024-2025,2606.46,2327.1964285714284,2327.1964285714284,6.0,6.0,0,12,139.6317857142857,139.6317857142857,0.0,2606.46
HALDI CH. KANTI BODY CLEANSER-45G(216U),हल्दी चंदन कान्ति बॉडी क्लीन्ज़र 45 ग्राम (216 नग),2026-02-04,2024-07-10,2024-02-05,1,TI1867AAA2425,AAVV240005,05AAECK5765H1ZE,34011941,KANHA JI DISTRIBUTORS,file1_2024-2025,1794.36,1520.6440677966102,1520.6440677966102,9.0,9.0,0,18,136.8579661016949,136.8579661016949,0.0,1794.3600000000001
DIVYA GODHAN ARK - 450ML,दिव्य गोधन अर्क 450 मि.ली.,2025-04-05,2024-07-10,2024-04-10,1,TI1867AAA2425,AGDA240018,05AAECK5765H1ZE,30049011,KANHA JI DISTRIBUTORS,file1_2024-2025,833.28,743.9999999999999,743.9999999999999,6.0,6.0,0,12,44.63999999999999,44.63999999999999,0.0,833.2799999999999
SUPER STEEL SCRUB - T,सुपर स्टील स्क्रब,2029-02-12,2024-07-10,2024-03-10,1,TI1867AAA2425,202403,05AAECK5765H1ZE,73231000,KANHA JI DISTRIBUTORS,file1_2024-2025,1289.27,1092.6016949152543,1092.6016949152543,9.0,9.0,0,18,98.33415254237289,98.33415254237289,0.0,1289.2700000000002
SUPER DISHWASH SCRUB PAD Rs 10/- T,सुपर डिशवॉश स्क्रब पैड ₹10/-,2029-02-27,2024-07-10,2024-03-25,1,TI1867AAA2425,IL21,05AAECK5765H1ZE,39249090,KANHA JI DISTRIBUTORS,file1_2024-2025,1529.28,1296.0,1296.0,9.0,9.0,0,18,116.64,116.64,0.0,1529.2800000000002
SOYAVITA MASALA SOYA KATORI 60 GM -T,सोयाविटा मसाला सोया कटोरी 60 ग्राम,2025-01-31,2024-07-10,2024-05-06,1,TI1867AAA2425,UK12406E24,05AAECK5765H1ZE,21069099,KANHA JI DISTRIBUTORS,file1_2024-2025,637.95,569.5982142857142,569.5982142857142,6.0,6.0,0,12,34.175892857142856,34.175892857142856,0.0,637.9499999999998
SOYAVITA MASALA SOYA KATORI 27 GM -T,सोयाविटा मसाला सोया कटोरी 27 ग्राम,2024-11-25,2024-07-10,2024-02-29,1,TI1867AAA2425,UK12029B24,05AAECK5765H1ZE,21069099,KANHA JI DISTRIBUTORS,file1_2024-2025,1148.31,1025.2767857142856,1025.2767857142856,6.0,6.0,0,12,61.51660714285714,61.51660714285714,0.0,1148.3099999999997
UBTAN FACEWASH 100G (TO. BUY 2GET1 FREE),उबटन फेसवॉश 100 ग्राम (खरीदो 2 पाओ 1 मुफ्त),2026-05-30,2024-07-10,2024-05-30,1,TI1867AAA2425,ABSN240001,05AAECK5765H1ZE,34013090,KANHA JI DISTRIBUTORS,file1_2024-2025,5432.53,4603.838983050848,4603.838983050848,9.0,9.0,0,18,414.34550847457626,414.34550847457626,0.0,5432.530000000001
AAROGYA BISCUIT 75 GM,आरोग्य बिस्किट 75 ग्राम,2024-11-30,2024-07-10,2024-06-03,1,TI1867AAA2425,F324/BP1,05AAECK5765H1ZE,19053100,KANHA JI DISTRIBUTORS,file1_2024-2025,853.14,723.0,723.0,9.0,9.0,0,18,65.07,65.07,0.0,853.1399999999999
SOOJI - 500 GM,सूजी 500 ग्राम,2024-10-16,2024-07-10,2024-06-18,1,TI1867AAA2425,PDR8240038,05AAECK5765H1ZE,11010000,KANHA JI DISTRIBUTORS,file1_2024-2025,868.77,827.4,827.4,2.5,2.5,0,5,20.685,20.685,0.0,868.7699999999999
SABZI MASALA 100 GM (30 pcs),सब्जी मसाला 100 ग्राम (30 नग),2025-05-09,2024-07-10,2024-05-09,1,TI1867AAA2425,AFI2400015,05AAECK5765H1ZE,9109100,KANHA JI DISTRIBUTORS,file1_2024-2025,1359.69,1294.942857142857,1294.942857142857,2.5,2.5,0,5,32.373571428571424,32.373571428571424,0.0,1359.69
HALDI CHANDAN KANTI BODY CLN-(4X1) 75 GM,हल्दी-चंदन कान्ति बॉडी क्लीन्ज़र (4×1) 75 ग्राम,2026-02-28,2024-07-10,2024-02-01,1,TI1867AAA2425,ASY2400007,05AAECK5765H1ZE,34011941,KANHA JI DISTRIBUTORS,file1_2024-2025,2441.33,2068.9237288135596,2068.9237288135596,9.0,9.0,0,18,186.20313559322037,186.20313559322037,0.0,2441.3300000000004
NEEM KANTI BODY CLN.75G-C.O B4G1 FREE,नीम कान्ति बॉडी क्लीन्ज़र 75 ग्राम (खरीदो 4 पाओ 1 मुफ्त),2026-06-18,2024-07-10,2024-06-18,1,TI1867AAA2425,ABRO240013,05AAECK5765H1ZE,34011941,KANHA JI DISTRIBUTORS,file1_2024-2025,2637.16,2234.8813559322034,2234.8813559322034,9.0,9.0,0,18,201.1393220338983,201.1393220338983,0.0,2637.16
SUPER DISHWASH BAR-225 G B3G1 FREE,सुपर डिशवॉश बार 225 ग्राम (खरीदो 3 पाओ 1 मुफ्त),2027-06-08,2024-07-10,2024-06-08,2,TI1867AAA2425,AAXW240035,05AAECK5765H1ZE,34011990,KANHA JI DISTRIBUTORS,file1_2024-2025,1346.9,1141.440677966102,570.720338983051,9.0,9.0,0,18,102.72966101694918,102.72966101694918,0.0,1346.9000000000003
COWS GHEE 1 L - T,गाय का घी 1 लीटर,2025-03-19,2024-07-10,2024-06-22,5,TI1867AAA2425,FAWC240079,05AAECK5765H1ZE,4059020,KANHA JI DISTRIBUTORS,file1_2024-2025,45954.72,41031.0,8206.2,6.0,6.0,0,12,2461.86,2461.86,0.0,45954.72
GILOY JUICE 500 ML,गिलोय रस 500 मि.ली.,2025-03-21,2024-07-10,2024-03-21,1,TI1867AAA2425,PFY2400008,05AAECK5765H1ZE,30049011,KANHA JI DISTRIBUTORS,file1_2024-2025,861.37,769.0803571428571,769.0803571428571,6.0,6.0,0,12,46.14482142857143,46.14482142857143,0.0,861.3699999999999
COWS GHEE 500 ML - T,गाय का घी 500 मि.ली.,2025-03-04,2024-07-10,2024-06-07,1,TI1867AAA2425,FAWD240023,05AAECK5765H1ZE,4059020,KANHA JI DISTRIBUTORS,file1_2024-2025,9812.88,8761.499999999998,8761.499999999998,6.0,6.0,0,12,525.6899999999998,525.6899999999998,0.0,9812.88
SAMAK RICE 500 GM,सामक चावल 500 ग्राम,2025-06-13,2024-07-10,2024-06-18,1,TI1867AAA2425,AANF240016,05AAECK5765H1ZE,10063090,KANHA JI DISTRIBUTORS,file1_2024-2025,1279.53,1218.6,1218.6,2.5,2.5,0,5,30.465,30.465,0.0,1279.5299999999997
HIGH KICK KRACKER BISCUIT 200GM,हाई किक क्रैकर बिस्किट 200 ग्राम,2024-08-27,2024-07-10,2024-02-29,1,TI1867AAA2425,BB24/BP1,05AAECK5765H1ZE,19059020,KANHA JI DISTRIBUTORS,file1_2024-2025,578.58,490.32203389830516,490.32203389830516,9.0,9.0,0,18,44.12898305084747,44.12898305084747,0.0,578.5800000000002
CREAMFEAST ORANGE BISCUIT 120 GM,क्रीमफीस्ट ऑरेंज बिस्किट 120 ग्राम,2024-07-29,2024-07-10,2024-01-31,1,TI1867AAA2425,AF24/BP1,05AAECK5765H1ZE,19053100,KANHA JI DISTRIBUTORS,file1_2024-2025,578.58,490.32203389830516,490.32203389830516,9.0,9.0,0,18,44.12898305084747,44.12898305084747,0.0,578.5800000000002
SOYAVITA SOYA KATORI 27 GM -T,सोयाविटा सोया कटोरी 27 ग्राम,2024-11-01,2024-07-10,2024-02-05,1,TI1867AAA2425,UK12105B24,05AAECK5765H1ZE,21069099,KANHA JI DISTRIBUTORS,file1_2024-2025,1148.31,1025.2767857142856,1025.2767857142856,6.0,6.0,0,12,61.51660714285714,61.51660714285714,0.0,1148.3099999999997
IODIZED NAMAK 1 KG (NEW) - T,आयोडीन युक्त नमक 1 किग्रा (नया),2026-03-22,2024-07-10,2024-04-01,1,TI1867AAA2425,BS24,05AAECK5765H1ZE,25010010,KANHA JI DISTRIBUTORS,file1_2024-2025,260.0,260.0,260.0,0.0,0.0,0,0,0.0,0.0,0.0,260.0
SOYAVITA SOYA KATORI 60 GM -T,सोयाविटा सोया कटोरी 60 ग्राम,2024-11-26,2024-07-10,2024-03-01,1,TI1867AAA2425,UK12501C24,05AAECK5765H1ZE,21069099,KANHA JI DISTRIBUTORS,file1_2024-2025,637.95,569.5982142857142,569.5982142857142,6.0,6.0,0,12,34.175892857142856,34.175892857142856,0.0,637.9499999999998
EVA YOGA MAT (6MM) - T,ईवा योगा मैट (6 मि.मी.),2026-05-22,2024-07-10,2024-06-01,10,TI1868AAA2425,23252614,05AAECK5765H1ZE,95069190,KANHA JI DISTRIBUTORS,file1_2024-2025,4992.34,4230.796610169492,423.0796610169492,9.0,9.0,0,18,380.7716949152543,380.7716949152543,0.0,4992.340000000001
MIX DRY FRUITS WITH BERRIES & SEED 500 G,मिक्स ड्राई फ्रूट्स विद बेरीज़ एंड सीड 500 ग्राम,2024-12-23,2024-07-10,2024-06-26,6,TI1868AAA2425,ABOK240007,05AAECK5765H1ZE,8135020,KANHA JI DISTRIBUTORS,file1_2024-2025,2454.55,2191.5625,365.2604166666667,6.0,6.0,0,12,131.49375,131.49375,0.0,2454.55
PATANJALI DARK SOYA SAUCE 200G,पतंजलि डार्क सोया सॉस 200 ग्राम,2025-12-10,2024-07-10,2024-06-18,12,TI1868AAA2425,ABGA240002,05AAECK5765H1ZE,21031000,KANHA JI DISTRIBUTORS,file1_2024-2025,499.97,446.4017857142857,37.20014880952381,6.0,6.0,0,12,26.784107142857142,26.784107142857142,0.0,499.96999999999997
RAW PEANUTS 500 GM (10 PCS),कच्ची मूंगफली 500 ग्राम (10 नग),2024-12-11,2024-07-10,2024-06-14,5,TI1868AAA2425,ABVQ240001,05AAECK5765H1ZE,12024210,KANHA JI DISTRIBUTORS,file1_2024-2025,493.34,469.847619047619,93.96952380952379,2.5,2.5,0,5,11.746190476190474,11.746190476190474,0.0,493.3399999999999
ROASTED DIET-FLAXSEED BLCK SALT 150 GM-T,रोस्टेड डाइट फ्लैक्ससीड ब्लैक सॉल्ट 150 ग्राम,2024-09-09,2024-07-10,2024-03-13,15,TI1868AAA2425,FSA0730124,05AAECK5765H1ZE,21069099,KANHA JI DISTRIBUTORS,file1_2024-2025,777.67,694.3482142857142,46.28988095238095,6.0,6.0,0,12,41.660892857142855,41.660892857142855,0.0,777.6699999999998
DIVYA DHARA 10 ML (800 PC),दिव्य धारा 10 मि.ली. (800 नग),2027-02-28,2024-07-10,2024-03-15,30,TI1868AAA2425,ADYD240006,05AAECK5765H1ZE,30049011,KANHA JI DISTRIBUTORS,file1_2024-2025,1124.93,1004.4017857142857,33.48005952380952,6.0,6.0,0,12,60.264107142857135,60.264107142857135,0.0,1124.9299999999998
Sanjeevani Vati 80 Tab,संजीवनी वटी 80 टैबलेट,2027-01-05,2024-07-10,2024-01-21,20,TI1868AAA2425,BSJV240003,05AAECK5765H1ZE,30049011,KANHA JI DISTRIBUTORS,file1_2024-2025,749.91,714.1999999999999,35.709999999999994,2.5,2.5,0,5,17.854999999999997,17.854999999999997,0.0,749.91
KESH KANTI HERBAL MEHANDI (DARK BROWN)-T,केश कान्ति हर्बल मेहंदी (डार्क ब्राउन),2025-03-27,2024-07-10,2024-04-01,40,TI1868AAA2425,ADBR240024,05AAECK5765H1ZE,33059090,KANHA JI DISTRIBUTORS,file1_2024-2025,636.73,539.6016949152543,13.490042372881357,9.0,9.0,0,18,48.56415254237289,48.56415254237289,0.0,636.73
Dalchini Churna 100 Gm,दालचीनी चूर्ण 100 ग्राम,2026-02-21,2024-07-10,2024-03-03,24,TI1868AAA2425,ADCC240014,05AAECK5765H1ZE,30049011,KANHA JI DISTRIBUTORS,file1_2024-2025,1300.07,1238.1619047619047,51.59007936507936,2.5,2.5,0,5,30.954047619047614,30.954047619047614,0.0,1300.0699999999997
Divya Udarkalp Churna 100 Gm,दिव्य उदरकल्प चूर्ण 100 ग्राम,2026-03-26,2024-07-10,2024-04-05,25,TI1868AAA2425,BUKC240014,05AAECK5765H1ZE,30049011,KANHA JI DISTRIBUTORS,file1_2024-2025,1354.08,1208.9999999999998,48.35999999999999,6.0,6.0,0,12,72.53999999999998,72.53999999999998,0.0,1354.0799999999997
GASHER CHURAN - 100 GM - T,गैशर चूर्ण 100 ग्राम,2026-03-26,2024-07-10,2024-04-05,25,TI1868AAA2425,BGHC240014,05AAECK5765H1ZE,30049011,KANHA JI DISTRIBUTORS,file1_2024-2025,2187.36,1953.0,78.12,6.0,6.0,0,12,117.18,117.18,0.0,2187.3599999999997
NAMKEEN HING CHANA 35 GM (300 PC) - T,नमकीन हींग चना 35 ग्राम (300 नग),2024-11-02,2024-07-10,2024-05-06,100,TI1868AAA2425,UK07506E24,05AAECK5765H1ZE,21069099,KANHA JI DISTRIBUTORS,file1_2024-2025,759.36,678.0,6.78,6.0,6.0,0,12,40.68,40.68,0.0,759.3599999999999
HERBAL HEALTH FOOD BAR 35GM - T,हर्बल हेल्थ फूड बार 35 ग्राम,2025-01-30,2024-07-10,2024-02-05,30,TI1868AAA2425,AU52400002,05AAECK5765H1ZE,17049090,KANHA JI DISTRIBUTORS,file1_2024-2025,731.36,619.7966101694916,20.65988700564972,9.0,9.0,0,18,55.78169491525425,55.78169491525425,0.0,731.36
GOLD TEA - 10 GM (RS.5) (MT) - T,गोल्ड टी 10 ग्राम (₹5),2025-01-18,2024-07-10,2024-01-19,30,TI1868AAA2425,BBNN240001,05AAECK5765H1ZE,9024090,KANHA JI DISTRIBUTORS,file1_2024-2025,128.21,122.1047619047619,4.07015873015873,2.5,2.5,0,5,3.052619047619048,3.052619047619048,0.0,128.21
OORJA TEA - 15 GM (RS.5) (MT) - T,ऊर्जा टी 15 ग्राम (₹5),2025-02-11,2024-07-10,2024-02-12,30,TI1868AAA2425,BBNB240002,05AAECK5765H1ZE,9024090,KANHA JI DISTRIBUTORS,file1_2024-2025,128.21,122.1047619047619,4.07015873015873,2.5,2.5,0,5,3.052619047619048,3.052619047619048,0.0,128.21
ATTA NOODLES CHATPATA-60 GM (96 PC) - T,आटा नूडल्स चटपटा 60 ग्राम (96 नग),2025-03-02,2024-08-08,2024-06-05,1,TI2351AAA2425,CH050624,05AAECK5765H1ZE,19022090,KANHA JI DISTRIBUTORS,file1_2024-2025,925.75,826.5624999999999,826.5624999999999,6.0,6.0,0,12,49.59374999999999,49.59374999999999,0.0,925.7499999999999
ATTA NOODLES DESI MASALA 60 GM (96 PC)-T,आटा नूडल्स देसी मसाला 60 ग्राम (96 नग),2025-04-08,2024-08-08,2024-07-12,1,TI2351AAA2425,DM120724,05AAECK5765H1ZE,19022090,KANHA JI DISTRIBUTORS,file1_2024-2025,925.75,826.5624999999999,826.5624999999999,6.0,6.0,0,12,49.59374999999999,49.59374999999999,0.0,925.7499999999999
NAVRATNA ATTA 2 KG,नवरत्न आटा 2 किग्रा,2024-12-22,2024-08-08,2024-06-25,1,TI2351AAA2425,AHV2400022,05AAECK5765H1ZE,11010000,KANHA JI DISTRIBUTORS,file1_2024-2025,2959.95,2818.9999999999995,2818.9999999999995,2.5,2.5,0,5,70.475,70.475,0.0,2959.9499999999994
DOODH BISCUIT 35 GM (200 PC),दूध बिस्किट 35 ग्राम (200 नग),2025-01-11,2024-08-08,2024-07-15,2,TI2351AAA2425,GJ24/AV9,05AAECK5765H1ZE,19053100,KANHA JI DISTRIBUTORS,file1_2024-2025,1703.92,1444.0000000000002,722.0000000000001,9.0,9.0,0,18,129.96,129.96,0.0,1703.9200000000003
DIGESTIVE COOKIES (WHOLE WHEAT) 250 GM,साबुत गेहूं डाइजेस्टिव कुकीज़ 250 ग्राम,2025-01-13,2024-08-08,2024-07-17,1,TI2351AAA2425,GL24/BP1,05AAECK5765H1ZE,19053100,KANHA JI DISTRIBUTORS,file1_2024-2025,803.34,680.7966101694916,680.7966101694916,9.0,9.0,0,18,61.271694915254244,61.271694915254244,0.0,803.34
RAGI COOKIES DIGESTIVE 200 GM,रागी डाइजेस्टिव कुकीज़ 200 ग्राम,2024-12-19,2024-08-08,2024-07-22,1,TI2351AAA2425,GO24/BP1,05AAECK5765H1ZE,19053100,KANHA JI DISTRIBUTORS,file1_2024-2025,1205.02,1021.2033898305085,1021.2033898305085,9.0,9.0,0,18,91.90830508474578,91.90830508474578,0.0,1205.02
CORIANDER POWDER 500 GM,धनिया पाउडर 500 ग्राम,2025-07-17,2024-08-08,2024-07-17,1,TI2351AAA2425,ALE2400007,05AAECK5765H1ZE,9092200,KANHA JI DISTRIBUTORS,file1_2024-2025,1118.03,1064.790476190476,1064.790476190476,2.5,2.5,0,5,26.619761904761898,26.619761904761898,0.0,1118.0299999999997
BESAN 500 G,बेसन 500 ग्राम,2024-12-14,2024-08-08,2024-07-17,1,TI2351AAA2425,PDCR240086,05AAECK5765H1ZE,11061090,KANHA JI DISTRIBUTORS,file1_2024-2025,1109.81,1056.9619047619046,1056.9619047619046,2.5,2.5,0,5,26.424047619047613,26.424047619047613,0.0,1109.8099999999997
TRADITIONAL WHOLE WHEAT ATTA 5 KG(UK),पारंपरिक गेहूं का आटा 5 किग्रा (यूके),2024-11-01,2024-08-08,2024-07-04,1,TI2351AAA2425,PDBKQ24013,05AAECK5765H1ZE,11010000,KANHA JI DISTRIBUTORS,file1_2024-2025,1542.74,1469.2761904761903,1469.2761904761903,2.5,2.5,0,5,36.73190476190476,36.73190476190476,0.0,1542.74
SHAKTI RICE XXL MINI MOGRA-2 10 KG (T),शक्ति चावल XXL मिनी मोगरा-2 10 किग्रा,2026-06-29,2024-08-08,2024-07-09,1,TI2351AAA2425,E6M2400005,05AAECK5765H1ZE,10063090,KANHA JI DISTRIBUTORS,file1_2024-2025,1457.74,1388.3238095238096,1388.3238095238096,2.5,2.5,0,5,34.70809523809524,34.70809523809524,0.0,1457.74
SESAME OIL 1 L (B)-T,तिल का तेल 1 लीटर,2025-03-31,2024-08-08,2024-07-04,1,TI2351AAA2425,JACQ240035,05AAECK5765H1ZE,15155091,KANHA JI DISTRIBUTORS,file1_2024-2025,3019.72,2875.9238095238093,2875.9238095238093,2.5,2.5,0,5,71.89809523809522,71.89809523809522,0.0,3019.72
AMLA JUICE 1 L,आंवला रस 1 लीटर,2025-07-02,2024-08-08,2024-07-02,1,TI2351AAA2425,AGH2400134,05AAECK5765H1ZE,30049011,KANHA JI DISTRIBUTORS,file1_2024-2025,1179.18,1052.8392857142858,1052.8392857142858,6.0,6.0,0,12,63.17035714285715,63.17035714285715,0.0,1179.1800000000003
ALOEVERA JUICE 1 L (FIBRE),एलोवेरा रस (फाइबर युक्त) 1 लीटर,2025-03-30,2024-08-08,2024-07-03,1,TI2351AAA2425,PGD2400320,05AAECK5765H1ZE,30049011,KANHA JI DISTRIBUTORS,file1_2024-2025,1768.77,1579.2589285714284,1579.2589285714284,6.0,6.0,0,12,94.75553571428571,94.75553571428571,0.0,1768.77
GILOY JUICE 500 ML,गिलोय रस 500 मि.ली.,2025-06-07,2024-08-08,2024-06-07,1,TI2351AAA2425,PFY2400010,05AAECK5765H1ZE,30049011,KANHA JI DISTRIBUTORS,file1_2024-2025,861.37,769.0803571428571,769.0803571428571,6.0,6.0,0,12,46.14482142857143,46.14482142857143,0.0,861.3699999999999
GONYLE FLOOR CLEANER - 1 LTR,गोनाइल फ्लोर क्लीनर 1 लीटर,2025-07-15,2024-08-08,2024-07-20,1,TI2351AAA2425,2292/24-25,05AAECK5765H1ZE,38084000,KANHA JI DISTRIBUTORS,file1_2024-2025,623.89,528.7203389830509,528.7203389830509,9.0,9.0,0,18,47.58483050847458,47.58483050847458,0.0,623.8900000000001
MAKHANA 250 GM,मखाना 250 ग्राम,2025-04-24,2024-08-08,2024-06-28,1,TI2351AAA2425,AALI240050,05AAECK5765H1ZE,8029000,KANHA JI DISTRIBUTORS,file1_2024-2025,6457.92,6150.4,6150.4,2.5,2.5,0,5,153.76,153.76,0.0,6457.92
CREAMFEAST CHOCO BISCUIT 35 GM,क्रीमफीस्ट चोको बिस्किट 35 ग्राम,2025-01-06,2024-08-08,2024-07-10,1,TI2351AAA2425,GR94/BP1,05AAECK5765H1ZE,19053100,KANHA JI DISTRIBUTORS,file1_2024-2025,589.62,499.67796610169495,499.67796610169495,9.0,9.0,0,18,44.97101694915254,44.97101694915254,0.0,589.62
CREAMFEAST ORANGE BISCUIT 35 GM,क्रीमफीस्ट ऑरेंज बिस्किट 35 ग्राम,2025-01-21,2024-08-08,2024-07-25,1,TI2351AAA2425,GS24/BP1,05AAECK5765H1ZE,19053100,KANHA JI DISTRIBUTORS,file1_2024-2025,589.62,499.67796610169495,499.67796610169495,9.0,9.0,0,18,44.97101694915254,44.97101694915254,0.0,589.62
SUPER DISHWASH BAR-RS10/- (T.O. FREE 3N),सुपर डिशवॉश बार ₹10/- (ट्रेड ऑफर फ्री 3 नग),2027-07-02,2024-08-08,2024-07-02,2,TI2351AAA2425,AAXY240141,05AAECK5765H1ZE,34011941,KANHA JI DISTRIBUTORS,file1_2024-2025,1039.34,880.7966101694915,440.39830508474574,9.0,9.0,0,18,79.27169491525423,79.27169491525423,0.0,1039.34
URAD CHILKA 1000 GM (R1),उड़द दाल छिलका 1000 ग्राम,2024-11-09,2024-08-08,2024-05-13,1,TI2351AAA2425,BPRUC24005,05AAECK5765H1ZE,7133110,KANHA JI DISTRIBUTORS,file1_2024-2025,1514.73,1442.6,1442.6,2.5,2.5,0,5,36.065,36.065,0.0,1514.73
PUSHTAHAR DALIA 500 G,पुष्टाहार दलिया 500 ग्राम,2025-04-06,2024-08-08,2024-07-10,1,TI2351AAA2425,PDCQ240051,05AAECK5765H1ZE,11031900,KANHA JI DISTRIBUTORS,file1_2024-2025,1151.64,1096.8,1096.8,2.5,2.5,0,5,27.42,27.42,0.0,1151.64
BURA 1 KG,बूरा 1 किग्रा,2025-03-30,2024-08-08,2024-07-03,1,TI2351AAA2425,AKI2400080,05AAECK5765H1ZE,17029090,KANHA JI DISTRIBUTORS,file1_2024-2025,2038.68,1941.6,1941.6,2.5,2.5,0,5,48.54,48.54,0.0,2038.6799999999998
MUSTARD OIL 5 L (J)-T,सरसों का तेल 5 लीटर,2025-07-21,2024-08-08,2024-07-26,1,TI2351AAA2425,N3B2400025,05AAECK5765H1ZE,15149920,KANHA JI DISTRIBUTORS,file1_2024-2025,2862.17,2725.8761904761905,2725.8761904761905,2.5,2.5,0,5,68.14690476190476,68.14690476190476,0.0,2862.17
SENDHA NAMAK 1 KG - T,सेंधा नमक 1 किग्रा,2026-05-22,2024-08-08,2024-06-01,1,TI2351AAA2425,SRS24,05AAECK5765H1ZE,25010010,KANHA JI DISTRIBUTORS,file1_2024-2025,1009.0,1009.0,1009.0,0.0,0.0,0,0,0.0,0.0,0.0,1009.0
HERBAL HANDWASH (ANTI BACTERIAL) 750 ML,हर्बल हैंडवॉश (एंटी बैक्टीरियल) 750 मि.ली.,2026-06-25,2024-08-08,2024-07-05,1,TI2351AAA2425,AAIX240047,05AAECK5765H1ZE,34013019,KANHA JI DISTRIBUTORS,file1_2024-2025,1008.33,854.5169491525425,854.5169491525425,9.0,9.0,0,18,76.90652542372882,76.90652542372882,0.0,1008.33
MUSTARD OIL 1 L (P)-T,सरसों का तेल 1 लीटर,2025-07-19,2024-08-08,2024-07-24,4,TI2351AAA2425,N2B2400055,05AAECK5765H1ZE,15149920,KANHA JI DISTRIBUTORS,file1_2024-2025,6523.27,6212.638095238095,1553.1595238095238,2.5,2.5,0,5,155.31595238095235,155.31595238095235,0.0,6523.27
DIVYA SWASARI PRAVAHI - 250 ML - T,दिव्य स्वासारी प्रवाही 250 मि.ली.,2027-04-05,2024-08-08,2024-04-20,1,TI2351AAA2425,BSSP240028,05AAECK5765H1ZE,30049011,KANHA JI DISTRIBUTORS,file1_2024-2025,2493.12,2225.9999999999995,2225.9999999999995,6.0,6.0,0,12,133.55999999999997,133.55999999999997,0.0,2493.1199999999994
DIVYA MUKTA VATI EXTRA POWER 30X4 TAB,दिव्य मुक्तावटी एक्स्ट्रा पावर 30×4 टैबलेट,2029-05-10,2024-08-08,2024-06-05,20,TI2351AAA2425,AMUE240079,05AAECK5765H1ZE,30049011,KANHA JI DISTRIBUTORS,file1_2024-2025,3749.98,3348.1964285714284,167.40982142857143,6.0,6.0,0,12,200.89178571428573,200.89178571428573,0.0,3749.9799999999996
KESH KANTI HERBAL MEHANDI (NAT. BLACK)-T,केश कान्ति हर्बल मेहंदी (नेचुरल ब्लैक),2025-05-27,2024-08-08,2024-06-01,40,TI2352AAA2425,ANBL240144,05AAECK5765H1ZE,33059090,KANHA JI DISTRIBUTORS,file1_2024-2025,636.73,539.6016949152543,13.490042372881357,9.0,9.0,0,18,48.56415254237289,48.56415254237289,0.0,636.73
DIVYA SHUDDHI CHURNA 100 GM - T,दिव्य शुद्धि चूर्ण 100 ग्राम,2026-05-26,2024-08-08,2024-06-05,25,TI2352AAA2425,ADSC240027,05AAECK5765H1ZE,30049011,KANHA JI DISTRIBUTORS,file1_2024-2025,2604.28,2325.25,93.01,6.0,6.0,0,12,139.515,139.515,0.0,2604.2799999999997
DIVYA MADHUGRIT 60 N - T,दिव्य मधुग्रिट 60 नग,2027-05-18,2024-08-08,2024-06-02,20,TI2352AAA2425,BMDT240049,05AAECK5765H1ZE,30049011,KANHA JI DISTRIBUTORS,file1_2024-2025,4999.9,4464.1964285714275,223.2098214285714,6.0,6.0,0,12,267.85178571428565,267.85178571428565,0.0,4999.9
DIVYA MADHUNASHNI VATI EX.POWER 30X4 TAB,दिव्य मधुनाशिनी वटी एक्स्ट्रा पावर 30×4 टैबलेट,2027-05-18,2024-08-08,2024-06-02,20,TI2352AAA2425,BMNE240160,05AAECK5765H1ZE,30049011,KANHA JI DISTRIBUTORS,file1_2024-2025,3749.98,3348.1964285714284,167.40982142857143,6.0,6.0,0,12,200.89178571428573,200.89178571428573,0.0,3749.9799999999996
DIVYA MEDHA VATI EX.POWER 30X4 TAB,दिव्य मेधा वटी एक्स्ट्रा पावर 30×4 टैबलेट,2029-03-25,2024-08-08,2024-04-20,20,TI2352AAA2425,BMDE240056,05AAECK5765H1ZE,30049011,KANHA JI DISTRIBUTORS,file1_2024-2025,4166.62,3720.196428571428,186.0098214285714,6.0,6.0,0,12,223.2117857142857,223.2117857142857,0.0,4166.619999999999
Mahayograj Guggul 60 Tab,महायोगराज गुग्गुल 60 टैबलेट,2029-04-14,2024-08-08,2024-05-10,20,TI2352AAA2425,BMYG240006,05AAECK5765H1ZE,30049011,KANHA JI DISTRIBUTORS,file1_2024-2025,1500.03,1428.6,71.42999999999999,2.5,2.5,0,5,35.715,35.715,0.0,1500.0299999999997
TRIPHALA CHURNA -100GM,त्रिफला चूर्ण 100 ग्राम,2026-05-26,2024-08-08,2024-06-05,25,TI2352AAA2425,ATPC240079,05AAECK5765H1ZE,30049011,KANHA JI DISTRIBUTORS,file1_2024-2025,625.01,595.247619047619,23.809904761904757,2.5,2.5,0,5,14.881190476190476,14.881190476190476,0.0,625.0099999999999
ANTI WRINKLE CREAM 50 G,एंटी रिंकल क्रीम 50 ग्राम,2026-06-13,2024-08-08,2024-06-13,12,TI2352AAA2425,AAR2400006,05AAECK5765H1ZE,33049910,KANHA JI DISTRIBUTORS,file1_2024-2025,1405.66,1191.2372881355934,99.26977401129945,9.0,9.0,0,18,107.2113559322034,107.2113559322034,0.0,1405.66
DIVYA KAYAKALP TAILA ADVANCE 100 ML,दिव्य कायाकल्प तैल एडवांस 100 मि.ली.,2027-03-10,2024-08-08,2024-03-10,25,TI2352AAA2425,BKTA240007,05AAECK5765H1ZE,30049011,KANHA JI DISTRIBUTORS,file1_2024-2025,4166.68,3720.25,148.81,6.0,6.0,0,12,223.215,223.215,0.0,4166.68
Divya Swasari Kwath 100 Gm,दिव्य स्वासारी क्वाथ 100 ग्राम,2026-02-23,2024-08-08,2024-03-05,25,TI2352AAA2425,ASSK240010,05AAECK5765H1ZE,30049011,KANHA JI DISTRIBUTORS,file1_2024-2025,1666.56,1487.9999999999998,59.51999999999999,6.0,6.0,0,12,89.27999999999999,89.27999999999999,0.0,1666.5599999999997
Triphala Guggul 40 Tab,त्रिफला गुग्गुल 40 टैबलेट,2029-04-14,2024-08-08,2024-05-10,20,TI2352AAA2425,BTPG240026,05AAECK5765H1ZE,30049011,KANHA JI DISTRIBUTORS,file1_2024-2025,666.75,635.0,31.75,2.5,2.5,0,5,15.875,15.875,0.0,666.75
EARGRIT EARDROP 15 ML,ईयरग्रिट ईयरड्रॉप 15 मि.ली.,2025-04-05,2024-08-08,2024-04-05,20,TI2352AAA2425,AAWB240006,05AAECK5765H1ZE,30049011,KANHA JI DISTRIBUTORS,file1_2024-2025,1515.36,1352.9999999999998,67.64999999999999,6.0,6.0,0,12,81.17999999999998,81.17999999999998,0.0,1515.36
SAUNDARYA ALOEVERA GEL 150 ML,सौंदर्य एलोवेरा जेल 150 मि.ली.,2025-12-25,2024-08-08,2024-07-03,20,TI2352AAA2425,AAHP240112,05AAECK5765H1ZE,33049910,KANHA JI DISTRIBUTORS,file1_2024-2025,1629.82,1381.2033898305085,69.06016949152543,9.0,9.0,0,18,124.30830508474577,124.30830508474577,0.0,1629.8200000000002
Trikatu Churna 10 Gm,त्रिकटु चूर्ण 10 ग्राम,2026-01-10,2024-08-16,2024-01-21,25,TI2506AAA2425,ATKC240004,05AAECK5765H1ZE,30049011,KANHA JI DISTRIBUTORS,file1_2024-2025,416.59,396.7523809523809,15.870095238095237,2.5,2.5,0,5,9.918809523809523,9.918809523809523,0.0,416.5899999999999
BALM 25 GM (144 PC),बाम 25 ग्राम (144 नग),2027-07-01,2024-08-16,2024-07-01,48,TI2506AAA2425,AV12400024,05AAECK5765H1ZE,30049011,KANHA JI DISTRIBUTORS,file1_2024-2025,1929.45,1722.7232142857142,35.890066964285715,6.0,6.0,0,12,103.36339285714286,103.36339285714286,0.0,1929.4499999999998
DIVYA MAHAMANJISTHADI KW. PRA.- 450ML,दिव्य महामंजिष्ठादि क्वाथ प्रायोगिक 450 मि.ली.,2034-03-20,2024-08-16,2024-05-11,1,TI2506AAA2425,MMP240007,05AAECK5765H1ZE,30049011,KANHA JI DISTRIBUTORS,file1_2024-2025,1755.0,1671.4285714285713,1671.4285714285713,2.5,2.5,0,5,41.785714285714285,41.785714285714285,0.0,1754.9999999999998
TRADITIONAL WHOLE WHEAT ATTA 10 KG(UK),पारंपरिक गेहूं का आटा 10 किग्रा (यूके),2024-11-21,2024-08-16,2024-07-24,2,TI2507AAA2425,PDBKP24016,05AAECK5765H1ZE,11010000,KANHA JI DISTRIBUTORS,file1_2024-2025,3677.31,3502.2,1751.1,2.5,2.5,0,5,87.555,87.555,0.0,3677.3099999999995
MADHURAM 1 KG,मधुरम गुड़ पाउडर 1 किग्रा,2025-07-22,2024-08-16,2024-07-22,1,TI2507AAA2425,AHG2400166,05AAECK5765H1ZE,17011410,KANHA JI DISTRIBUTORS,file1_2024-2025,2291.63,2182.504761904762,2182.504761904762,2.5,2.5,0,5,54.562619047619044,54.562619047619044,0.0,2291.63
DOODH BISCUIT 70 GM (100 PC),दूध बिस्किट 70 ग्राम (100 नग),2025-01-22,2024-08-16,2024-07-26,2,TI2507AAA2425,GT24/BP1,05AAECK5765H1ZE,19053100,KANHA JI DISTRIBUTORS,file1_2024-2025,1706.28,1446.0,723.0,9.0,9.0,0,18,130.14,130.14,0.0,1706.2799999999997
AASTHA ROLI (POUCH)-20G,आस्था रोली (पाउच) 20 ग्राम,2027-06-27,2024-08-14,2024-07-12,96,TI30189AAA2425,ABVT240002,05AELPS3782C1ZD,33049940,DEEPAK TRADERS,file1_2024-2025,592.32,592.32,6.170000000000001,0.0,0.0,0,0,0.0,0.0,0.0,592.32
AASTHA CHANDAN (POUCH)-20G,आस्था चंदन (पाउच) 20 ग्राम,2027-07-07,2024-08-14,2024-07-22,96,TI30189AAA2425,ABVU240001,05AELPS3782C1ZD,33049940,DEEPAK TRADERS,file1_2024-2025,592.32,592.32,6.170000000000001,0.0,0.0,0,0,0.0,0.0,0.0,592.32
AASTHA SINDOOR (POUCH) -20G,आस्था सिंदूर (पाउच) 20 ग्राम,2027-07-20,2024-08-14,2024-08-04,96,TI30189AAA2425,ABVV240001,05AELPS3782C1ZD,33049940,DEEPAK TRADERS,file1_2024-2025,720.96,720.96,7.510000000000001,0.0,0.0,0,0,0.0,0.0,0.0,720.96
AASTHA PREMIUM SANDAL DHOOP - 20 N,आस्था प्रीमियम चंदन धूप 20 नग,2026-05-06,2024-08-14,2024-05-16,30,TI30189AAA2425,AAWE240025,05AELPS3782C1ZD,33074100,DEEPAK TRADERS,file1_2024-2025,642.92,612.3047619047618,20.410158730158727,2.5,2.5,0,5,15.307619047619045,15.307619047619045,0.0,642.9199999999998
AASTHA PREMIUM DELUXE DHOOP - 20 N,आस्था प्रीमियम डीलक्स धूप 20 नग,2026-06-14,2024-08-14,2024-06-24,30,TI30189AAA2425,AAWF240003,05AELPS3782C1ZD,33074100,DEEPAK TRADERS,file1_2024-2025,642.92,612.3047619047618,20.410158730158727,2.5,2.5,0,5,15.307619047619045,15.307619047619045,0.0,642.9199999999998
AASTHA CHAMPA CONE DHOOP - 200 GM,आस्था चंपा कोन धूप 200 ग्राम,2026-07-07,2024-08-14,2024-07-17,6,TI30189AAA2425,AAUX240028,05AELPS3782C1ZD,33074100,DEEPAK TRADERS,file1_2024-2025,431.74,411.18095238095236,68.53015873015873,2.5,2.5,0,5,10.279523809523809,10.279523809523809,0.0,431.74
AASTHA ROSE CONE DHOOP - 200 GM,आस्था गुलाब कोन धूप 200 ग्राम,2026-06-21,2024-08-14,2024-07-01,6,TI30189AAA2425,AAUY240036,05AELPS3782C1ZD,33074100,DEEPAK TRADERS,file1_2024-2025,431.74,411.18095238095236,68.53015873015873,2.5,2.5,0,5,10.279523809523809,10.279523809523809,0.0,431.74
AASTHA BOUQUET CONE DHOOP - 200 GM,आस्था बुके कोन धूप 200 ग्राम,2026-06-16,2024-08-14,2024-06-26,6,TI30189AAA2425,AAWA240023,05AELPS3782C1ZD,33074100,DEEPAK TRADERS,file1_2024-2025,431.74,411.18095238095236,68.53015873015873,2.5,2.5,0,5,10.279523809523809,10.279523809523809,0.0,431.74
AASTHA BAMBOOLESS AGARBATI BUDDHA -80G,आस्था बांस रहित अगरबत्ती बुद्धा 80 ग्राम,2027-06-30,2024-08-14,2024-07-15,6,TI30189AAA2425,ABTT240020,05AELPS3782C1ZD,33074100,DEEPAK TRADERS,file1_2024-2025,196.06,186.7238095238095,31.120634920634917,2.5,2.5,0,5,4.668095238095237,4.668095238095237,0.0,196.06
AASTHA BAMBOOLESS AGARBATI SANDAL-80G,आस्था बांस रहित अगरबत्ती चंदन 80 ग्राम,2027-07-19,2024-08-14,2024-08-03,6,TI30189AAA2425,ABWJ240001,05AELPS3782C1ZD,33074100,DEEPAK TRADERS,file1_2024-2025,196.06,186.7238095238095,31.120634920634917,2.5,2.5,0,5,4.668095238095237,4.668095238095237,0.0,196.06
AASTHA BAMBOOLESS AGARBATI WHITEROSE-80G,आस्था बांस रहित अगरबत्ती सफेद गुलाब 80 ग्राम,2027-07-18,2024-08-14,2024-08-02,6,TI30189AAA2425,ABWK240001,05AELPS3782C1ZD,33074100,DEEPAK TRADERS,file1_2024-2025,196.06,186.7238095238095,31.120634920634917,2.5,2.5,0,5,4.668095238095237,4.668095238095237,0.0,196.06
AASTHA ASHTAGANDHA -25 GM,आस्था अष्टगंधा 25 ग्राम,2029-06-15,2024-08-14,2024-07-11,12,TI30189AAA2425,ABVZ240002,05AELPS3782C1ZD,33074900,DEEPAK TRADERS,file1_2024-2025,294.08,280.07619047619045,23.33968253968254,2.5,2.5,0,5,7.001904761904761,7.001904761904761,0.0,294.08
AASTHA ROYAL 3-IN-1 - 16 GM,आस्था रॉयल 3-इन-1 अगरबत्ती 16 ग्राम,2027-05-30,2024-08-14,2024-06-14,24,TI30189AAA2425,ABBQ240003,05AELPS3782C1ZD,33074100,DEEPAK TRADERS,file1_2024-2025,148.18,141.1238095238095,5.88015873015873,2.5,2.5,0,5,3.528095238095238,3.528095238095238,0.0,148.17999999999998
AASTHA ROYAL BLACK PEARL AGARBATTI- 16 G,आस्था रॉयल ब्लैक पर्ल अगरबत्ती 16 ग्राम,2027-02-06,2024-08-14,2024-02-22,24,TI30189AAA2425,ABBF240001,05AELPS3782C1ZD,33074100,DEEPAK TRADERS,file1_2024-2025,148.18,141.1238095238095,5.88015873015873,2.5,2.5,0,5,3.528095238095238,3.528095238095238,0.0,148.17999999999998
AASTHA ROYAL DIVISHA AGARBATTI - 16 GM,आस्था रॉयल दिविशा अगरबत्ती 16 ग्राम,2027-02-18,2024-08-14,2024-03-05,24,TI30189AAA2425,AAYF240003,05AELPS3782C1ZD,33074100,DEEPAK TRADERS,file1_2024-2025,148.18,141.1238095238095,5.88015873015873,2.5,2.5,0,5,3.528095238095238,3.528095238095238,0.0,148.17999999999998
AASTHA ROYAL JASMINE AGARBATTI - 16 GM,आस्था रॉयल चमेली अगरबत्ती 16 ग्राम,2027-04-21,2024-08-14,2024-05-06,24,TI30189AAA2425,ABBI240002,05AELPS3782C1ZD,33074100,DEEPAK TRADERS,file1_2024-2025,148.18,141.1238095238095,5.88015873015873,2.5,2.5,0,5,3.528095238095238,3.528095238095238,0.0,148.17999999999998
AASTHA ROYAL KASTURI AGARBATTI - 16 GM,आस्था रॉयल कस्तूरी अगरबत्ती 16 ग्राम,2027-04-07,2024-08-14,2024-04-22,24,TI30189AAA2425,AAWX240002,05AELPS3782C1ZD,33074100,DEEPAK TRADERS,file1_2024-2025,148.18,141.1238095238095,5.88015873015873,2.5,2.5,0,5,3.528095238095238,3.528095238095238,0.0,148.17999999999998
AASTHA ROYAL ROSE AGARBATTI - 16 GM,आस्था रॉयल गुलाब अगरबत्ती 16 ग्राम,2027-04-19,2024-08-14,2024-05-04,24,TI30189AAA2425,AAWV240005,05AELPS3782C1ZD,33074100,DEEPAK TRADERS,file1_2024-2025,148.18,141.1238095238095,5.88015873015873,2.5,2.5,0,5,3.528095238095238,3.528095238095238,0.0,148.17999999999998
AASTHA COTTON WICKS PLAIN 25 GM,आस्था कपास रूई बत्ती 25 ग्राम,2027-06-06,2024-08-14,2024-06-21,16,TI30189AAA2425,A0M2400038,05AELPS3782C1ZD,33049940,DEEPAK TRADERS,file1_2024-2025,463.36,463.36,28.96,0.0,0.0,0,0,0.0,0.0,0.0,463.36
AASTHA AIR FRESHNER (PBSMRF)MIX 250 ML-T,आस्था एयर फ्रेशनर (पीबीएसएमआरएफ) मिक्स 250 मि.ली.,2026-09-15,2024-08-14,2023-10-01,12,TI30189AAA2425,AF2023-50,05AELPS3782C1ZD,33079090,DEEPAK TRADERS,file1_2024-2025,1268.88,1075.3220338983053,89.61016949152544,9.0,9.0,0,18,96.77898305084747,96.77898305084747,0.0,1268.8800000000003
Avipattikar Churna 100 Gm,अविपत्तिकर चूर्ण 100 ग्राम,2026-05-01,2024-08-22,2024-05-11,25,TI2601AAA2425,BAVC240013,05AAECK5765H1ZE,30049011,KANHA JI DISTRIBUTORS,file1_2024-2025,1250.03,1190.5047619047618,47.62019047619047,2.5,2.5,0,5,29.762619047619047,29.762619047619047,0.0,1250.0299999999997
COWS GHEE 500 ML - T,गाय का घी 500 मि.ली.,2025-05-11,2024-08-22,2024-08-14,1,TI2601AAA2425,FAWD240034,05AAECK5765H1ZE,4059020,KANHA JI DISTRIBUTORS,file1_2024-2025,9812.88,8761.499999999998,8761.499999999998,6.0,6.0,0,12,525.6899999999998,525.6899999999998,0.0,9812.88
DANT KANTI NATURAL(200GX3)BIG SAVER PACK,दंत कान्ति नेचुरल (200 ग्राम × 3) बड़ा बचत पैक,2026-06-22,2024-08-22,2024-07-02,2,TI2601AAA2425,AAPW240019,05AAECK5765H1ZE,33061020,KANHA JI DISTRIBUTORS,file1_2024-2025,11317.8,9591.355932203389,4795.677966101694,9.0,9.0,0,18,863.222033898305,863.222033898305,0.0,11317.799999999997
MOONG CHILKA 1000 GM (R1),मूंग दाल छिलका 1000 ग्राम,2025-05-02,2024-08-22,2024-08-05,2,TI2601AAA2425,BPRMC24016,05AAECK5765H1ZE,7133190,KANHA JI DISTRIBUTORS,file1_2024-2025,2596.65,2473.0,1236.5,2.5,2.5,0,5,61.825,61.825,0.0,2596.6499999999996
GONYLE FLOOR CLEANER - 1 LTR,गोनाइल फ्लोर क्लीनर 1 लीटर,2025-08-03,2024-08-22,2024-08-08,1,TI2601AAA2425,2465/24-25,05AAECK5765H1ZE,38084000,KANHA JI DISTRIBUTORS,file1_2024-2025,623.89,528.7203389830509,528.7203389830509,9.0,9.0,0,18,47.58483050847458,47.58483050847458,0.0,623.8900000000001
TRIPHALA CHURNA -100GM,त्रिफला चूर्ण 100 ग्राम,2026-05-26,2024-08-22,2024-06-05,25,TI2601AAA2425,ATPC240079,05AAECK5765H1ZE,30049011,KANHA JI DISTRIBUTORS,file1_2024-2025,612.41,583.247619047619,23.329904761904757,2.5,2.5,0,5,14.581190476190475,14.581190476190475,0.0,612.41
Chandraprabha Vati 40 Tab,चंद्रप्रभा वटी 40 टैबलेट,2029-02-17,2024-08-22,2024-03-15,20,TI2601AAA2425,BCPV240073,05AAECK5765H1ZE,30049011,KANHA JI DISTRIBUTORS,file1_2024-2025,716.73,682.6,34.13,2.5,2.5,0,5,17.065,17.065,0.0,716.7300000000001
ASHVASHILA -11 GM (STRIP),अश्वशिला स्ट्रिप 11 ग्राम,2026-06-25,2024-08-22,2024-07-05,20,TI2601AAA2425,AASP240030,05AAECK5765H1ZE,30049011,KANHA JI DISTRIBUTORS,file1_2024-2025,1435.68,1281.857142857143,64.09285714285714,6.0,6.0,0,12,76.91142857142857,76.91142857142857,0.0,1435.68
DIVYA LIVAMRIT ADVANCE 60 N - T,दिव्य लिवामृत एडवांस 60 नग,2027-04-26,2024-08-22,2024-05-11,20,TI2601AAA2425,ALAT240026,05AAECK5765H1ZE,30049011,KANHA JI DISTRIBUTORS,file1_2024-2025,3920.0,3499.9999999999995,174.99999999999997,6.0,6.0,0,12,209.99999999999997,209.99999999999997,0.0,3919.9999999999995
K.K. COLOR NATURAL BLACK (CREAM & DEV)-T,के.के. कलर नेचुरल ब्लैक (क्रीम एवं डेवलपर),2025-05-27,2024-08-22,2024-06-01,20,TI2601AAA2425,ACBD240038,05AAECK5765H1ZE,33059090,KANHA JI DISTRIBUTORS,file1_2024-2025,636.73,539.6016949152543,26.980084745762714,9.0,9.0,0,18,48.56415254237289,48.56415254237289,0.0,636.73
LIVAMRIT SYRUP - 200 ML,लिवामृत सिरप 200 मि.ली.,2026-07-08,2024-08-22,2024-07-08,24,TI2601AAA2425,A8B2400076,05AAECK5765H1ZE,30049011,KANHA JI DISTRIBUTORS,file1_2024-2025,1688.33,1507.4374999999998,62.80989583333332,6.0,6.0,0,12,90.44624999999998,90.44624999999998,0.0,1688.3299999999997
BROWN BASMATI RICE POUCH 1 KG,भूरा बासमती चावल पाउच 1 किग्रा,2026-07-06,2024-08-22,2024-07-16,1,TI2601AAA2425,E7E2400005,05AAECK5765H1ZE,10063020,KANHA JI DISTRIBUTORS,file1_2024-2025,2018.31,1922.1999999999998,1922.1999999999998,2.5,2.5,0,5,48.055,48.055,0.0,2018.31
ALOEVERA JUICE 1 L (FIBRE),एलोवेरा रस (फाइबर युक्त) 1 लीटर,2025-04-20,2024-08-29,2024-07-24,1,TI2741AAA2425,PGD2400360,05AAECK5765H1ZE,30049011,KANHA JI DISTRIBUTORS,file1_2024-2025,1768.77,1579.2589285714284,1579.2589285714284,6.0,6.0,0,12,94.75553571428571,94.75553571428571,0.0,1768.77
SUGAR 1 KG,चीनी 1 किग्रा,2026-07-07,2024-08-29,2024-07-17,1,TI2741AAA2425,BAGQ240067,05AAECK5765H1ZE,17011490,KANHA JI DISTRIBUTORS,file1_2024-2025,1800.54,1714.8,1714.8,2.5,2.5,0,5,42.87,42.87,0.0,1800.5399999999997
COCONUT OIL 200 ML (B) TRADE OFFER,नारियल तेल 200 मि.ली. (बी) ट्रेड ऑफर,2025-09-05,2024-08-29,2024-06-12,1,TI2741AAA2425,ABUJ240007,05AAECK5765H1ZE,15131900,KANHA JI DISTRIBUTORS,file1_2024-2025,2866.25,2729.7619047619046,2729.7619047619046,2.5,2.5,0,5,68.24404761904762,68.24404761904762,0.0,2866.25
TURMERIC POWDER 500 GM,हल्दी पाउडर 500 ग्राम,2025-07-11,2024-08-29,2024-07-11,1,TI2741AAA2425,ALC2400024,05AAECK5765H1ZE,9103030,KANHA JI DISTRIBUTORS,file1_2024-2025,1656.3,1577.4285714285713,1577.4285714285713,2.5,2.5,0,5,39.43571428571428,39.43571428571428,0.0,1656.3
KARELA JAMUN 50-50 JUICE - 500 ML,करेला-जामुन 50-50 रस 500 मि.ली.,2025-08-07,2024-08-29,2024-08-07,2,TI2741AAA2425,ABPB240013,05AAECK5765H1ZE,30049011,KANHA JI DISTRIBUTORS,file1_2024-2025,2871.32,2563.678571428571,1281.8392857142856,6.0,6.0,0,12,153.82071428571427,153.82071428571427,0.0,2871.3199999999993
Punarnavadi Mandoor 60 Tab,पुनर्नवादि मांडूर 60 टैबलेट,2034-05-11,2024-08-29,2024-07-02,20,TI2741AAA2425,BPNM240032,05AAECK5765H1ZE,30049011,KANHA JI DISTRIBUTORS,file1_2024-2025,916.65,872.9999999999999,43.64999999999999,2.5,2.5,0,5,21.824999999999996,21.824999999999996,0.0,916.65
Divya Sarvakalp Kwath 100 Gm,दिव्य सर्वकल्प क्वाथ 100 ग्राम,2026-04-30,2024-08-29,2024-05-10,50,TI2741AAA2425,ASKK240022,05AAECK5765H1ZE,30049011,KANHA JI DISTRIBUTORS,file1_2024-2025,1458.24,1301.9999999999998,26.039999999999996,6.0,6.0,0,12,78.11999999999998,78.11999999999998,0.0,1458.2399999999996
GILOY GHAN VATI 60 PC (NEW),गिलोय घन वटी 60 नग (नया),2026-07-06,2024-08-29,2024-07-16,24,TI2741AAA2425,AAI2400052,05AAECK5765H1ZE,30049011,KANHA JI DISTRIBUTORS,file1_2024-2025,1875.96,1674.9642857142856,69.79017857142857,6.0,6.0,0,12,100.49785714285714,100.49785714285714,0.0,1875.9599999999998
BANDHANI HING 50 GM (NEW) - T,बंधनी हींग 50 ग्राम (नया),2025-11-30,2024-08-29,2024-05-06,12,TI2741AAA2425,CASY240013,05AAECK5765H1ZE,13019013,KANHA JI DISTRIBUTORS,file1_2024-2025,1061.3,1010.7619047619047,84.23015873015872,2.5,2.5,0,5,25.26904761904762,25.26904761904762,0.0,1061.3
KESH K. HERBAL MEHANDI (BURGUNDY) 15GM-T,केश कान्ति हर्बल मेहंदी (बरगंडी) 15 ग्राम,2025-02-24,2024-08-29,2024-03-01,20,TI2741AAA2425,ABUR240003,05AAECK5765H1ZE,33059090,KANHA JI DISTRIBUTORS,file1_2024-2025,477.43,404.60169491525426,20.230084745762714,9.0,9.0,0,18,36.41415254237288,36.41415254237288,0.0,477.43000000000006
SUGAR 5 KG,चीनी 5 किग्रा,2026-06-16,2024-08-29,2024-06-26,1,TI2741AAA2425,BAIW240040,05AAECK5765H1ZE,17011490,KANHA JI DISTRIBUTORS,file1_2024-2025,1744.97,1661.8761904761905,1661.8761904761905,2.5,2.5,0,5,41.54690476190476,41.54690476190476,0.0,1744.9699999999998
MUSTARD OIL 5 L (J)-T,सरसों का तेल 5 लीटर,2025-08-16,2024-09-04,2024-08-21,1,TI2861AAA2425,N3B2400028,05AAECK5765H1ZE,15149920,KANHA JI DISTRIBUTORS,file1_2024-2025,2862.17,2725.8761904761905,2725.8761904761905,2.5,2.5,0,5,68.14690476190476,68.14690476190476,0.0,2862.17
NUT SPT ORG OMEGA 3679,"न्यूट्रेला नट्रिशन सप्लीमेंट ओमेगा 3, 6, 7, 9 युक्त",2026-07-01,2024-09-04,2024-07-01,1,TI2861AAA2425,ABUU240002,05AAECK5765H1ZE,21069099,KANHA JI DISTRIBUTORS,file1_2024-2025,333.34,282.49152542372883,282.49152542372883,9.0,9.0,0,18,25.424237288135597,25.424237288135597,0.0,333.34000000000003
Divya Hawan Samagari 500 Gm-DUP,दिव्य हवन सामग्री 500 ग्राम,2026-05-10,2024-09-04,2024-05-20,1,TI2861AAA2425,ADHS240028,05AAECK5765H1ZE,33074100,KANHA JI DISTRIBUTORS,file1_2024-2025,1666.77,1587.3999999999999,1587.3999999999999,2.5,2.5,0,5,39.684999999999995,39.684999999999995,0.0,1666.7699999999998
HERBO WASH DETERGENT POWDER 500 G-T,हर्बो वॉश डिटर्जेंट पाउडर 500 ग्राम,2029-06-04,2024-09-04,2024-06-05,1,TI2861AAA2425,BN42400005,05AAECK5765H1ZE,34029011,KANHA JI DISTRIBUTORS,file1_2024-2025,1491.52,1264.0,1264.0,9.0,9.0,0,18,113.76,113.76,0.0,1491.52
DOODH BISCUIT 70 GM (100 PC),दूध बिस्किट 70 ग्राम (100 नग),2025-02-20,2024-09-04,2024-08-24,1,TI2861AAA2425,HR24/BP1,05AAECK5765H1ZE,19053100,KANHA JI DISTRIBUTORS,file1_2024-2025,853.14,723.0,723.0,9.0,9.0,0,18,65.07,65.07,0.0,853.1399999999999
DOODH BISCUIT 35 GM (200 PC),दूध बिस्किट 35 ग्राम (200 नग),2025-02-21,2024-09-04,2024-08-25,1,TI2861AAA2425,HT24/AV9,05AAECK5765H1ZE,19053100,KANHA JI DISTRIBUTORS,file1_2024-2025,851.96,722.0000000000001,722.0000000000001,9.0,9.0,0,18,64.98,64.98,0.0,851.9600000000002
MUSTARD OIL 1 L (P)-T,सरसों का तेल 1 लीटर,2025-08-23,2024-09-04,2024-08-28,1,TI2861AAA2425,N2B2400061,05AAECK5765H1ZE,15149920,KANHA JI DISTRIBUTORS,file1_2024-2025,1630.82,1553.1619047619047,1553.1619047619047,2.5,2.5,0,5,38.829047619047614,38.829047619047614,0.0,1630.8199999999997
Chirayta Kwath 100 GM,चिरायता क्वाथ 100 ग्राम,2026-07-24,2024-09-04,2024-08-03,25,TI2861AAA2425,ACRK240010,05AAECK5765H1ZE,30049011,KANHA JI DISTRIBUTORS,file1_2024-2025,1875.04,1785.752380952381,71.43009523809523,2.5,2.5,0,5,44.64380952380952,44.64380952380952,0.0,1875.04
PAT NUTRELA VIT D2K NATURAL VANILA(60),न्यूट्रेला विटामिन D2K नेचुरल वनीला (60 नग),2026-07-06,2024-09-04,2024-07-06,6,TI2861AAA2425,AANU240009,05AAECK5765H1ZE,21069099,KANHA JI DISTRIBUTORS,file1_2024-2025,1136.34,963.0,160.5,9.0,9.0,0,18,86.67,86.67,0.0,1136.3400000000001
BEAUTY CREAM ADV.- 50 G,ब्यूटी क्रीम एडवांस 50 ग्राम,2026-06-19,2024-09-04,2024-06-19,24,TI2861AAA2425,ABED240004,05AAECK5765H1ZE,33049910,KANHA JI DISTRIBUTORS,file1_2024-2025,1780.48,1508.8813559322034,62.87005649717514,9.0,9.0,0,18,135.7993220338983,135.7993220338983,0.0,1780.48
DRISHTI EYE DROP 10 ML (NEW),दृष्टि नेत्र ड्रॉप 10 मि.ली. (नया),2025-07-05,2024-09-04,2024-07-05,40,TI2861AAA2425,AAST240035,05AAECK5765H1ZE,30049011,KANHA JI DISTRIBUTORS,file1_2024-2025,637.95,569.5982142857142,14.239955357142856,6.0,6.0,0,12,34.175892857142856,34.175892857142856,0.0,637.9499999999998
DIVYA ASHWAGANDHA CHURNA - 100 GM,दिव्य अश्वगंधा चूर्ण 100 ग्राम,2026-07-24,2024-09-04,2024-08-03,25,TI2861AAA2425,AAGC240041,05AAECK5765H1ZE,30049011,KANHA JI DISTRIBUTORS,file1_2024-2025,1735.39,1652.752380952381,66.11009523809524,2.5,2.5,0,5,41.31880952380952,41.31880952380952,0.0,1735.3899999999999
ASHVAGANDHA -11 GM (STRIP),अश्वगंधा स्ट्रिप 11 ग्राम,2026-07-14,2024-09-04,2024-07-24,20,TI2861AAA2425,AASZ240025,05AAECK5765H1ZE,30049011,KANHA JI DISTRIBUTORS,file1_2024-2025,1292.09,1153.6517857142856,57.68258928571428,6.0,6.0,0,12,69.21910714285714,69.21910714285714,0.0,1292.09
TOMATO KETCHUP W/O ONION GRLC 950GM(P)-T,टमाटर केचप (बिना प्याज व लहसुन) 950 ग्राम,2025-04-12,2024-09-04,2024-07-16,1,TI2861AAA2425,DQU2400019,05AAECK5765H1ZE,21032000,KANHA JI DISTRIBUTORS,file1_2024-2025,1202.88,1074.0,1074.0,6.0,6.0,0,12,64.44,64.44,0.0,1202.88
MIXED FRUIT JAM 500 G,मिश्रित फल जैम 500 ग्राम,2025-12-05,2024-09-04,2024-06-13,1,TI2861AAA2425,BAW2400015,05AAECK5765H1ZE,20079990,KANHA JI DISTRIBUTORS,file1_2024-2025,962.3,859.1964285714284,859.1964285714284,6.0,6.0,0,12,51.55178571428571,51.55178571428571,0.0,962.3
DIVYA ASHWAGANDHARISHTA - 450 ML,दिव्य अश्वगंधारिष्ट 450 मि.ली.,2034-05-19,2024-09-04,2024-07-10,1,TI2861AAA2425,ASG240013,05AAECK5765H1ZE,30049011,KANHA JI DISTRIBUTORS,file1_2024-2025,2274.98,2166.647619047619,2166.647619047619,2.5,2.5,0,5,54.16619047619048,54.16619047619048,0.0,2274.98
AMLA JUICE 1 L,आंवला रस 1 लीटर,2025-08-08,2024-09-04,2024-08-08,1,TI2861AAA2425,AGH2400163,05AAECK5765H1ZE,30049011,KANHA JI DISTRIBUTORS,file1_2024-2025,1179.18,1052.8392857142858,1052.8392857142858,6.0,6.0,0,12,63.17035714285715,63.17035714285715,0.0,1179.1800000000003
COWS WHOLE MILK POWDER 500-GM,गाय का पूर्ण दूध पाउडर 500 ग्राम,2025-02-06,2024-09-04,2024-08-10,1,TI2861AAA2425,BLB2400011,05AAECK5765H1ZE,4021090,KANHA JI DISTRIBUTORS,file1_2024-2025,4810.93,4581.838095238096,4581.838095238096,2.5,2.5,0,5,114.5459523809524,114.5459523809524,0.0,4810.93
TWISTY TASTY BISCUIT 70 GM,ट्विस्टी टेस्टी बिस्किट 70 ग्राम,2025-02-22,2024-09-04,2024-08-26,1,TI2861AAA2425,HU24/BP1,05AAECK5765H1ZE,19059020,KANHA JI DISTRIBUTORS,file1_2024-2025,426.57,361.5,361.5,9.0,9.0,0,18,32.535,32.535,0.0,426.56999999999994
KESH KANTI ADV. H.H. EXPERT SHAMPO-100ML,केश कान्ति एडवांस हेयर एक्सपर्ट शैम्पू 100 मि.ली.,2026-06-27,2024-09-04,2024-06-27,12,TI2861AAA2425,AAWT240006,05AAECK5765H1ZE,33051090,KANHA JI DISTRIBUTORS,file1_2024-2025,1038.92,880.4406779661018,73.37005649717516,9.0,9.0,0,18,79.23966101694917,79.23966101694917,0.0,1038.92
PAT NUTRELA BONE HEALTH NATURAL CAPSULE,न्यूट्रेला बोन हेल्थ नेचुरल कैप्सूल,2027-07-05,2024-09-04,2024-07-05,3,TI2861AAA2425,AANN240012,05AAECK5765H1ZE,30049011,KANHA JI DISTRIBUTORS,file1_2024-2025,454.54,405.83928571428567,135.2797619047619,6.0,6.0,0,12,24.35035714285714,24.35035714285714,0.0,454.53999999999996
PEEDANTAK PAIN RELIEVER 50 G,पीड़ान्तक दर्द निवारक क्रीम 50 ग्राम,2026-08-12,2024-09-04,2024-08-12,12,TI2861AAA2425,AAD2400005,05AAECK5765H1ZE,30049011,KANHA JI DISTRIBUTORS,file1_2024-2025,669.98,598.1964285714286,49.84970238095238,6.0,6.0,0,12,35.89178571428572,35.89178571428572,0.0,669.9799999999999
SHATAVAR CHURNA (Ayurvedic Medicine),शतावरी चूर्ण (आयुर्वेदिक औषधि),2025-07-18,2024-09-04,2024-07-18,5,TI2861AAA2425,ABEE240066,05AAECK5765H1ZE,30049011,KANHA JI DISTRIBUTORS,file1_2024-2025,783.77,746.447619047619,149.2895238095238,2.5,2.5,0,5,18.661190476190473,18.661190476190473,0.0,783.7699999999999
AMLA CANDY 250 G,आंवला कैंडी 250 ग्राम,2025-07-02,2024-09-04,2024-07-02,12,TI2861AAA2425,ABLX240051,05AAECK5765H1ZE,8112010,KANHA JI DISTRIBUTORS,file1_2024-2025,777.36,740.3428571428572,61.695238095238096,2.5,2.5,0,5,18.50857142857143,18.50857142857143,0.0,777.3600000000001
MUNAKKA RAISIN 250 GM (MONO),मुनक्का किशमिश 250 ग्राम,2025-01-01,2024-09-04,2024-07-05,2,TI2861AAA2425,AARU240012,05AAECK5765H1ZE,8062090,KANHA JI DISTRIBUTORS,file1_2024-2025,484.34,461.27619047619044,230.63809523809522,2.5,2.5,0,5,11.531904761904762,11.531904761904762,0.0,484.3399999999999
FIG (ANJEER) 250 GM (MONO),अंजीर 250 ग्राम,2025-02-03,2024-09-04,2024-08-07,1,TI2861AAA2425,AARX240019,05AAECK5765H1ZE,8042090,KANHA JI DISTRIBUTORS,file1_2024-2025,447.27,399.3482142857142,399.3482142857142,6.0,6.0,0,12,23.960892857142852,23.960892857142852,0.0,447.27
TUVAR DAL 1000 GM (R1),अरहर दाल 1000 ग्राम,2025-05-17,2024-09-11,2024-08-20,1,TI2986AAA2425,BPRAD24021,05AAECK5765H1ZE,7136000,KANHA JI DISTRIBUTORS,file1_2024-2025,2250.47,2143.3047619047616,2143.3047619047616,2.5,2.5,0,5,53.58261904761903,53.58261904761903,0.0,2250.47
ALOEVERA JUICE 1 L (FIBRE),एलोवेरा रस (फाइबर युक्त) 1 लीटर,2025-05-10,2024-09-11,2024-08-13,1,TI2986AAA2425,PGD2400390,05AAECK5765H1ZE,30049011,KANHA JI DISTRIBUTORS,file1_2024-2025,1768.77,1579.2589285714284,1579.2589285714284,6.0,6.0,0,12,94.75553571428571,94.75553571428571,0.0,1768.77
OATS 500GM - T,ओट्स 500 ग्राम,2025-08-10,2024-09-11,2024-08-10,1,TI2986AAA2425,ANO100824,05AAECK5765H1ZE,11041200,KANHA JI DISTRIBUTORS,file1_2024-2025,1700.5,1619.5238095238094,1619.5238095238094,2.5,2.5,0,5,40.488095238095234,40.488095238095234,0.0,1700.4999999999998
ATTA NOODLES CHATPATA-60 GM (96 PC) - T,आटा नूडल्स चटपटा 60 ग्राम (96 नग),2025-05-04,2024-09-11,2024-08-07,1,TI2986AAA2425,CH070824,05AAECK5765H1ZE,19022090,KANHA JI DISTRIBUTORS,file1_2024-2025,925.75,826.5624999999999,826.5624999999999,6.0,6.0,0,12,49.59374999999999,49.59374999999999,0.0,925.7499999999999
DIGESTIVE BISCUIT 100 GM,डाइजेस्टिव बिस्किट 100 ग्राम,2025-02-19,2024-09-11,2024-08-23,1,TI2986AAA2425,HR24/AV9,05AAECK5765H1ZE,19053100,KANHA JI DISTRIBUTORS,file1_2024-2025,771.44,653.7627118644068,653.7627118644068,9.0,9.0,0,18,58.838644067796615,58.838644067796615,0.0,771.44
MUSTARD OIL 1 L (P)-T,सरसों का तेल 1 लीटर,2025-08-24,2024-09-11,2024-08-29,10,TI2986AAA2425,O2B2400028,05AAECK5765H1ZE,15149920,KANHA JI DISTRIBUTORS,file1_2024-2025,16308.18,15531.6,1553.16,2.5,2.5,0,5,388.29,388.29,0.0,16308.180000000002
SPE. CHYWNPRSH 1 KG - FREE HONEY 100 GM,विशेष च्यवनप्राश 1 किग्रा + मुफ्त शहद 100 ग्राम,2026-12-16,2024-09-11,2024-01-01,1,TI2986AAA2425,ABKF240002,05AAECK5765H1ZE,30049011,KANHA JI DISTRIBUTORS,file1_2024-2025,2928.65,2614.866071428571,2614.866071428571,6.0,6.0,0,12,156.89196428571427,156.89196428571427,0.0,2928.6499999999996
PATANJALI HONEY 100 GM (OFFER PACK),पतंजलि शहद 100 ग्राम (ऑफर पैक),2025-06-25,2024-09-11,2024-01-02,12,TI2986AAA2425,ABKG240002,05AAECK5765H1ZE,4090000,KANHA JI DISTRIBUTORS,file1_2024-2025,0.69,0.657142857142857,0.054761904761904755,2.5,2.5,0,5,0.016428571428571424,0.016428571428571424,0.0,0.69
NAVRATNA ATTA 2 KG,नवरत्न आटा 2 किग्रा,2025-02-15,2024-09-11,2024-08-19,1,TI2986AAA2425,AHV2400028,05AAECK5765H1ZE,11010000,KANHA JI DISTRIBUTORS,file1_2024-2025,2959.95,2818.9999999999995,2818.9999999999995,2.5,2.5,0,5,70.475,70.475,0.0,2959.9499999999994
HERBAL POWERVITA PLUS - 500 GM REFILL -T,हर्बल पावरवीटा प्लस 500 ग्राम रीफिल,2025-04-15,2024-09-11,2024-07-19,1,TI2986AAA2425,ASZ2400015,05AAECK5765H1ZE,19019090,KANHA JI DISTRIBUTORS,file1_2024-2025,3981.51,3374.161016949153,3374.161016949153,9.0,9.0,0,18,303.6744915254238,303.6744915254238,0.0,3981.5100000000007
FORTIFIED SOYABEAN OIL 1 LTR (P) - T,फोर्टिफाइड सोयाबीन तेल 1 लीटर,2025-05-07,2024-09-11,2024-08-10,2,TI2986AAA2425,BR2B240030,05AAECK5765H1ZE,15079010,KANHA JI DISTRIBUTORS,file1_2024-2025,2693.12,2564.8761904761905,1282.4380952380952,2.5,2.5,0,5,64.12190476190476,64.12190476190476,0.0,2693.12
RICE BRAN OIL 1 LTR (P),चावल की भूसी का तेल 1 लीटर,2025-05-23,2024-09-11,2024-08-26,1,TI2986AAA2425,ORE2400052,05AAECK5765H1ZE,15159040,KANHA JI DISTRIBUTORS,file1_2024-2025,1413.47,1346.1619047619047,1346.1619047619047,2.5,2.5,0,5,33.65404761904762,33.65404761904762,0.0,1413.4699999999998
MADHURAM 1 KG,मधुरम गुड़ पाउडर 1 किग्रा,2025-08-09,2024-09-11,2024-08-09,1,TI2986AAA2425,AHG2400184,05AAECK5765H1ZE,17011410,KANHA JI DISTRIBUTORS,file1_2024-2025,2177.05,2073.3809523809523,2073.3809523809523,2.5,2.5,0,5,51.83452380952381,51.83452380952381,0.0,2177.05
TRADITIONAL WHOLE WHEAT ATTA 5 KG(UK),पारंपरिक गेहूं का आटा 5 किग्रा (यूके),2024-12-20,2024-09-11,2024-08-22,1,TI2986AAA2425,PDBKQ24019,05AAECK5765H1ZE,11010000,KANHA JI DISTRIBUTORS,file1_2024-2025,1542.74,1469.2761904761903,1469.2761904761903,2.5,2.5,0,5,36.73190476190476,36.73190476190476,0.0,1542.74
TRADITIONAL WHOLE WHEAT ATTA 10 KG(UK),पारंपरिक गेहूं का आटा 10 किग्रा (यूके),2024-12-21,2024-09-11,2024-08-23,1,TI2986AAA2425,PDBKP24020,05AAECK5765H1ZE,11010000,KANHA JI DISTRIBUTORS,file1_2024-2025,1838.66,1751.104761904762,1751.104761904762,2.5,2.5,0,5,43.77761904761905,43.77761904761905,0.0,1838.66
Avipattikar Churna 100 Gm,अविपत्तिकर चूर्ण 100 ग्राम,2026-07-25,2024-09-11,2024-08-04,50,TI2986AAA2425,BAVC240016,05AAECK5765H1ZE,30049011,KANHA JI DISTRIBUTORS,file1_2024-2025,2500.05,2381.0,47.62,2.5,2.5,0,5,59.525,59.525,0.0,2500.05
GROUNDNUT OIL 1 LTR (P),मूंगफली का तेल 1 लीटर,2025-05-26,2024-09-11,2024-08-29,1,TI2986AAA2425,ORQ2400032,05AAECK5765H1ZE,15089091,KANHA JI DISTRIBUTORS,file1_2024-2025,2228.81,2122.67619047619,2122.67619047619,2.5,2.5,0,5,53.06690476190475,53.06690476190475,0.0,2228.81
SESAME OIL 1 L (B)-T,तिल का तेल 1 लीटर,2025-04-11,2024-09-11,2024-07-15,1,TI2986AAA2425,JACQ240036,05AAECK5765H1ZE,15155091,KANHA JI DISTRIBUTORS,file1_2024-2025,2868.73,2732.1238095238095,2732.1238095238095,2.5,2.5,0,5,68.30309523809524,68.30309523809524,0.0,2868.7299999999996
BADAM PAK 500 G,बादाम पाक 500 ग्राम,2026-07-28,2024-09-11,2024-08-07,6,TI2987AAA2425,ACY2400008,05AAECK5765H1ZE,30049011,KANHA JI DISTRIBUTORS,file1_2024-2025,1315.98,1174.9821428571427,195.8303571428571,6.0,6.0,0,12,70.49892857142856,70.49892857142856,0.0,1315.98
DIVYA MUKTA VATI EXTRA POWER 30X4 TAB,दिव्य मुक्तावटी एक्स्ट्रा पावर 30×4 टैबलेट,2029-06-06,2024-09-11,2024-07-02,20,TI2987AAA2425,AMUE240096,05AAECK5765H1ZE,30049011,KANHA JI DISTRIBUTORS,file1_2024-2025,3674.94,3281.1964285714284,164.0598214285714,6.0,6.0,0,12,196.87178571428572,196.87178571428572,0.0,3674.9399999999996
DIVYA MADHUNASHNI VATI EX.POWER 30X4 TAB,दिव्य मधुनाशिनी वटी एक्स्ट्रा पावर 30×4 टैबलेट,2027-06-17,2024-09-11,2024-07-02,20,TI2987AAA2425,BMNE240186,05AAECK5765H1ZE,30049011,KANHA JI DISTRIBUTORS,file1_2024-2025,3674.94,3281.1964285714284,164.0598214285714,6.0,6.0,0,12,196.87178571428572,196.87178571428572,0.0,3674.9399999999996
K.K. COLOR DARK BROWN (CREAM & DEV)-T,के.के. कलर गाढ़ा भूरा (क्रीम एवं डेवलपर),2025-06-26,2024-09-11,2024-07-01,20,TI2987AAA2425,ACDD240028,05AAECK5765H1ZE,33059090,KANHA JI DISTRIBUTORS,file1_2024-2025,556.96,472.00000000000006,23.6,9.0,9.0,0,18,42.48000000000001,42.48000000000001,0.0,556.96
NUT SPT ORG OMEGA 3679,"न्यूट्रेला नट्रिशन सप्लीमेंट ओमेगा 3, 6, 7, 9 युक्त",2026-07-01,2024-09-11,2024-07-01,3,TI2987AAA2425,ABUU240002,05AAECK5765H1ZE,21069099,KANHA JI DISTRIBUTORS,file1_2024-2025,1000.01,847.4661016949153,282.4887005649718,9.0,9.0,0,18,76.27194915254239,76.27194915254239,0.0,1000.0100000000002
DIVYA SHUNTHI CHURAN (B.P.N) -100GM,दिव्य शुंठी चूर्ण (बी.पी.एन) 100 ग्राम,2026-05-10,2024-09-11,2024-05-20,25,TI2987AAA2425,BSUC240009,05AAECK5765H1ZE,30049011,KANHA JI DISTRIBUTORS,file1_2024-2025,1354.24,1289.752380952381,51.59009523809524,2.5,2.5,0,5,32.243809523809524,32.243809523809524,0.0,1354.2399999999998
RAISINS 250 GM (MONO),किशमिश 250 ग्राम,2025-02-23,2024-09-11,2024-08-27,6,TI2987AAA2425,AARV240025,05AAECK5765H1ZE,8062090,KANHA JI DISTRIBUTORS,file1_2024-2025,538.15,512.5238095238095,85.42063492063492,2.5,2.5,0,5,12.813095238095238,12.813095238095238,0.0,538.15
GOLD TEA - 10 GM (RS.5) (MT) - T,गोल्ड टी 10 ग्राम (₹5),2025-01-18,2024-09-11,2024-01-19,16,TI2987AAA2425,BBNN240001,05AAECK5765H1ZE,9024090,KANHA JI DISTRIBUTORS,file1_2024-2025,68.38,65.12380952380951,4.0702380952380945,2.5,2.5,0,5,1.628095238095238,1.628095238095238,0.0,68.38
EYEGRIT EYE DROP 10 ML,आईग्रिट आई ड्रॉप 10 मि.ली.,2026-08-08,2024-09-11,2024-08-08,40,TI2987AAA2425,ABQR240014,05AAECK5765H1ZE,30049011,KANHA JI DISTRIBUTORS,file1_2024-2025,1306.82,1166.8035714285713,29.170089285714283,6.0,6.0,0,12,70.00821428571427,70.00821428571427,0.0,1306.82
CASHEW (KAJU) 250 GM (MONO),काजू 250 ग्राम,2025-01-13,2024-09-11,2024-07-17,2,TI2987AAA2425,AARW240015,05AAECK5765H1ZE,8013220,KANHA JI DISTRIBUTORS,file1_2024-2025,493.31,469.8190476190476,234.9095238095238,2.5,2.5,0,5,11.74547619047619,11.74547619047619,0.0,493.31
ALMOND (BADAM) 250 GM (MONO),बादाम 250 ग्राम,2025-02-17,2024-09-11,2024-08-21,3,TI2987AAA2425,AART240025,05AAECK5765H1ZE,8021100,KANHA JI DISTRIBUTORS,file1_2024-2025,845.34,754.7678571428571,251.5892857142857,6.0,6.0,0,12,45.28607142857143,45.28607142857143,0.0,845.3399999999999
BADAM PAK 250 G,बादाम पाक 250 ग्राम,2026-06-24,2024-09-11,2024-07-04,6,TI2987AAA2425,ACX2400005,05AAECK5765H1ZE,30049011,KANHA JI DISTRIBUTORS,file1_2024-2025,693.91,619.5624999999999,103.26041666666664,6.0,6.0,0,12,37.17374999999999,37.17374999999999,0.0,693.91
MAKHANA 250 GM,मखाना 250 ग्राम,2025-07-04,2024-09-26,2024-09-07,1,TI3275AAA2425,AALI240062,05AAECK5765H1ZE,8029000,KANHA JI DISTRIBUTORS,file1_2024-2025,6457.92,6150.4,6150.4,2.5,2.5,0,5,153.76,153.76,0.0,6457.92
DOODH BISCUIT 35 GM (200 PC),दूध बिस्किट 35 ग्राम (200 नग),2025-03-10,2024-09-26,2024-09-11,1,TI3275AAA2425,IF24/AV9,05AAECK5765H1ZE,19053100,KANHA JI DISTRIBUTORS,file1_2024-2025,851.96,722.0000000000001,722.0000000000001,9.0,9.0,0,18,64.98,64.98,0.0,851.9600000000002
TOOTHBRUSH NORMAL HANGER (336 PC) - T,टूथब्रश नॉर्मल हैंगर 336 नग,2029-06-28,2024-09-26,2024-06-29,1,TI3275AAA2425,290624NL,05AAECK5765H1ZE,96032100,KANHA JI DISTRIBUTORS,file1_2024-2025,2680.2,2271.35593220339,2271.35593220339,9.0,9.0,0,18,204.4220338983051,204.4220338983051,0.0,2680.2
FORTIFIED SUNFLOWER OIL 1 LTR (P) - T,फोर्टिफाइड सूरजमुखी तेल 1 लीटर,2025-06-13,2024-09-26,2024-09-16,2,TI3275AAA2425,BR2A240042,05AAECK5765H1ZE,15121910,KANHA JI DISTRIBUTORS,file1_2024-2025,3231.65,3077.7619047619046,1538.8809523809523,2.5,2.5,0,5,76.94404761904761,76.94404761904761,0.0,3231.6499999999996
ATTA NOODLES DESI MASALA 60 GM (96 PC)-T,आटा नूडल्स देसी मसाला 60 ग्राम (96 नग),2025-06-07,2024-09-26,2024-09-10,2,TI3275AAA2425,DM100924,05AAECK5765H1ZE,19022090,KANHA JI DISTRIBUTORS,file1_2024-2025,1851.49,1653.1160714285713,826.5580357142857,6.0,6.0,0,12,99.18696428571428,99.18696428571428,0.0,1851.49
Amla Churna 100 Gm,आंवला चूर्ण 100 ग्राम,2026-08-05,2024-09-26,2024-08-15,25,TI3275AAA2425,BAMC240028,05AAECK5765H1ZE,30049011,KANHA JI DISTRIBUTORS,file1_2024-2025,729.23,694.504761904762,27.780190476190477,2.5,2.5,0,5,17.36261904761905,17.36261904761905,0.0,729.2300000000001
Divya Arshkalp Vati 40 Tab,दिव्य अर्शकल्प वटी 40 टैबलेट,2027-03-16,2024-09-26,2024-03-31,20,TI3275AAA2425,BAKV240031,05AAECK5765H1ZE,30049011,KANHA JI DISTRIBUTORS,file1_2024-2025,749.95,669.5982142857142,33.47991071428571,6.0,6.0,0,12,40.175892857142856,40.175892857142856,0.0,749.9499999999998
AMLA CANDY 100G POUCH (FSSAI),आंवला कैंडी 100 ग्राम पाउच (एफएसएसएआई प्रमाणित),2025-08-17,2024-09-26,2024-08-17,20,TI3275AAA2425,ABJW240069,05AAECK5765H1ZE,8112010,KANHA JI DISTRIBUTORS,file1_2024-2025,0.56,0.5333333333333333,0.026666666666666665,2.5,2.5,0,5,0.013333333333333332,0.013333333333333332,0.0,0.5599999999999999
HONEY 500GM OFFER WITH AMLA CANDY 100 GM,शहद 500 ग्राम (आंवला कैंडी 100 ग्राम के साथ ऑफर),2026-02-08,2024-09-26,2024-08-17,1,TI3275AAA2425,ABJO240016,05AAECK5765H1ZE,4090000,KANHA JI DISTRIBUTORS,file1_2024-2025,2855.11,2719.152380952381,2719.152380952381,2.5,2.5,0,5,67.97880952380952,67.97880952380952,0.0,2855.11
TRADITIONAL WHOLE WHEAT ATTA 10 KG(UK),पारंपरिक गेहूं का आटा 10 किग्रा (यूके),2024-12-20,2024-09-26,2024-08-22,1,TI3275AAA2425,PDBKP24019,05AAECK5765H1ZE,11010000,KANHA JI DISTRIBUTORS,file1_2024-2025,1838.66,1751.104761904762,1751.104761904762,2.5,2.5,0,5,43.77761904761905,43.77761904761905,0.0,1838.66
SUPER DISHWASH BAR-225 G B3G1 FREE,सुपर डिशवॉश बार 225 ग्राम (खरीदो 3 पाओ 1 मुफ्त),2027-08-06,2024-09-26,2024-08-06,2,TI3275AAA2425,AAXW240047,05AAECK5765H1ZE,34011990,KANHA JI DISTRIBUTORS,file1_2024-2025,1346.9,1141.440677966102,570.720338983051,9.0,9.0,0,18,102.72966101694918,102.72966101694918,0.0,1346.9000000000003
SUPER DISHWASH BAR-RS10/- (T.O. FREE 3N),सुपर डिशवॉश बार ₹10/- (ट्रेड ऑफर फ्री 3 नग),2027-08-02,2024-09-26,2024-08-02,1,TI3275AAA2425,AAXY240161,05AAECK5765H1ZE,34011941,KANHA JI DISTRIBUTORS,file1_2024-2025,519.67,440.39830508474574,440.39830508474574,9.0,9.0,0,18,39.635847457627115,39.635847457627115,0.0,519.67
BARLEY DALIA 500 G,जौ का दलिया 500 ग्राम,2025-02-09,2024-09-26,2024-08-13,1,TI3275AAA2425,PDCU240061,05AAECK5765H1ZE,11031900,KANHA JI DISTRIBUTORS,file1_2024-2025,1407.42,1340.4,1340.4,2.5,2.5,0,5,33.51,33.51,0.0,1407.42
BASMATI RICE 5 KG(SILVER) - (NEW),बासमती चावल 5 किग्रा (सिल्वर) (नया),2026-07-30,2024-09-26,2024-08-09,1,TI3275AAA2425,EKE2400008,05AAECK5765H1ZE,10063020,KANHA JI DISTRIBUTORS,file1_2024-2025,1801.59,1715.8,1715.8,2.5,2.5,0,5,42.895,42.895,0.0,1801.59
DANT KANTI NATURAL TOOTHPASTE 100 GM,दंत कान्ति नेचुरल टूथपेस्ट 100 ग्राम,2026-08-10,2024-10-03,2024-08-20,1,TI3402AAA2425,AAQA240109,05AAECK5765H1ZE,33061020,KANHA JI DISTRIBUTORS,file1_2024-2025,7355.84,6233.762711864407,6233.762711864407,9.0,9.0,0,18,561.0386440677967,561.0386440677967,0.0,7355.84
HERBO WASH DETERGENT POWDER 1 KG-T,हर्बो वॉश डिटर्जेंट पाउडर 1 किग्रा,2029-06-24,2024-10-03,2024-06-25,1,TI3402AAA2425,BN52400025,05AAECK5765H1ZE,34029011,KANHA JI DISTRIBUTORS,file1_2024-2025,1842.87,1561.7542372881355,1561.7542372881355,9.0,9.0,0,18,140.5578813559322,140.5578813559322,0.0,1842.8700000000001
GONYLE FLOOR CLEANER - 5 LTR,गोनाइल फ्लोर क्लीनर 5 लीटर,2025-09-04,2024-10-03,2024-09-09,1,TI3402AAA2425,0610/24-25,05AAECK5765H1ZE,38084000,KANHA JI DISTRIBUTORS,file1_2024-2025,980.39,830.8389830508474,830.8389830508474,9.0,9.0,0,18,74.77550847457627,74.77550847457627,0.0,980.3900000000001
GONYLE FLOOR CLEANER - 1 LTR,गोनाइल फ्लोर क्लीनर 1 लीटर,2025-09-04,2024-10-03,2024-09-09,1,TI3402AAA2425,2991/24-25,05AAECK5765H1ZE,38084000,KANHA JI DISTRIBUTORS,file1_2024-2025,623.89,528.7203389830509,528.7203389830509,9.0,9.0,0,18,47.58483050847458,47.58483050847458,0.0,623.8900000000001
COWS GHEE 500 ML - T,गाय का घी 500 मि.ली.,2025-06-19,2024-10-03,2024-09-22,1,TI3402AAA2425,FAWD240046,05AAECK5765H1ZE,4059020,KANHA JI DISTRIBUTORS,file1_2024-2025,9567.56,8542.464285714284,8542.464285714284,6.0,6.0,0,12,512.5478571428571,512.5478571428571,0.0,9567.56
COWS GHEE 1 L - T,गाय का घी 1 लीटर,2025-06-22,2024-10-03,2024-09-25,1,TI3402AAA2425,FAWC240147,05AAECK5765H1ZE,4059020,KANHA JI DISTRIBUTORS,file1_2024-2025,8961.17,8001.044642857142,8001.044642857142,6.0,6.0,0,12,480.06267857142853,480.06267857142853,0.0,8961.17
BASMATI RICE 1 KG(SILVER) - (NEW),बासमती चावल 1 किग्रा (सिल्वर) (नया),2026-09-06,2024-10-03,2024-09-16,1,TI3402AAA2425,EKM2400009,05AAECK5765H1ZE,10063020,KANHA JI DISTRIBUTORS,file1_2024-2025,1648.5,1570.0,1570.0,2.5,2.5,0,5,39.25,39.25,0.0,1648.5
PATANJALI HONEY 100 GM (OFFER PACK),पतंजलि शहद 100 ग्राम (ऑफर पैक),2025-06-26,2024-10-03,2024-01-03,12,TI3402AAA2425,ABKG240003,05AAECK5765H1ZE,4090000,KANHA JI DISTRIBUTORS,file1_2024-2025,0.53,0.5047619047619047,0.04206349206349206,2.5,2.5,0,5,0.012619047619047618,0.012619047619047618,0.0,0.53
SPE. CHYWNPRSH 1 KG - FREE HONEY 100 GM,विशेष च्यवनप्राश 1 किग्रा + मुफ्त शहद 100 ग्राम,2026-12-17,2024-10-03,2024-01-02,1,TI3402AAA2425,ABKF240003,05AAECK5765H1ZE,30049011,KANHA JI DISTRIBUTORS,file1_2024-2025,2928.65,2614.866071428571,2614.866071428571,6.0,6.0,0,12,156.89196428571427,156.89196428571427,0.0,2928.6499999999996
KABULI CHANA 1000 GM (R1),काबुली चना 1000 ग्राम,2025-05-06,2024-10-03,2024-08-09,1,TI3402AAA2425,BPKCC24012,05AAECK5765H1ZE,7132010,KANHA JI DISTRIBUTORS,file1_2024-2025,1731.14,1648.7047619047619,1648.7047619047619,2.5,2.5,0,5,41.217619047619046,41.217619047619046,0.0,1731.14
SESAME OIL 1 L (B)-T,तिल का तेल 1 लीटर,2025-06-18,2024-10-03,2024-09-21,1,TI3402AAA2425,JACQ240051,05AAECK5765H1ZE,15155091,KANHA JI DISTRIBUTORS,file1_2024-2025,2722.81,2593.152380952381,2593.152380952381,2.5,2.5,0,5,64.82880952380953,64.82880952380953,0.0,2722.81
GREEN FLUSH TOILET CLEANER LOW HCl-500ML,ग्रीन फ्लश टॉयलेट क्लीनर (लो HCl) 500 मि.ली.,2026-09-04,2024-10-03,2024-09-04,1,TI3402AAA2425,ABHE240012,05AAECK5765H1ZE,34029092,KANHA JI DISTRIBUTORS,file1_2024-2025,1625.57,1377.6016949152543,1377.6016949152543,9.0,9.0,0,18,123.98415254237288,123.98415254237288,0.0,1625.57
TRADITIONAL WHOLE WHEAT ATTA 10 KG(UK),पारंपरिक गेहूं का आटा 10 किग्रा (यूके),2024-12-21,2024-10-03,2024-08-23,1,TI3402AAA2425,PDBKP24020,05AAECK5765H1ZE,11010000,KANHA JI DISTRIBUTORS,file1_2024-2025,1838.66,1751.104761904762,1751.104761904762,2.5,2.5,0,5,43.77761904761905,43.77761904761905,0.0,1838.66
HERBO WASH DETERGENT CAKE-225 G,हर्बो वॉश डिटर्जेंट केक 225 ग्राम,2027-07-24,2024-10-03,2024-07-24,1,TI3402AAA2425,ABOW240004,05AAECK5765H1ZE,34029011,KANHA JI DISTRIBUTORS,file1_2024-2025,996.51,844.5,844.5,9.0,9.0,0,18,76.005,76.005,0.0,996.51
DISHWASH BAR-600G (500G+100G)+SCRUB PAD,डिशवॉश बार 600 ग्राम (500+100 ग्राम) + स्क्रब पैड,2027-09-09,2024-10-03,2024-09-09,1,TI3402AAA2425,AAYX240031,05AAECK5765H1ZE,34011990,KANHA JI DISTRIBUTORS,file1_2024-2025,1173.3,994.3220338983051,994.3220338983051,9.0,9.0,0,18,89.48898305084745,89.48898305084745,0.0,1173.3000000000002
SUPER DISH WASH BAR PACK OF 4 @ Rs. 30/-,सुपर डिश वॉश बार पैक (4 नग) ₹30/-,2027-06-29,2024-10-03,2024-06-29,1,TI3402AAA2425,ABOU240010,05AAECK5765H1ZE,34011941,KANHA JI DISTRIBUTORS,file1_2024-2025,598.4,507.1186440677966,507.1186440677966,9.0,9.0,0,18,45.64067796610169,45.64067796610169,0.0,598.4000000000001
SUPER DISHWASH BAR-225 G B3G1 FREE,सुपर डिशवॉश बार 225 ग्राम (खरीदो 3 पाओ 1 मुफ्त),2027-08-16,2024-10-03,2024-08-16,1,TI3402AAA2425,AAXW240050,05AAECK5765H1ZE,34011990,KANHA JI DISTRIBUTORS,file1_2024-2025,673.45,570.720338983051,570.720338983051,9.0,9.0,0,18,51.36483050847459,51.36483050847459,0.0,673.4500000000002
MARIE BISCUIT 75 GM (48 PC),मैरी बिस्किट 75 ग्राम (48 नग),2025-03-24,2024-10-03,2024-09-25,1,TI3402AAA2425,IR24/BP1,05AAECK5765H1ZE,19053100,KANHA JI DISTRIBUTORS,file1_2024-2025,409.51,347.04237288135596,347.04237288135596,9.0,9.0,0,18,31.233813559322034,31.233813559322034,0.0,409.51
SUPER DISHWASH BAR-RS10/- (T.O. FREE 3N),सुपर डिशवॉश बार ₹10/- (ट्रेड ऑफर फ्री 3 नग),2027-08-02,2024-10-03,2024-08-02,1,TI3402AAA2425,AAXY240161,05AAECK5765H1ZE,34011941,KANHA JI DISTRIBUTORS,file1_2024-2025,519.67,440.39830508474574,440.39830508474574,9.0,9.0,0,18,39.635847457627115,39.635847457627115,0.0,519.67
CUMIN SEED 100 GM (30 pcs),जीरा 100 ग्राम (30 नग),2025-09-04,2024-10-03,2024-09-04,1,TI3402AAA2425,AER2400014,05AAECK5765H1ZE,9093119,KANHA JI DISTRIBUTORS,file1_2024-2025,1604.48,1528.0761904761905,1528.0761904761905,2.5,2.5,0,5,38.201904761904764,38.201904761904764,0.0,1604.4800000000002
CAROM SEED 100 GM (30 pcs),अजवाइन 100 ग्राम (30 नग),2025-08-09,2024-10-03,2024-08-09,1,TI3402AAA2425,AEH2400015,05AAECK5765H1ZE,9109914,KANHA JI DISTRIBUTORS,file1_2024-2025,1404.12,1337.2571428571428,1337.2571428571428,2.5,2.5,0,5,33.43142857142857,33.43142857142857,0.0,1404.12
DIVYA PUNARNAVARISHTA - 450ML,दिव्य पुनर्नवारिष्ट 450 मि.ली.,2034-06-24,2024-10-03,2024-08-15,1,TI3402AAA2425,PNR240012,05AAECK5765H1ZE,30049011,KANHA JI DISTRIBUTORS,file1_2024-2025,1885.05,1795.2857142857142,1795.2857142857142,2.5,2.5,0,5,44.88214285714285,44.88214285714285,0.0,1885.0499999999997
AMLA JUICE 1 L,आंवला रस 1 लीटर,2025-08-29,2024-10-03,2024-08-29,1,TI3402AAA2425,AGH2400182,05AAECK5765H1ZE,30049011,KANHA JI DISTRIBUTORS,file1_2024-2025,1179.18,1052.8392857142858,1052.8392857142858,6.0,6.0,0,12,63.17035714285715,63.17035714285715,0.0,1179.1800000000003
SABUDANA 500 GM,साबूदाना 500 ग्राम,2025-03-09,2024-10-03,2024-09-10,1,TI3402AAA2425,AALX240063,05AAECK5765H1ZE,19030000,KANHA JI DISTRIBUTORS,file1_2024-2025,1194.27,1137.3999999999999,1137.3999999999999,2.5,2.5,0,5,28.434999999999995,28.434999999999995,0.0,1194.2699999999998
GILOY JUICE 500 ML,गिलोय रस 500 मि.ली.,2025-09-05,2024-10-03,2024-09-05,1,TI3402AAA2425,PFY2400014,05AAECK5765H1ZE,30049011,KANHA JI DISTRIBUTORS,file1_2024-2025,861.37,769.0803571428571,769.0803571428571,6.0,6.0,0,12,46.14482142857143,46.14482142857143,0.0,861.3699999999999
ALOEVERA JUICE 1 L (FIBRE),एलोवेरा रस (फाइबर युक्त) 1 लीटर,2025-06-06,2024-10-03,2024-09-09,1,TI3402AAA2425,PGD2400425,05AAECK5765H1ZE,30049011,KANHA JI DISTRIBUTORS,file1_2024-2025,1768.77,1579.2589285714284,1579.2589285714284,6.0,6.0,0,12,94.75553571428571,94.75553571428571,0.0,1768.77
HERBO WASH ADV.DETERGENT POWDER 1 KG,हर्बो वॉश एडवांस डिटर्जेंट पाउडर 1 किग्रा,2029-07-09,2024-10-03,2024-07-15,1,TI3402AAA2425,AU72400005,05AAECK5765H1ZE,34029011,KANHA JI DISTRIBUTORS,file1_2024-2025,1964.13,1664.5169491525426,1664.5169491525426,9.0,9.0,0,18,149.80652542372883,149.80652542372883,0.0,1964.13
DIVYA PEY - 100 GM - T,दिव्य पेय 100 ग्राम,2026-07-25,2024-10-03,2024-08-04,1,TI3402AAA2425,ADYP240019,05AAECK5765H1ZE,9022090,KANHA JI DISTRIBUTORS,file1_2024-2025,6124.65,5832.999999999999,5832.999999999999,2.5,2.5,0,5,145.825,145.825,0.0,6124.649999999999
DOODH BISCUIT 35 GM (200 PC),दूध बिस्किट 35 ग्राम (200 नग),2025-03-20,2024-10-03,2024-09-21,1,TI3402AAA2425,IO24/BP1,05AAECK5765H1ZE,19053100,KANHA JI DISTRIBUTORS,file1_2024-2025,851.96,722.0000000000001,722.0000000000001,9.0,9.0,0,18,64.98,64.98,0.0,851.9600000000002
DOODH BISCUIT 70 GM (100 PC),दूध बिस्किट 70 ग्राम (100 नग),2025-03-17,2024-10-03,2024-09-18,1,TI3402AAA2425,IM24/BP1,05AAECK5765H1ZE,19053100,KANHA JI DISTRIBUTORS,file1_2024-2025,853.14,723.0,723.0,9.0,9.0,0,18,65.07,65.07,0.0,853.1399999999999
KESH KANTI ADV. H.H. EXPERT SHAMPO-100ML,केश कान्ति एडवांस हेयर एक्सपर्ट शैम्पू 100 मि.ली.,2026-08-14,2024-10-03,2024-08-14,1,TI3402AAA2425,AAWT240007,05AAECK5765H1ZE,33051090,KANHA JI DISTRIBUTORS,file1_2024-2025,3116.76,2641.3220338983056,2641.3220338983056,9.0,9.0,0,18,237.7189830508475,237.7189830508475,0.0,3116.76
TOOTHBRUSH ALL IN ONE HANGER (144 PC) -T,टूथब्रश ऑल इन वन हैंगर 144 नग,2029-05-30,2024-10-03,2024-06-01,130,TI3402AAA2425,JBCE240001,05AAECK5765H1ZE,96032100,KANHA JI DISTRIBUTORS,file1_2024-2025,1622.97,1375.398305084746,10.579986962190354,9.0,9.0,0,18,123.78584745762713,123.78584745762713,0.0,1622.9700000000003
DIVYA PEEDANIL TAILA 100 ML-T,दिव्य पीड़ानिल तैल 100 मि.ली.,2027-08-21,2024-10-03,2024-09-05,25,TI3403AAA2425,BDPN240048,05AAECK5765H1ZE,30049011,KANHA JI DISTRIBUTORS,file1_2024-2025,1735.44,1549.5,61.98,6.0,6.0,0,12,92.97,92.97,0.0,1735.44
BALM FAST RELIEF 25G DISPN.T.O(5+1)FREE,बाम फास्ट रिलीफ 25 ग्राम (डिस्पेंसर ट्रेड ऑफर 5+1 मुफ्त),2027-09-09,2024-10-03,2024-09-09,6,TI3403AAA2425,ABLW240014,05AAECK5765H1ZE,30049011,KANHA JI DISTRIBUTORS,file1_2024-2025,1431.49,1278.1160714285713,213.0193452380952,6.0,6.0,0,12,76.68696428571428,76.68696428571428,0.0,1431.49
CASHEW (KAJU) 250 GM (MONO),काजू 250 ग्राम,2025-02-23,2024-10-03,2024-08-27,2,TI3403AAA2425,AARW240019,05AAECK5765H1ZE,8013220,KANHA JI DISTRIBUTORS,file1_2024-2025,609.92,580.8761904761905,290.43809523809523,2.5,2.5,0,5,14.52190476190476,14.52190476190476,0.0,609.9200000000001
DATES (KHAJUR) 500 GM,खजूर 500 ग्राम,2025-02-26,2024-10-03,2024-08-30,6,TI3403AAA2425,AAYC240041,05AAECK5765H1ZE,20019000,KANHA JI DISTRIBUTORS,file1_2024-2025,1717.5,1533.4821428571427,255.5803571428571,6.0,6.0,0,12,92.00892857142856,92.00892857142856,0.0,1717.4999999999995
FIG (ANJEER) 250 GM (MONO),अंजीर 250 ग्राम,2025-03-10,2024-10-03,2024-09-11,2,TI3403AAA2425,AARX240025,05AAECK5765H1ZE,8042090,KANHA JI DISTRIBUTORS,file1_2024-2025,894.54,798.6964285714284,399.3482142857142,6.0,6.0,0,12,47.921785714285704,47.921785714285704,0.0,894.54
MUNAKKA RAISIN 250 GM (MONO),मुनक्का किशमिश 250 ग्राम,2025-03-13,2024-10-03,2024-09-14,2,TI3403AAA2425,AARU240018,05AAECK5765H1ZE,8062090,KANHA JI DISTRIBUTORS,file1_2024-2025,484.34,461.27619047619044,230.63809523809522,2.5,2.5,0,5,11.531904761904762,11.531904761904762,0.0,484.3399999999999
ALMOND (BADAM) 250 GM (MONO),बादाम 250 ग्राम,2025-03-08,2024-10-03,2024-09-09,2,TI3403AAA2425,AART240031,05AAECK5765H1ZE,8021100,KANHA JI DISTRIBUTORS,file1_2024-2025,563.56,503.17857142857133,251.58928571428567,6.0,6.0,0,12,30.19071428571428,30.19071428571428,0.0,563.56
OORJA TEA - 15 GM (RS.5) (MT) - T,ऊर्जा चाय 15 ग्राम (₹5),2025-02-11,2024-10-03,2024-02-12,30,TI3403AAA2425,BBNB240002,05AAECK5765H1ZE,9024090,KANHA JI DISTRIBUTORS,file1_2024-2025,128.21,122.1047619047619,4.07015873015873,2.5,2.5,0,5,3.052619047619048,3.052619047619048,0.0,128.21
GOLD TEA - 10 GM (RS.5) (MT) - T,गोल्ड चाय 10 ग्राम (₹5),2025-01-18,2024-10-03,2024-01-19,30,TI3403AAA2425,BBNN240001,05AAECK5765H1ZE,9024090,KANHA JI DISTRIBUTORS,file1_2024-2025,128.21,122.1047619047619,4.07015873015873,2.5,2.5,0,5,3.052619047619048,3.052619047619048,0.0,128.21
OORJA TEA - 250 GM (POLY) - T,ऊर्जा चाय 250 ग्राम (पॉली पैक),2025-07-16,2024-10-03,2024-07-16,8,TI3403AAA2425,BBNC240016,05AAECK5765H1ZE,9024090,KANHA JI DISTRIBUTORS,file1_2024-2025,341.8,325.5238095238095,40.69047619047619,2.5,2.5,0,5,8.13809523809524,8.13809523809524,0.0,341.79999999999995
Triphala Guggul 40 Tab,त्रिफला गुग्गुल 40 टैबलेट,2029-04-24,2024-10-03,2024-05-20,20,TI3403AAA2425,BTPG240027,05AAECK5765H1ZE,30049011,KANHA JI DISTRIBUTORS,file1_2024-2025,666.75,635.0,31.75,2.5,2.5,0,5,15.875,15.875,0.0,666.75
Divya Kesh Taila 100 ml,दिव्य केश तैल 100 मि.ली.,2027-05-26,2024-10-03,2024-06-10,10,TI3403AAA2425,BKST240006,05AAECK5765H1ZE,30049011,KANHA JI DISTRIBUTORS,file1_2024-2025,874.94,781.1964285714286,78.11964285714285,6.0,6.0,0,12,46.871785714285714,46.871785714285714,0.0,874.9399999999999
ALOE SOFT MOISTURIZING CREAM-50 G,एलो सॉफ्ट मॉइस्चराइजिंग क्रीम 50 ग्राम,2026-08-06,2024-10-03,2024-08-06,24,TI3403AAA2425,ABHW240004,05AAECK5765H1ZE,33049930,KANHA JI DISTRIBUTORS,file1_2024-2025,1874.22,1588.322033898305,66.18008474576271,9.0,9.0,0,18,142.94898305084746,142.94898305084746,0.0,1874.2199999999998
KESAR 1 GM (48 Pcs),केसर 1 ग्राम (48 नग),2026-02-03,2024-10-03,2024-08-12,12,TI3403AAA2425,AT12400018,05AAECK5765H1ZE,9102010,KANHA JI DISTRIBUTORS,file1_2024-2025,2677.48,2549.980952380952,212.4984126984127,2.5,2.5,0,5,63.74952380952381,63.74952380952381,0.0,2677.48
Haritaki Churna 100 Gm,हरितकी चूर्ण 100 ग्राम,2026-08-05,2024-10-03,2024-08-15,25,TI3403AAA2425,AHTC240011,05AAECK5765H1ZE,30049011,KANHA JI DISTRIBUTORS,file1_2024-2025,833.44,793.7523809523809,31.750095238095238,2.5,2.5,0,5,19.843809523809522,19.843809523809522,0.0,833.44
Shuddh Shilajeet 20 gm,शुद्ध शिलाजीत 20 ग्राम,2029-08-15,2024-10-03,2024-09-10,20,TI3403AAA2425,BSHS240008,05AAECK5765H1ZE,30049011,KANHA JI DISTRIBUTORS,file1_2024-2025,2166.57,2063.4,103.17,2.5,2.5,0,5,51.585,51.585,0.0,2166.57
ANTI WRINKLE CREAM 50 G,एंटी रिंकल क्रीम 50 ग्राम,2026-06-28,2024-10-03,2024-06-28,12,TI3403AAA2425,AAR2400007,05AAECK5765H1ZE,33049910,KANHA JI DISTRIBUTORS,file1_2024-2025,1405.66,1191.2372881355934,99.26977401129945,9.0,9.0,0,18,107.2113559322034,107.2113559322034,0.0,1405.66
DIVYA MULETHI CHURNA 100 GM -T,दिव्य मुलेठी चूर्ण 100 ग्राम,2026-09-05,2024-10-03,2024-09-15,25,TI3403AAA2425,BMLC240033,05AAECK5765H1ZE,30049011,KANHA JI DISTRIBUTORS,file1_2024-2025,1145.81,1091.2476190476189,43.64990476190476,2.5,2.5,0,5,27.281190476190474,27.281190476190474,0.0,1145.8099999999997
DIVYA PEEDANIL GOLD TABLET (100 PC) - T,दिव्य पीड़ानिल गोल्ड टैबलेट (100 नग),2027-07-31,2024-10-03,2024-08-15,20,TI3403AAA2425,APGT240027,05AAECK5765H1ZE,30049011,KANHA JI DISTRIBUTORS,file1_2024-2025,6533.41,5833.401785714285,291.67008928571425,6.0,6.0,0,12,350.0041071428571,350.0041071428571,0.0,6533.409999999999
DIVYA EYEGRIT GOLD 20 N - T,दिव्य आईग्रिट गोल्ड 20 नग,2027-07-31,2024-10-03,2024-08-15,20,TI3403AAA2425,AEEG240006,05AAECK5765H1ZE,30049011,KANHA JI DISTRIBUTORS,file1_2024-2025,9800.0,8750.0,437.5,6.0,6.0,0,12,525.0,525.0,0.0,9800.0
AASTHA CAMPHOR 25 GM,आस्था कपूर 25 ग्राम,2034-07-19,2024-10-06,2024-09-09,48,TI30289AAA2425,A9D2400026,05AELPS3782C1ZD,29142922,DEEPAK TRADERS,file1_2024-2025,1747.34,1480.7966101694915,30.849929378531073,9.0,9.0,0,18,133.27169491525422,133.27169491525422,0.0,1747.3399999999997
AASTHA CHANDAN TIKA 25 GM,आस्था चंदन टीका 25 ग्राम,2027-02-17,2024-10-06,2024-08-31,24,TI30289AAA2425,A7D2400017,05AELPS3782C1ZD,33049940,DEEPAK TRADERS,file1_2024-2025,432.48,432.48,18.02,0.0,0.0,0,0,0.0,0.0,0.0,432.48
AASTHA ROLI 25 GM,आस्था रोली 25 ग्राम,2027-02-14,2024-10-06,2024-08-28,24,TI30289AAA2425,A6D2400013,05AELPS3782C1ZD,33049940,DEEPAK TRADERS,file1_2024-2025,432.48,432.48,18.02,0.0,0.0,0,0,0.0,0.0,0.0,432.48
AASTHA COTTON WICKS PLAIN 25 GM,आस्था कपास रूई बत्ती 25 ग्राम,2027-08-18,2024-10-06,2024-09-02,24,TI30289AAA2425,A0M2400059,05AELPS3782C1ZD,33049940,DEEPAK TRADERS,file1_2024-2025,695.04,695.04,28.959999999999997,0.0,0.0,0,0,0.0,0.0,0.0,695.04
AASTHA BAMBOOLESS AGARBATI BUDDHA -80G,आस्था बांस रहित अगरबत्ती बुद्धा 80 ग्राम,2027-09-09,2024-10-06,2024-09-24,60,TI30289AAA2425,ABTT240029,05AELPS3782C1ZD,33074100,DEEPAK TRADERS,file1_2024-2025,1960.56,1867.1999999999998,31.119999999999997,2.5,2.5,0,5,46.68,46.68,0.0,1960.56
AASTHA BAMBOOLESS AGARBATI SANDAL-80G,आस्था बांस रहित अगरबत्ती चंदन 80 ग्राम,2027-09-12,2024-10-06,2024-09-27,60,TI30289AAA2425,ABWJ240009,05AELPS3782C1ZD,33074100,DEEPAK TRADERS,file1_2024-2025,1960.56,1867.1999999999998,31.119999999999997,2.5,2.5,0,5,46.68,46.68,0.0,1960.56
AASTHA BAMBOOLESS AGARBATI WHITEROSE-80G,आस्था बांस रहित अगरबत्ती सफेद गुलाब 80 ग्राम,2027-07-18,2024-10-06,2024-08-02,30,TI30289AAA2425,ABWK240001,05AELPS3782C1ZD,33074100,DEEPAK TRADERS,file1_2024-2025,980.28,933.5999999999999,31.119999999999997,2.5,2.5,0,5,23.34,23.34,0.0,980.28
AASTHA BAMBOOLESS AGARBATI WHITEROSE-80G,आस्था बांस रहित अगरबत्ती सफेद गुलाब 80 ग्राम,2027-09-12,2024-10-06,2024-09-27,30,TI30289AAA2425,ABWK240008,05AELPS3782C1ZD,33074100,DEEPAK TRADERS,file1_2024-2025,980.28,933.5999999999999,31.119999999999997,2.5,2.5,0,5,23.34,23.34,0.0,980.28
AASTHA LAVENDER DRY DHOOP STICKS - 10N,आस्था लैवेंडर ड्राई धूप स्टिक 10 नग,2026-06-14,2024-10-06,2024-06-24,12,TI30289AAA2425,AAWN240009,05AELPS3782C1ZD,33074100,DEEPAK TRADERS,file1_2024-2025,87.7,83.52380952380952,6.96031746031746,2.5,2.5,0,5,2.088095238095238,2.088095238095238,0.0,87.69999999999999
AASTHA PINEAPPLE DRY DHOOP STICKS - 10N,आस्था पाइनएप्पल ड्राई धूप स्टिक 10 नग,2026-05-08,2024-10-06,2024-05-18,12,TI30289AAA2425,AAWO240006,05AELPS3782C1ZD,33074100,DEEPAK TRADERS,file1_2024-2025,87.7,83.52380952380952,6.96031746031746,2.5,2.5,0,5,2.088095238095238,2.088095238095238,0.0,87.69999999999999
AASTHA ROSE DRY DHOOP STICKS - 10N,आस्था गुलाब ड्राई धूप स्टिक 10 नग,2026-03-24,2024-10-06,2024-04-03,12,TI30289AAA2425,AAWP240007,05AELPS3782C1ZD,33074100,DEEPAK TRADERS,file1_2024-2025,87.7,83.52380952380952,6.96031746031746,2.5,2.5,0,5,2.088095238095238,2.088095238095238,0.0,87.69999999999999
AASTHA SANDAL DRY DHOOP CONE - 20 GM,आस्था चंदन ड्राई धूप कोन 20 ग्राम,2026-04-23,2024-10-06,2024-05-03,12,TI30289AAA2425,AAXG240007,05AELPS3782C1ZD,33074100,DEEPAK TRADERS,file1_2024-2025,84.67,80.63809523809523,6.719841269841269,2.5,2.5,0,5,2.0159523809523807,2.0159523809523807,0.0,84.67
AASTHA GUGAL DRY DHOOP CONE - 20 GM,आस्था गुगल ड्राई धूप कोन 20 ग्राम,2026-04-30,2024-10-06,2024-05-10,12,TI30289AAA2425,AAXH240006,05AELPS3782C1ZD,33074100,DEEPAK TRADERS,file1_2024-2025,84.67,80.63809523809523,6.719841269841269,2.5,2.5,0,5,2.0159523809523807,2.0159523809523807,0.0,84.67
AASTHA ROSE DRY DHOOP CONE - 20 GM,आस्था गुलाब ड्राई धूप कोन 20 ग्राम,2026-05-08,2024-10-06,2024-05-18,12,TI30289AAA2425,AAXJ240007,05AELPS3782C1ZD,33074100,DEEPAK TRADERS,file1_2024-2025,84.67,80.63809523809523,6.719841269841269,2.5,2.5,0,5,2.0159523809523807,2.0159523809523807,0.0,84.67
AASTHA DRY DHOOP STICKS MUSK -8N,आस्था मस्क ड्राई धूप स्टिक 8 नग,2027-06-04,2024-10-06,2024-06-19,24,TI30289AAA2425,ABKT240004,05AELPS3782C1ZD,33074100,DEEPAK TRADERS,file1_2024-2025,158.76,151.2,6.3,2.5,2.5,0,5,3.78,3.78,0.0,158.76
AASTHA ROSE DRY DHOOP STICK-200 G,आस्था गुलाब ड्राई धूप स्टिक 200 ग्राम,2026-08-10,2024-10-06,2024-08-20,6,TI30289AAA2425,ABHP240028,05AELPS3782C1ZD,33074100,DEEPAK TRADERS,file1_2024-2025,444.47,423.3047619047619,70.55079365079365,2.5,2.5,0,5,10.582619047619048,10.582619047619048,0.0,444.47
AASTHA SANDAL DRY DHOOP STICK-200 G,आस्था चंदन ड्राई धूप स्टिक 200 ग्राम,2026-09-14,2024-10-06,2024-09-24,6,TI30289AAA2425,ABHQ240038,05AELPS3782C1ZD,33074100,DEEPAK TRADERS,file1_2024-2025,444.47,423.3047619047619,70.55079365079365,2.5,2.5,0,5,10.582619047619048,10.582619047619048,0.0,444.47
AASTHA RAJNIGANDHA DRY DHOOP STICK-200 G,आस्था रजनीगंधा ड्राई धूप स्टिक 200 ग्राम,2026-09-13,2024-10-06,2024-09-23,6,TI30289AAA2425,ABHR240029,05AELPS3782C1ZD,33074100,DEEPAK TRADERS,file1_2024-2025,444.47,423.3047619047619,70.55079365079365,2.5,2.5,0,5,10.582619047619048,10.582619047619048,0.0,444.47
AASTHA LAVENDER DRY DHOOP STICK- 200 G,आस्था लैवेंडर ड्राई धूप स्टिक 200 ग्राम,2026-06-04,2024-10-06,2024-06-14,2,TI30289AAA2425,ABHS240015,05AELPS3782C1ZD,33074100,DEEPAK TRADERS,file1_2024-2025,148.16,141.1047619047619,70.55238095238094,2.5,2.5,0,5,3.527619047619047,3.527619047619047,0.0,148.16
AASTHA LAVENDER DRY DHOOP STICK- 200 G,आस्था लैवेंडर ड्राई धूप स्टिक 200 ग्राम,2026-07-28,2024-10-06,2024-08-07,4,TI30289AAA2425,ABHS240019,05AELPS3782C1ZD,33074100,DEEPAK TRADERS,file1_2024-2025,296.31,282.2,70.55,2.5,2.5,0,5,7.055,7.055,0.0,296.31
AASTHA DRY DHOOP STICKS SANDAL-8N,आस्था चंदन ड्राई धूप स्टिक 8 नग,2027-07-22,2024-10-06,2024-08-06,12,TI30289AAA2425,ABTV240004,05AELPS3782C1ZD,33074100,DEEPAK TRADERS,file1_2024-2025,79.38,75.6,6.3,2.5,2.5,0,5,1.89,1.89,0.0,79.38
AASTHA DRY DHOOP STICKS ORANGE-8N,आस्था ऑरेंज ड्राई धूप स्टिक 8 नग,2027-04-30,2024-10-06,2024-05-15,12,TI30289AAA2425,ABKU240004,05AELPS3782C1ZD,33074100,DEEPAK TRADERS,file1_2024-2025,79.38,75.6,6.3,2.5,2.5,0,5,1.89,1.89,0.0,79.38
AASTHA MOGRA DRY DHOOP CONE - 20 GM,आस्था मोगरा ड्राई धूप कोन 20 ग्राम,2026-04-10,2024-10-06,2024-04-20,12,TI30289AAA2425,ABSF240004,05AELPS3782C1ZD,33074100,DEEPAK TRADERS,file1_2024-2025,84.67,80.63809523809523,6.719841269841269,2.5,2.5,0,5,2.0159523809523807,2.0159523809523807,0.0,84.67
AASTHA LAVENDER DRY DHOOP CONE - 20 GM,आस्था लैवेंडर ड्राई धूप कोन 20 ग्राम,2026-04-01,2024-10-06,2024-04-11,12,TI30289AAA2425,ABSE240003,05AELPS3782C1ZD,33074100,DEEPAK TRADERS,file1_2024-2025,84.67,80.63809523809523,6.719841269841269,2.5,2.5,0,5,2.0159523809523807,2.0159523809523807,0.0,84.67
AASTHA DRY DHOOP STICKS ROSE -8N,आस्था गुलाब ड्राई धूप स्टिक 8 नग,2027-07-18,2024-10-06,2024-08-02,12,TI30289AAA2425,ABTU240004,05AELPS3782C1ZD,33074100,DEEPAK TRADERS,file1_2024-2025,79.38,75.6,6.3,2.5,2.5,0,5,1.89,1.89,0.0,79.38
AASTHA DRY DHOOP STICKS BLACKPEARL -8N,आस्था ब्लैक पर्ल ड्राई धूप स्टिक 8 नग,2027-07-09,2024-10-06,2024-07-24,12,TI30289AAA2425,ABVG240003,05AELPS3782C1ZD,33074100,DEEPAK TRADERS,file1_2024-2025,79.38,75.6,6.3,2.5,2.5,0,5,1.89,1.89,0.0,79.38
AASTHA DRY DHOOP STICKS GUGAL-8N,आस्था गुगल ड्राई धूप स्टिक 8 नग,2027-07-04,2024-10-06,2024-07-19,12,TI30289AAA2425,ABVF240003,05AELPS3782C1ZD,33074100,DEEPAK TRADERS,file1_2024-2025,79.38,75.6,6.3,2.5,2.5,0,5,1.89,1.89,0.0,79.38
AASTHA CHAMPA CONE DHOOP - 200 GM,आस्था चंपा कोन धूप 200 ग्राम,2026-07-28,2024-10-06,2024-08-07,6,TI30289AAA2425,AAUX240031,05AELPS3782C1ZD,33074100,DEEPAK TRADERS,file1_2024-2025,431.74,411.18095238095236,68.53015873015873,2.5,2.5,0,5,10.279523809523809,10.279523809523809,0.0,431.74
AASTHA ROSE CONE DHOOP - 200 GM,आस्था गुलाब कोन धूप 200 ग्राम,2026-09-07,2024-10-06,2024-09-17,6,TI30289AAA2425,AAUY240051,05AELPS3782C1ZD,33074100,DEEPAK TRADERS,file1_2024-2025,431.74,411.18095238095236,68.53015873015873,2.5,2.5,0,5,10.279523809523809,10.279523809523809,0.0,431.74
AASTHA BOUQUET CONE DHOOP - 200 GM,आस्था बुके कोन धूप 200 ग्राम,2026-08-07,2024-10-06,2024-08-17,6,TI30289AAA2425,AAWA240028,05AELPS3782C1ZD,33074100,DEEPAK TRADERS,file1_2024-2025,431.74,411.18095238095236,68.53015873015873,2.5,2.5,0,5,10.279523809523809,10.279523809523809,0.0,431.74
AASTHA SANDAL CONE DHOOP - 200 GM,आस्था चंदन कोन धूप 200 ग्राम,2026-09-07,2024-10-06,2024-09-17,4,TI30289AAA2425,AAUZ240054,05AELPS3782C1ZD,33074100,DEEPAK TRADERS,file1_2024-2025,287.83,274.1238095238095,68.53095238095237,2.5,2.5,0,5,6.8530952380952375,6.8530952380952375,0.0,287.83
AASTHA SANDAL CONE DHOOP - 200 GM,आस्था चंदन कोन धूप 200 ग्राम,2026-09-14,2024-10-06,2024-09-24,2,TI30289AAA2425,AAUZ240058,05AELPS3782C1ZD,33074100,DEEPAK TRADERS,file1_2024-2025,143.91,137.05714285714285,68.52857142857142,2.5,2.5,0,5,3.426428571428571,3.426428571428571,0.0,143.91
AASTHA GUGAL CONE DHOOP - 80 GM,आस्था गुगल कोन धूप 80 ग्राम,2027-07-20,2024-10-06,2024-08-04,12,TI30289AAA2425,ABJZ240008,05AELPS3782C1ZD,33074100,DEEPAK TRADERS,file1_2024-2025,359.48,342.3619047619048,28.530158730158732,2.5,2.5,0,5,8.55904761904762,8.55904761904762,0.0,359.4800000000001
AASTHA MUSK CONE DHOOP - 80 GM,आस्था मस्क कोन धूप 80 ग्राम,2027-03-01,2024-10-06,2024-03-16,6,TI30289AAA2425,ABKA240002,05AELPS3782C1ZD,33074100,DEEPAK TRADERS,file1_2024-2025,179.74,171.1809523809524,28.530158730158732,2.5,2.5,0,5,4.27952380952381,4.27952380952381,0.0,179.74000000000004
AASTHA MUSK CONE DHOOP - 80 GM,आस्था मस्क कोन धूप 80 ग्राम,2027-04-08,2024-10-06,2024-04-23,6,TI30289AAA2425,ABKA240003,05AELPS3782C1ZD,33074100,DEEPAK TRADERS,file1_2024-2025,179.74,171.1809523809524,28.530158730158732,2.5,2.5,0,5,4.27952380952381,4.27952380952381,0.0,179.74000000000004
AASTHA MUSTARD OIL 200 ML (B)-T,आस्था सरसों का तेल 200 मि.ली.,2025-07-29,2024-10-06,2024-08-03,12,TI30289AAA2425,OF62400001,05AELPS3782C1ZD,15149920,DEEPAK TRADERS,file1_2024-2025,402.32,383.16190476190474,31.930158730158727,2.5,2.5,0,5,9.579047619047618,9.579047619047618,0.0,402.32
AMLA CHATPATA CANDY 250 G,आंवला चटपटा कैंडी 250 ग्राम,2025-08-29,2024-10-09,2024-08-29,12,TI3536AAA2425,AMV2400046,05AAECK5765H1ZE,8112010,KANHA JI DISTRIBUTORS,file1_2024-2025,820.57,781.4952380952382,65.12460317460318,2.5,2.5,0,5,19.537380952380953,19.537380952380953,0.0,820.5700000000002
PATANJALI UTSAV CHOCOLATE-4 NOS - T,पतंजलि उत्सव चॉकलेट 4 नग,2025-06-01,2024-10-09,2024-09-04,5,TI3536AAA2425,NF/CS/21,05AAECK5765H1ZE,18069010,KANHA JI DISTRIBUTORS,file1_2024-2025,1041.65,882.7542372881358,176.55084745762716,9.0,9.0,0,18,79.44788135593222,79.44788135593222,0.0,1041.65
Divya Kesh Taila 100 ml,दिव्य केश तैल 100 मि.ली.,2027-05-26,2024-10-09,2024-06-10,15,TI3536AAA2425,BKST240006,05AAECK5765H1ZE,30049011,KANHA JI DISTRIBUTORS,file1_2024-2025,1312.42,1171.8035714285713,78.1202380952381,6.0,6.0,0,12,70.30821428571427,70.30821428571427,0.0,1312.4199999999998
DIVYA LIVOGRIT 60 N - T,दिव्य लिवोग्रिट 60 नग,2027-06-16,2024-10-09,2024-07-01,20,TI3536AAA2425,BLGT240024,05AAECK5765H1ZE,30049011,KANHA JI DISTRIBUTORS,file1_2024-2025,4409.89,3937.401785714286,196.8700892857143,6.0,6.0,0,12,236.24410714285713,236.24410714285713,0.0,4409.89
SENDHA NAMAK 1 KG - T,सेंधा नमक 1 किग्रा,2026-07-22,2024-10-09,2024-08-01,1,TI3536AAA2425,SRS24,05AAECK5765H1ZE,25010010,KANHA JI DISTRIBUTORS,file1_2024-2025,1009.0,1009.0,1009.0,0.0,0.0,0,0,0.0,0.0,0.0,1009.0
Arjun Kwath 100 Gm,अर्जुन क्वाथ 100 ग्राम,2026-08-05,2024-10-09,2024-08-15,1,TI3536AAA2425,AARK240057,05AAECK5765H1ZE,30049011,KANHA JI DISTRIBUTORS,file1_2024-2025,1041.6,991.9999999999999,991.9999999999999,2.5,2.5,0,5,24.799999999999997,24.799999999999997,0.0,1041.6
RAW PEANUTS 500 GM (10 PCS),कच्ची मूंगफली 500 ग्राम (10 नग),2025-03-24,2024-10-09,2024-09-25,5,TI3536AAA2425,ABVQ240011,05AAECK5765H1ZE,12024210,KANHA JI DISTRIBUTORS,file1_2024-2025,493.34,469.847619047619,93.96952380952379,2.5,2.5,0,5,11.746190476190474,11.746190476190474,0.0,493.3399999999999
BANDHANI HING 25 G (NEW) - T,बंधनी हींग 25 ग्राम (नया),2026-02-03,2024-10-09,2024-08-12,12,TI3536AAA2425,CASX240016,05AAECK5765H1ZE,13019013,KANHA JI DISTRIBUTORS,file1_2024-2025,598.88,570.3619047619047,47.530158730158725,2.5,2.5,0,5,14.25904761904762,14.25904761904762,0.0,598.8799999999999
BANDHANI HING 50 GM (NEW) – T,बंधनी हींग 50 ग्राम (नया),2026-02-24,2024-10-09,2024-09-02,24,TI3536AAA2425,CASY240017,05AAECK5765H1ZE,13019013,KANHA JI DISTRIBUTORS,file1_2024-2025,2211.05,2105.761904761905,87.74007936507938,2.5,2.5,0,5,52.644047619047626,52.644047619047626,0.0,2211.0500000000006
HIKICK CANDY - KACHA AAM (JAR) - T,हाईकिक कैंडी - कच्चा आम (जार),2025-05-16,2024-10-09,2024-05-21,6,TI3536AAA2425,DP240007,05AAECK5765H1ZE,17049030,KANHA JI DISTRIBUTORS,file1_2024-2025,676.44,603.9642857142857,100.66071428571428,6.0,6.0,0,12,36.23785714285714,36.23785714285714,0.0,676.4399999999999
PATANJALI UTSAV CHOCOLATE-6 NOS - T,पतंजलि उत्सव चॉकलेट 6 नग,2025-06-01,2024-10-09,2024-09-04,5,TI3536AAA2425,NF/CL/21,05AAECK5765H1ZE,18069010,KANHA JI DISTRIBUTORS,file1_2024-2025,2083.35,1765.5508474576272,353.1101694915254,9.0,9.0,0,18,158.89957627118645,158.89957627118645,0.0,2083.3500000000004
TRADITIONAL WHOLE WHEAT ATTA 10 KG(UK),पारंपरिक गेहूं का आटा 10 किग्रा (यूके),2025-01-17,2024-10-09,2024-09-19,1,TI3536AAA2425,PDBKP24021,05AAECK5765H1ZE,11010000,KANHA JI DISTRIBUTORS,file1_2024-2025,1838.66,1751.104761904762,1751.104761904762,2.5,2.5,0,5,43.77761904761905,43.77761904761905,0.0,1838.66
NARIYAL BISCUIT 75 GM,नारियल बिस्किट 75 ग्राम,2025-03-15,2024-10-09,2024-09-16,1,TI3536AAA2425,IK24/AV9,05AAECK5765H1ZE,19053100,KANHA JI DISTRIBUTORS,file1_2024-2025,853.14,723.0,723.0,9.0,9.0,0,18,65.07,65.07,0.0,853.1399999999999
SHAKTI RICE XXL MINI MOGRA-2 10 KG (T),शक्ति चावल XXL मिनी मोगरा-2 10 किग्रा,2026-08-14,2024-10-09,2024-08-24,2,TI3536AAA2425,E6M2400006,05AAECK5765H1ZE,10063090,KANHA JI DISTRIBUTORS,file1_2024-2025,2982.08,2840.0761904761903,1420.0380952380951,2.5,2.5,0,5,71.00190476190475,71.00190476190475,0.0,2982.08
SHAKTI RICE XXL MINI MOGRA 10 KG (T),शक्ति चावल XXL मिनी मोगरा 10 किग्रा,2026-03-24,2024-10-09,2024-04-03,1,TI3536AAA2425,E6K2400003,05AAECK5765H1ZE,10063020,KANHA JI DISTRIBUTORS,file1_2024-2025,1701.08,1620.0761904761903,1620.0761904761903,2.5,2.5,0,5,40.501904761904754,40.501904761904754,0.0,1701.08
MAIDA 1 KG,मैदा 1 किग्रा,2025-01-03,2024-10-09,2024-09-05,1,TI3536AAA2425,AANB240020,05AAECK5765H1ZE,11010000,KANHA JI DISTRIBUTORS,file1_2024-2025,517.86,493.2,493.2,2.5,2.5,0,5,12.33,12.33,0.0,517.86
NAVRATNA ATTA 2 KG,नवरत्न आटा 2 किग्रा,2025-03-13,2024-10-09,2024-09-14,1,TI3536AAA2425,AHV2400032,05AAECK5765H1ZE,11010000,KANHA JI DISTRIBUTORS,file1_2024-2025,2959.95,2818.9999999999995,2818.9999999999995,2.5,2.5,0,5,70.475,70.475,0.0,2959.9499999999994
KHAND 1 KG,खांड 1 किग्रा,2025-09-30,2024-10-09,2024-09-30,1,TI3536AAA2425,AARQ240052,05AAECK5765H1ZE,17011420,KANHA JI DISTRIBUTORS,file1_2024-2025,2833.11,2698.2,2698.2,2.5,2.5,0,5,67.455,67.455,0.0,2833.1099999999997
UTSAV DF BOX (1*4) N-102,उत्सव डीएफ बॉक्स (1×4) N-102,2025-01-12,2024-10-09,2024-09-14,1,TI3536AAA2425,ABXN240025,05AAECK5765H1ZE,8025200,KANHA JI DISTRIBUTORS,file1_2024-2025,4994.98,4459.803571428571,4459.803571428571,6.0,6.0,0,12,267.58821428571423,267.58821428571423,0.0,4994.98
TOOTHBRUSH ALL IN ONE HANGER (144 PC) -T,टूथब्रश ऑल इन वन हैंगर 144 नग,2029-05-30,2024-10-09,2024-06-01,2,TI3536AAA2425,JBCE240001,05AAECK5765H1ZE,96032100,KANHA JI DISTRIBUTORS,file1_2024-2025,24.97,21.161016949152543,10.580508474576272,9.0,9.0,0,18,1.904491525423729,1.904491525423729,0.0,24.970000000000002
ALOEVERA JUICE 1 L (FIBRE),एलोवेरा रस (फाइबर युक्त) 1 लीटर,2025-06-09,2024-10-17,2024-09-12,1,TI3676AAA2425,PGD2400434,05AAECK5765H1ZE,30049011,KANHA JI DISTRIBUTORS,file1_2024-2025,1768.77,1579.2589285714284,1579.2589285714284,6.0,6.0,0,12,94.75553571428571,94.75553571428571,0.0,1768.77
DOODH BISCUIT 35 GM (200 PC),दूध बिस्किट 35 ग्राम (200 नग),2025-04-07,2024-10-17,2024-10-09,1,TI3676AAA2425,JC24/BP1,05AAECK5765H1ZE,19053100,KANHA JI DISTRIBUTORS,file1_2024-2025,851.96,722.0000000000001,722.0000000000001,9.0,9.0,0,18,64.98,64.98,0.0,851.9600000000002
DOODH BISCUIT 70 GM (100 PC),दूध बिस्किट 70 ग्राम (100 नग),2025-04-07,2024-10-17,2024-10-09,1,TI3676AAA2425,JC24/BP1,05AAECK5765H1ZE,19053100,KANHA JI DISTRIBUTORS,file1_2024-2025,853.14,723.0,723.0,9.0,9.0,0,18,65.07,65.07,0.0,853.1399999999999
CREAMFEAST CHOCO BISCUIT 35 GM,क्रीमफीस्ट चोको बिस्किट 35 ग्राम,2025-04-08,2024-10-17,2024-10-10,1,TI3676AAA2425,JD24/BP1,05AAECK5765H1ZE,19053100,KANHA JI DISTRIBUTORS,file1_2024-2025,589.62,499.67796610169495,499.67796610169495,9.0,9.0,0,18,44.97101694915254,44.97101694915254,0.0,589.62
CREAMFEAST ELAICHI BISCUIT 35 GM,क्रीमफीस्ट इलायची बिस्किट 35 ग्राम,2025-04-02,2024-10-17,2024-10-04,1,TI3676AAA2425,J324/BP1,05AAECK5765H1ZE,19053100,KANHA JI DISTRIBUTORS,file1_2024-2025,589.62,499.67796610169495,499.67796610169495,9.0,9.0,0,18,44.97101694915254,44.97101694915254,0.0,589.62
CREAMFEAST ORANGE BISCUIT 35 GM,क्रीमफीस्ट ऑरेंज बिस्किट 35 ग्राम,2025-03-29,2024-10-17,2024-09-30,1,TI3676AAA2425,IV24/BP1,05AAECK5765H1ZE,19053100,KANHA JI DISTRIBUTORS,file1_2024-2025,589.62,499.67796610169495,499.67796610169495,9.0,9.0,0,18,44.97101694915254,44.97101694915254,0.0,589.62
KESH KANTI HERBAL MEHANDI (NAT. BLACK)-T,केश कान्ति हर्बल मेहंदी (नेचुरल ब्लैक),2025-07-25,2024-10-17,2024-07-30,40,TI3676AAA2425,ANBL240160,05AAECK5765H1ZE,33059090,KANHA JI DISTRIBUTORS,file1_2024-2025,636.73,539.6016949152543,13.490042372881357,9.0,9.0,0,18,48.56415254237289,48.56415254237289,0.0,636.73
NEEM GHAN VATI 60 TAB,नीम घन वटी 60 टैबलेट,2026-09-08,2024-10-17,2024-09-18,24,TI3676AAA2425,AAK2400051,05AAECK5765H1ZE,30049011,KANHA JI DISTRIBUTORS,file1_2024-2025,1957.67,1747.9196428571427,72.8299851190476,6.0,6.0,0,12,104.87517857142855,104.87517857142855,0.0,1957.6699999999996
TRIPHALA CHURNA -100GM,त्रिफला चूर्ण 100 ग्राम,2026-09-05,2024-10-17,2024-09-15,25,TI3676AAA2425,ATPC240109,05AAECK5765H1ZE,30049011,KANHA JI DISTRIBUTORS,file1_2024-2025,612.41,583.247619047619,23.329904761904757,2.5,2.5,0,5,14.581190476190475,14.581190476190475,0.0,612.41
SPE. CHYWNPRSH 500 GM - FREE HONEY 50 GM,विशेष च्यवनप्राश 500 ग्राम + मुफ्त शहद 50 ग्राम,2027-01-07,2024-10-17,2024-01-23,1,TI3676AAA2425,ABKE240003,05AAECK5765H1ZE,30049011,KANHA JI DISTRIBUTORS,file1_2024-2025,3009.99,2687.491071428571,2687.491071428571,6.0,6.0,0,12,161.24946428571428,161.24946428571428,0.0,3009.9899999999993
HONEY 50 GM - OFFER PACK,शहद 50 ग्राम (ऑफर पैक),2025-01-14,2024-10-17,2024-01-20,24,TI3676AAA2425,BAKO240002,05AAECK5765H1ZE,4090000,KANHA JI DISTRIBUTORS,file1_2024-2025,0.77,0.7333333333333333,0.030555555555555555,2.5,2.5,0,5,0.018333333333333333,0.018333333333333333,0.0,0.7699999999999999
DIVYA ARJUNARISHTA - 450ML,दिव्य अर्जुनारिष्ट 450 मि.ली.,2034-07-25,2024-10-17,2024-09-15,1,TI3676AAA2425,AJN240033,05AAECK5765H1ZE,30049011,KANHA JI DISTRIBUTORS,file1_2024-2025,1885.05,1795.2857142857142,1795.2857142857142,2.5,2.5,0,5,44.88214285714285,44.88214285714285,0.0,1885.0499999999997
GARAM MASALA 100 GM (30 pcs),गरम मसाला 100 ग्राम (30 नग),2025-11-10,2024-10-23,2024-08-17,1,TI3806AAA2425,AEV2400018,05AAECK5765H1ZE,9109100,KANHA JI DISTRIBUTORS,file1_2024-2025,64.88,61.790476190476184,61.790476190476184,2.5,2.5,0,5,1.5447619047619046,1.5447619047619046,0.0,64.88
RICE BRAN OIL 1 LTR (P),चावल की भूसी का तेल 1 लीटर,2025-06-27,2024-10-23,2024-09-30,1,TI3806AAA2425,ORE2400061,05AAECK5765H1ZE,15159040,KANHA JI DISTRIBUTORS,file1_2024-2025,1793.99,1708.5619047619048,1708.5619047619048,2.5,2.5,0,5,42.71404761904761,42.71404761904761,0.0,1793.9899999999998
ATTA NOODLES CHATPATA-60 GM (96 PC) - T,आटा नूडल्स चटपटा 60 ग्राम (96 नग),2025-05-30,2024-10-23,2024-09-02,1,TI3806AAA2425,CH020924,05AAECK5765H1ZE,19022090,KANHA JI DISTRIBUTORS,file1_2024-2025,925.75,826.5624999999999,826.5624999999999,6.0,6.0,0,12,49.59374999999999,49.59374999999999,0.0,925.7499999999999
SABZI MASALA 100 GM (30 pcs),सब्जी मसाला 100 ग्राम (30 नग),2025-09-06,2024-10-23,2024-09-06,1,TI3806AAA2425,AFI2400027,05AAECK5765H1ZE,9109100,KANHA JI DISTRIBUTORS,file1_2024-2025,1331.66,1268.247619047619,1268.247619047619,2.5,2.5,0,5,31.70619047619048,31.70619047619048,0.0,1331.6599999999999
MUSTARD OIL 5 L (J)-T,सरसों का तेल 5 लीटर,2025-10-02,2024-10-23,2024-10-07,1,TI3806AAA2425,O3B2400013,05AAECK5765H1ZE,15149920,KANHA JI DISTRIBUTORS,file1_2024-2025,3416.11,3253.4380952380952,3253.4380952380952,2.5,2.5,0,5,81.33595238095239,81.33595238095239,0.0,3416.1099999999997
SUPER DISHWASH BAR-RS10/- (T.O. FREE 3N),सुपर डिशवॉश बार ₹10/- (ट्रेड ऑफर फ्री 3 नग),2027-09-10,2024-10-23,2024-09-10,1,TI3806AAA2425,AAXY240192,05AAECK5765H1ZE,34011941,KANHA JI DISTRIBUTORS,file1_2024-2025,519.67,440.39830508474574,440.39830508474574,9.0,9.0,0,18,39.635847457627115,39.635847457627115,0.0,519.67
COWS WHOLE MILK POWDER 500-GM,गाय का पूर्ण दूध पाउडर 500 ग्राम,2025-03-04,2024-10-23,2024-09-05,1,TI3806AAA2425,BLB2400012,05AAECK5765H1ZE,4021090,KANHA JI DISTRIBUTORS,file1_2024-2025,4810.93,4581.838095238096,4581.838095238096,2.5,2.5,0,5,114.5459523809524,114.5459523809524,0.0,4810.93
POHA 1 KG -T,पोहा 1 किग्रा,2025-03-19,2024-10-23,2024-09-20,1,TI3806AAA2425,BPRP200924,05AAECK5765H1ZE,19041020,KANHA JI DISTRIBUTORS,file1_2024-2025,1485.96,1415.2,1415.2,2.5,2.5,0,5,35.38,35.38,0.0,1485.9600000000003
SOOJI - 500 GM,सूजी 500 ग्राम,2025-02-08,2024-10-23,2024-10-11,1,TI3806AAA2425,PDR8240065,05AAECK5765H1ZE,11010000,KANHA JI DISTRIBUTORS,file1_2024-2025,807.96,769.4857142857143,769.4857142857143,2.5,2.5,0,5,19.237142857142857,19.237142857142857,0.0,807.96
MUSTARD OIL 1 L (B)-T,सरसों का तेल 1 लीटर,2025-10-15,2024-10-23,2024-10-20,1,TI3806AAA2425,N1B2400130,05AAECK5765H1ZE,15149920,KANHA JI DISTRIBUTORS,file1_2024-2025,2065.77,1967.3999999999999,1967.3999999999999,2.5,2.5,0,5,49.185,49.185,0.0,2065.77
HONEY 500GM OFFER WITH AMLA CANDY 100 GM,शहद 500 ग्राम (आंवला कैंडी 100 ग्राम के साथ ऑफर),2026-03-10,2024-10-23,2024-09-16,1,TI3806AAA2425,ABJO240021,05AAECK5765H1ZE,4090000,KANHA JI DISTRIBUTORS,file1_2024-2025,2855.11,2719.152380952381,2719.152380952381,2.5,2.5,0,5,67.97880952380952,67.97880952380952,0.0,2855.11
AMLA CANDY 100G POUCH (FSSAI),आंवला कैंडी 100 ग्राम पाउच (एफएसएसएआई प्रमाणित),2025-09-12,2024-10-23,2024-09-12,20,TI3806AAA2425,ABJW240079,05AAECK5765H1ZE,8112010,KANHA JI DISTRIBUTORS,file1_2024-2025,0.64,0.6095238095238095,0.030476190476190473,2.5,2.5,0,5,0.015238095238095238,0.015238095238095238,0.0,0.64
DIVYA MEDHA VATI EX.POWER 30X4 TAB,दिव्य मेधा वटी एक्स्ट्रा पावर 30×4 टैबलेट,2029-08-15,2024-10-23,2024-09-10,20,TI3806AAA2425,BMDE240089,05AAECK5765H1ZE,30049011,KANHA JI DISTRIBUTORS,file1_2024-2025,4083.3,3645.803571428571,182.29017857142856,6.0,6.0,0,12,218.74821428571428,218.74821428571428,0.0,4083.2999999999997
Chandraprabha Vati 40 Tab,चंद्रप्रभा वटी 40 टैबलेट,2029-07-10,2024-11-07,2024-08-05,20,TI4034AAA2425,BCPV240144,05AAECK5765H1ZE,30049011,KANHA JI DISTRIBUTORS,file1_2024-2025,716.73,682.6,34.13,2.5,2.5,0,5,17.065,17.065,0.0,716.7300000000001
HONEY 1KG (OFFER WITH AMLA CANDY 250 GM),शहद 1 किग्रा (आंवला कैंडी 250 ग्राम के साथ ऑफर),2026-03-07,2024-11-07,2024-09-13,1,TI4034AAA2425,ABJN240021,05AAECK5765H1ZE,4090000,KANHA JI DISTRIBUTORS,file1_2024-2025,3344.54,3185.27619047619,3185.27619047619,2.5,2.5,0,5,79.63190476190475,79.63190476190475,0.0,3344.54
AMLA CANDY 250G POUCH (FSSAI),आंवला कैंडी 250 ग्राम पाउच (एफएसएसएआई प्रमाणित),2025-09-19,2024-11-07,2024-09-19,12,TI4034AAA2425,ABJE240024,05AAECK5765H1ZE,8112010,KANHA JI DISTRIBUTORS,file1_2024-2025,0.65,0.6190476190476191,0.05158730158730159,2.5,2.5,0,5,0.015476190476190477,0.015476190476190477,0.0,0.6499999999999999
MALKA MASOOR 1000 GM (R1),मालका मसूर दाल 1000 ग्राम,2025-06-10,2024-11-07,2024-09-13,1,TI4034AAA2425,BPRMM24027,05AAECK5765H1ZE,7134000,KANHA JI DISTRIBUTORS,file1_2024-2025,1081.92,1030.4,1030.4,2.5,2.5,0,5,25.76,25.76,0.0,1081.92
DALIA 500 G,दलिया 500 ग्राम,2025-02-01,2024-11-07,2024-10-04,1,TI4034AAA2425,PDCS240301,05AAECK5765H1ZE,11031900,KANHA JI DISTRIBUTORS,file1_2024-2025,870.03,828.5999999999999,828.5999999999999,2.5,2.5,0,5,20.715,20.715,0.0,870.03
PUSHTAHAR DALIA 500 G,पुष्टाहार दलिया 500 ग्राम,2025-06-24,2024-11-07,2024-09-27,1,TI4034AAA2425,PDCQ240073,05AAECK5765H1ZE,11031900,KANHA JI DISTRIBUTORS,file1_2024-2025,1279.53,1218.6,1218.6,2.5,2.5,0,5,30.465,30.465,0.0,1279.5299999999997
COWS GHEE 1 L - T,गाय का घी 1 लीटर,2025-07-11,2024-11-07,2024-10-14,1,TI4034AAA2425,FAWC240179,05AAECK5765H1ZE,4059020,KANHA JI DISTRIBUTORS,file1_2024-2025,8961.17,8001.044642857142,8001.044642857142,6.0,6.0,0,12,480.06267857142853,480.06267857142853,0.0,8961.17
ATTA NOODLES CHATPATA-60 GM (96 PC) - T,आटा नूडल्स चटपटा 60 ग्राम (96 नग),2025-06-18,2024-11-07,2024-09-21,1,TI4034AAA2425,CH210924,05AAECK5765H1ZE,19022090,KANHA JI DISTRIBUTORS,file1_2024-2025,925.75,826.5624999999999,826.5624999999999,6.0,6.0,0,12,49.59374999999999,49.59374999999999,0.0,925.7499999999999
ATTA NOODLES DESI MASALA 60 GM (96 PC)-T,आटा नूडल्स देसी मसाला 60 ग्राम (96 नग),2025-06-23,2024-11-07,2024-09-26,1,TI4034AAA2425,DM260924,05AAECK5765H1ZE,19022090,KANHA JI DISTRIBUTORS,file1_2024-2025,925.75,826.5624999999999,826.5624999999999,6.0,6.0,0,12,49.59374999999999,49.59374999999999,0.0,925.7499999999999
GONYLE FLOOR CLEANER - 1 LTR,गोनाइल फ्लोर क्लीनर 1 लीटर,2025-09-09,2024-11-07,2024-09-14,1,TI4034AAA2425,3093/24-25,05AAECK5765H1ZE,38084000,KANHA JI DISTRIBUTORS,file1_2024-2025,623.89,528.7203389830509,528.7203389830509,9.0,9.0,0,18,47.58483050847458,47.58483050847458,0.0,623.8900000000001
DIVYA KANTHAMRIT CHEWABLE TABLET 40 N -T,दिव्य कंठामृत चबाने योग्य टैबलेट 40 नग,2027-09-05,2024-11-07,2024-09-20,40,TI4034AAA2425,ADKT240019,05AAECK5765H1ZE,30049011,KANHA JI DISTRIBUTORS,file1_2024-2025,1306.82,1166.8035714285713,29.170089285714283,6.0,6.0,0,12,70.00821428571427,70.00821428571427,0.0,1306.82
DIVYA KANTHAMRIT CHEWABLE TABLET 80 N -T,दिव्य कंठामृत चबाने योग्य टैबलेट 80 नग,2027-08-26,2024-11-07,2024-09-10,20,TI4034AAA2425,ADKT240018,05AAECK5765H1ZE,30049011,KANHA JI DISTRIBUTORS,file1_2024-2025,1225.06,1093.8035714285713,54.69017857142857,6.0,6.0,0,12,65.62821428571428,65.62821428571428,0.0,1225.0599999999997
DIVYA SWASARI PRAVAHI - 250 ML - T,दिव्य स्वासारी प्रवाही 250 मि.ली.,2027-08-21,2024-11-07,2024-09-05,1,TI4034AAA2425,BSSP240046,05AAECK5765H1ZE,30049011,KANHA JI DISTRIBUTORS,file1_2024-2025,2436.67,2175.598214285714,2175.598214285714,6.0,6.0,0,12,130.53589285714287,130.53589285714287,0.0,2436.6699999999996
ALMOND (BADAM) 250 GM (MONO),बादाम 250 ग्राम,2025-03-16,2024-11-07,2024-09-17,2,TI4034AAA2425,AART240033,05AAECK5765H1ZE,8021100,KANHA JI DISTRIBUTORS,file1_2024-2025,563.56,503.17857142857133,251.58928571428567,6.0,6.0,0,12,30.19071428571428,30.19071428571428,0.0,563.56
MUNAKKA RAISIN 250 GM (MONO),मुनक्का किशमिश 250 ग्राम,2025-03-22,2024-11-07,2024-09-23,4,TI4034AAA2425,AARU240019,05AAECK5765H1ZE,8062090,KANHA JI DISTRIBUTORS,file1_2024-2025,968.69,922.5619047619048,230.6404761904762,2.5,2.5,0,5,23.06404761904762,23.06404761904762,0.0,968.69
ANARDANA GOLI 100 G,अनारदाना गोली 100 ग्राम,2025-09-17,2024-11-07,2024-09-17,25,TI4034AAA2425,AEB2400028,05AAECK5765H1ZE,30049011,KANHA JI DISTRIBUTORS,file1_2024-2025,852.54,761.1964285714284,30.44785714285714,6.0,6.0,0,12,45.671785714285704,45.671785714285704,0.0,852.54
SHODHIT HARAD 100 G,शोधित हरड़ 100 ग्राम,2025-09-14,2024-11-07,2024-09-14,25,TI4034AAA2425,AFP2400028,05AAECK5765H1ZE,30049011,KANHA JI DISTRIBUTORS,file1_2024-2025,852.54,761.1964285714284,30.44785714285714,6.0,6.0,0,12,45.671785714285704,45.671785714285704,0.0,852.54
SAUNDARYA ALOEVERA GEL 150 ML,सौंदर्य एलोवेरा जेल 150 मि.ली.,2026-02-13,2024-11-07,2024-08-22,24,TI4034AAA2425,AAHP240181,05AAECK5765H1ZE,33049910,KANHA JI DISTRIBUTORS,file1_2024-2025,1955.78,1657.4406779661017,69.06002824858757,9.0,9.0,0,18,149.16966101694916,149.16966101694916,0.0,1955.7800000000002
SAUNDARYA ALOEVERA GEL 60 ML,सौंदर्य एलोवेरा जेल 60 मि.ली.,2026-01-28,2024-11-07,2024-08-06,24,TI4034AAA2425,AAHQ240179,05AAECK5765H1ZE,33049910,KANHA JI DISTRIBUTORS,file1_2024-2025,977.89,828.7203389830509,34.530014124293785,9.0,9.0,0,18,74.58483050847458,74.58483050847458,0.0,977.8900000000001
KESH KANTI REETHA HAIR CLEANSER 180 ML,केश कान्ति रीठा हेयर क्लींज़र 180 मि.ली.,2026-08-30,2024-11-07,2024-09-09,18,TI4034AAA2425,ABAB240010,05AAECK5765H1ZE,33051090,KANHA JI DISTRIBUTORS,file1_2024-2025,1686.88,1429.5593220338985,79.41996233521658,9.0,9.0,0,18,128.66033898305085,128.66033898305085,0.0,1686.8800000000003
KESH KANTI HAIR CLEANSER M.PROTIEN 180ML,केश कान्ति हेयर क्लींज़र मिल्क प्रोटीन 180 मि.ली.,2026-09-27,2024-11-07,2024-10-07,18,TI4034AAA2425,AAVN240016,05AAECK5765H1ZE,33051090,KANHA JI DISTRIBUTORS,file1_2024-2025,1686.88,1429.5593220338985,79.41996233521658,9.0,9.0,0,18,128.66033898305085,128.66033898305085,0.0,1686.8800000000003
KESH K. ANTI-D. HAIR CLEANSER 180ML T.O.,केश कान्ति एंटी-डैंड्रफ हेयर क्लींज़र 180 मि.ली. (ट्रेड ऑफर),2026-08-27,2024-11-07,2024-08-27,18,TI4034AAA2425,ABTY240008,05AAECK5765H1ZE,33051090,KANHA JI DISTRIBUTORS,file1_2024-2025,1827.28,1548.542372881356,86.030131826742,9.0,9.0,0,18,139.36881355932204,139.36881355932204,0.0,1827.28
GASHER CHURAN - 100 GM - T,गैशर चूर्ण 100 ग्राम,2026-09-05,2024-11-07,2024-09-15,25,TI4034AAA2425,BGHC240029,05AAECK5765H1ZE,30049011,KANHA JI DISTRIBUTORS,file1_2024-2025,2143.68,1913.9999999999998,76.55999999999999,6.0,6.0,0,12,114.83999999999997,114.83999999999997,0.0,2143.68
DIVYA GODHAN ARK - 450ML,दिव्य गोधन अर्क 450 मि.ली.,2025-09-10,2024-11-07,2024-09-15,1,TI4034AAA2425,AGDA240036,05AAECK5765H1ZE,30049011,KANHA JI DISTRIBUTORS,file1_2024-2025,816.7,729.1964285714286,729.1964285714286,6.0,6.0,0,12,43.75178571428572,43.75178571428572,0.0,816.6999999999999
PEEDANTAK PAIN RELIEVER 50 G,पीड़ान्तक दर्द निवारक क्रीम 50 ग्राम,2026-09-17,2024-11-07,2024-09-17,12,TI4034AAA2425,AAD2400007,05AAECK5765H1ZE,30049011,KANHA JI DISTRIBUTORS,file1_2024-2025,669.98,598.1964285714286,49.84970238095238,6.0,6.0,0,12,35.89178571428572,35.89178571428572,0.0,669.9799999999999
DIVYA DHARA 10 ML (800 PC),दिव्य धारा 10 मि.ली. (800 नग),2027-08-21,2024-11-07,2024-09-05,20,TI4034AAA2425,ADYD240018,05AAECK5765H1ZE,30049011,KANHA JI DISTRIBUTORS,file1_2024-2025,734.94,656.1964285714286,32.809821428571425,6.0,6.0,0,12,39.371785714285714,39.371785714285714,0.0,734.9399999999999
DIVYA ORTHOGRIT 60 N - T,दिव्य ऑर्थोग्रिट 60 नग,2027-08-31,2024-11-07,2024-09-15,20,TI4034AAA2425,AOTT240055,05AAECK5765H1ZE,30049011,KANHA JI DISTRIBUTORS,file1_2024-2025,5880.0,5249.999999999999,262.49999999999994,6.0,6.0,0,12,314.99999999999994,314.99999999999994,0.0,5879.999999999999
DANT KANTI JUNIOR TP.(STRAWBERY)-80G C.O,दंत कान्ति जूनियर टूथपेस्ट (स्ट्रॉबेरी) 80 ग्राम (कॉम्बो ऑफर),2026-09-10,2024-11-07,2024-09-10,12,TI4034AAA2425,ABRS240002,05AAECK5765H1ZE,33061020,KANHA JI DISTRIBUTORS,file1_2024-2025,917.57,777.6016949152544,64.80014124293787,9.0,9.0,0,18,69.9841525423729,69.9841525423729,0.0,917.5700000000002
DANT KANTI ALOEVERA GEL TOOTHPASTE 80 GM,दंत कान्ति एलोवेरा जेल टूथपेस्ट 80 ग्राम,2026-02-03,2024-11-07,2024-08-12,12,TI4034AAA2425,A4R2400005,05AAECK5765H1ZE,33061020,KANHA JI DISTRIBUTORS,file1_2024-2025,612.99,519.4830508474577,43.29025423728814,9.0,9.0,0,18,46.753474576271195,46.753474576271195,0.0,612.99
DANT KANTI RED TP.(PAN FL.)80G+25% EXTRA,दंत कान्ति रेड टूथपेस्ट (पान फ्लेवर) 80 ग्राम + 25% अतिरिक्त,2026-05-09,2024-11-07,2024-05-09,12,TI4034AAA2425,ABSK240001,05AAECK5765H1ZE,33061020,KANHA JI DISTRIBUTORS,file1_2024-2025,596.42,505.4406779661017,42.12005649717514,9.0,9.0,0,18,45.48966101694916,45.48966101694916,0.0,596.4200000000001
DANT KANTI FRESH ACTIVE GEL T.P 80 GM,दंत कान्ति फ्रेश एक्टिव जेल टूथपेस्ट 80 ग्राम,2025-10-04,2024-11-07,2024-04-12,12,TI4034AAA2425,A3M2400002,05AAECK5765H1ZE,33061020,KANHA JI DISTRIBUTORS,file1_2024-2025,459.78,389.64406779661016,32.470338983050844,9.0,9.0,0,18,35.067966101694914,35.067966101694914,0.0,459.78000000000003
DANT KANTI MEDICATED ORAL GEL 100 G(48),दंत कान्ति मेडिकेटेड ओरल जेल 100 ग्राम (48 नग),2026-04-15,2024-11-07,2024-10-22,12,TI4034AAA2425,AH22400037,05AAECK5765H1ZE,33061020,KANHA JI DISTRIBUTORS,file1_2024-2025,460.77,390.4830508474576,32.54025423728813,9.0,9.0,0,18,35.14347457627118,35.14347457627118,0.0,460.7699999999999
DANT KANTI SENSITIVE TP-50GX3 DISP. PACK,दंत कान्ति सेंसिटिव टूथपेस्ट 50 ग्राम × 3 डिस्पेंसर पैक,2026-06-08,2024-11-07,2024-06-18,3,TI4034AAA2425,AASB240003,05AAECK5765H1ZE,33061020,KANHA JI DISTRIBUTORS,file1_2024-2025,520.13,440.7881355932204,146.92937853107347,9.0,9.0,0,18,39.67093220338983,39.67093220338983,0.0,520.13
SPE. CHYWNPRSH 1 KG - FREE HONEY 100 GM,विशेष च्यवनप्राश 1 किग्रा + मुफ्त शहद 100 ग्राम,2026-12-27,2024-11-07,2024-01-12,1,TI4034AAA2425,ABKF240006,05AAECK5765H1ZE,30049011,KANHA JI DISTRIBUTORS,file1_2024-2025,2928.71,2614.9196428571427,2614.9196428571427,6.0,6.0,0,12,156.89517857142854,156.89517857142854,0.0,2928.7099999999996
PATANJALI HONEY 100 GM (OFFER PACK),पतंजलि शहद 100 ग्राम (ऑफर पैक),2026-03-07,2024-11-07,2024-09-13,12,TI4034AAA2425,ABKG240011,05AAECK5765H1ZE,4090000,KANHA JI DISTRIBUTORS,file1_2024-2025,0.66,0.6285714285714286,0.05238095238095238,2.5,2.5,0,5,0.015714285714285715,0.015714285714285715,0.0,0.6599999999999999
HERBAL WASH DETERGENT POWDER 1 KG,हर्बल वॉश डिटर्जेंट पाउडर 1 किग्रा,2029-09-22,2024-11-07,2024-09-23,1,TI4034AAA2425,AM92400082,05AAECK5765H1ZE,34029011,KANHA JI DISTRIBUTORS,file1_2024-2025,1517.48,1286.0,1286.0,9.0,9.0,0,18,115.74,115.74,0.0,1517.48
AMLA JUICE 1 L,आंवला रस 1 लीटर,2025-10-11,2024-11-23,2024-10-11,1,TI4371AAA2425,AGH2400214,05AAECK5765H1ZE,30049011,KANHA JI DISTRIBUTORS,file1_2024-2025,1179.18,1052.8392857142858,1052.8392857142858,6.0,6.0,0,12,63.17035714285715,63.17035714285715,0.0,1179.1800000000003
MUSTARD OIL 1 L (B)-T,सरसों का तेल 1 लीटर,2025-11-09,2024-11-23,2024-11-14,1,TI4371AAA2425,O1B2400069,05AAECK5765H1ZE,15149920,KANHA JI DISTRIBUTORS,file1_2024-2025,2065.77,1967.3999999999999,1967.3999999999999,2.5,2.5,0,5,49.185,49.185,0.0,2065.77
SUGAR 5 KG,चीनी 5 किग्रा,2026-10-01,2024-11-23,2024-10-11,1,TI4371AAA2425,BAIW240065,05AAECK5765H1ZE,17011490,KANHA JI DISTRIBUTORS,file1_2024-2025,1744.97,1661.8761904761905,1661.8761904761905,2.5,2.5,0,5,41.54690476190476,41.54690476190476,0.0,1744.9699999999998
SESAME OIL 1 L (B)-T,तिल का तेल 1 लीटर,2025-07-20,2024-11-23,2024-10-23,1,TI4371AAA2425,JACQ240062,05AAECK5765H1ZE,15155091,KANHA JI DISTRIBUTORS,file1_2024-2025,2722.81,2593.152380952381,2593.152380952381,2.5,2.5,0,5,64.82880952380953,64.82880952380953,0.0,2722.81
CORIANDER POWDER 200 GM,धनिया पाउडर 200 ग्राम,2025-10-08,2024-11-23,2024-10-08,1,TI4371AAA2425,AJE2400025,05AAECK5765H1ZE,9092200,KANHA JI DISTRIBUTORS,file1_2024-2025,1229.45,1170.904761904762,1170.904761904762,2.5,2.5,0,5,29.272619047619045,29.272619047619045,0.0,1229.4499999999998
TURMERIC POWDER 200 GM,हल्दी पाउडर 200 ग्राम,2025-09-11,2024-11-23,2024-09-11,1,TI4371AAA2425,AJC2400055,05AAECK5765H1ZE,9103030,KANHA JI DISTRIBUTORS,file1_2024-2025,1680.21,1600.2,1600.2,2.5,2.5,0,5,40.005,40.005,0.0,1680.2100000000003
DOODH BISCUIT 35 GM (200 PC),दूध बिस्किट 35 ग्राम (200 नग),2025-05-10,2024-11-23,2024-11-11,1,TI4371AAA2425,KF24/AV9,05AAECK5765H1ZE,19053100,KANHA JI DISTRIBUTORS,file1_2024-2025,851.96,722.0000000000001,722.0000000000001,9.0,9.0,0,18,64.98,64.98,0.0,851.9600000000002
TRADITIONAL WHOLE WHEAT ATTA 5 KG(UK),पारंपरिक गेहूं का आटा 5 किग्रा (यूके),2025-02-05,2024-11-23,2024-10-08,1,TI4371AAA2425,PDBKQ24021,05AAECK5765H1ZE,11010000,KANHA JI DISTRIBUTORS,file1_2024-2025,1542.74,1469.2761904761903,1469.2761904761903,2.5,2.5,0,5,36.73190476190476,36.73190476190476,0.0,1542.74
SHATAVAR CHURNA (Ayurvedic Medicine),शतावरी चूर्ण (आयुर्वेदिक औषधि),2025-10-11,2024-11-23,2024-10-11,10,TI4372AAA2425,ABEE240094,05AAECK5765H1ZE,30049011,KANHA JI DISTRIBUTORS,file1_2024-2025,1567.55,1492.9047619047617,149.29047619047617,2.5,2.5,0,5,37.32261904761904,37.32261904761904,0.0,1567.55
VIRGIN COCONUT OIL 500 ML (B) - T,वर्जिन नारियल तेल 500 मि.ली.,2026-01-01,2024-11-23,2024-10-08,6,TI4372AAA2425,C9G2400007,05AAECK5765H1ZE,15131900,KANHA JI DISTRIBUTORS,file1_2024-2025,1663.39,1584.1809523809525,264.03015873015875,2.5,2.5,0,5,39.60452380952381,39.60452380952381,0.0,1663.3900000000003
PAT NUTRELA BONE HEALTH NATURAL CAPSULE,न्यूट्रेला बोन हेल्थ नेचुरल कैप्सूल,2027-09-13,2024-11-23,2024-09-13,6,TI4372AAA2425,AANN240016,05AAECK5765H1ZE,30049011,KANHA JI DISTRIBUTORS,file1_2024-2025,909.08,811.6785714285713,135.2797619047619,6.0,6.0,0,12,48.70071428571428,48.70071428571428,0.0,909.0799999999999
Divya Sarvakalp Kwath 100 Gm,दिव्य सर्वकल्प क्वाथ 100 ग्राम,2026-09-05,2024-11-23,2024-09-15,50,TI4372AAA2425,ASKK240036,05AAECK5765H1ZE,30049011,KANHA JI DISTRIBUTORS,file1_2024-2025,1458.24,1301.9999999999998,26.039999999999996,6.0,6.0,0,12,78.11999999999998,78.11999999999998,0.0,1458.2399999999996
HERBAL FACIAL FOAM 60 GM,हर्बल फेशियल फोम 60 ग्राम,2026-07-28,2024-11-23,2024-08-07,24,TI4372AAA2425,AJN2400008,05AAECK5765H1ZE,34013090,KANHA JI DISTRIBUTORS,file1_2024-2025,1283.46,1087.677966101695,45.31991525423729,9.0,9.0,0,18,97.89101694915254,97.89101694915254,0.0,1283.46
SAUNDARYA ALOEVERA GEL K. CHANDAN 150 ML,सौंदर्य एलोवेरा जेल केसर-चंदन 150 मि.ली.,2026-03-04,2024-11-23,2024-09-10,24,TI4372AAA2425,AAHV240050,05AAECK5765H1ZE,33049910,KANHA JI DISTRIBUTORS,file1_2024-2025,2346.88,1988.8813559322036,82.87005649717516,9.0,9.0,0,18,178.99932203389832,178.99932203389832,0.0,2346.88
SAUNDARYA ALOEVERA GEL 60 ML,सौंदर्य एलोवेरा जेल 60 मि.ली.,2026-02-24,2024-11-23,2024-09-02,24,TI4372AAA2425,AAHQ240196,05AAECK5765H1ZE,33049910,KANHA JI DISTRIBUTORS,file1_2024-2025,977.89,828.7203389830509,34.530014124293785,9.0,9.0,0,18,74.58483050847458,74.58483050847458,0.0,977.8900000000001
GUR 1 KG,गुड़ 1 किग्रा,2025-09-01,2024-12-11,2024-12-05,1,TI4723AAA2425,AARA240040,05AAECK5765H1ZE,17011410,KANHA JI DISTRIBUTORS,file1_2024-2025,1233.67,1174.9238095238095,1174.9238095238095,2.5,2.5,0,5,29.37309523809524,29.37309523809524,0.0,1233.6699999999998
MADHURAM 1 KG,मधुरम गुड़ पाउडर 1 किग्रा,2025-10-21,2024-12-11,2024-10-21,1,TI4723AAA2425,AHG2400249,05AAECK5765H1ZE,17011410,KANHA JI DISTRIBUTORS,file1_2024-2025,2177.05,2073.3809523809523,2073.3809523809523,2.5,2.5,0,5,51.83452380952381,51.83452380952381,0.0,2177.05
SENDHA NAMAK 1 KG - T,सेंधा नमक 1 किग्रा,2026-08-22,2024-12-11,2024-09-01,1,TI4723AAA2425,SRS24,05AAECK5765H1ZE,25010010,KANHA JI DISTRIBUTORS,file1_2024-2025,1009.0,1009.0,1009.0,0.0,0.0,0,0,0.0,0.0,0.0,1009.0
ALOEVERA JUICE 1 L (FIBRE),एलोवेरा रस (फाइबर युक्त) 1 लीटर,2025-07-14,2024-12-11,2024-10-17,1,TI4723AAA2425,PGD2400488,05AAECK5765H1ZE,30049011,KANHA JI DISTRIBUTORS,file1_2024-2025,1768.77,1579.2589285714284,1579.2589285714284,6.0,6.0,0,12,94.75553571428571,94.75553571428571,0.0,1768.77
AMLA JUICE 1 L,आंवला रस 1 लीटर,2025-10-23,2024-12-11,2024-10-23,1,TI4723AAA2425,AGH2400222,05AAECK5765H1ZE,30049011,KANHA JI DISTRIBUTORS,file1_2024-2025,1179.18,1052.8392857142858,1052.8392857142858,6.0,6.0,0,12,63.17035714285715,63.17035714285715,0.0,1179.1800000000003
GILOY JUICE 500 ML,गिलोय रस 500 मि.ली.,2025-10-24,2024-12-11,2024-10-24,1,TI4723AAA2425,PFY2400018,05AAECK5765H1ZE,30049011,KANHA JI DISTRIBUTORS,file1_2024-2025,861.37,769.0803571428571,769.0803571428571,6.0,6.0,0,12,46.14482142857143,46.14482142857143,0.0,861.3699999999999
KARELA JAMUN 50-50 JUICE - 500 ML,करेला-जामुन 50-50 रस 500 मि.ली.,2025-10-17,2024-12-11,2024-10-17,1,TI4723AAA2425,ABPB240019,05AAECK5765H1ZE,30049011,KANHA JI DISTRIBUTORS,file1_2024-2025,1435.66,1281.8392857142856,1281.8392857142856,6.0,6.0,0,12,76.91035714285714,76.91035714285714,0.0,1435.6599999999996
SPE. CHYWNPRSH 1 KG - FREE HONEY 100 GM,विशेष च्यवनप्राश 1 किग्रा + मुफ्त शहद 100 ग्राम,2027-09-02,2024-12-11,2024-09-17,1,TI4723AAA2425,ABKF240012,05AAECK5765H1ZE,30049011,KANHA JI DISTRIBUTORS,file1_2024-2025,3101.01,2768.7589285714284,2768.7589285714284,6.0,6.0,0,12,166.12553571428572,166.12553571428572,0.0,3101.01
PATANJALI HONEY 100 GM (OFFER PACK),पतंजलि शहद 100 ग्राम (ऑफर पैक),2026-04-17,2024-12-11,2024-10-24,12,TI4723AAA2425,ABKG240015,05AAECK5765H1ZE,4090000,KANHA JI DISTRIBUTORS,file1_2024-2025,0.53,0.5047619047619047,0.04206349206349206,2.5,2.5,0,5,0.012619047619047618,0.012619047619047618,0.0,0.53
DANT KANTI DENTAL CREAM (ADV) 2X100-GM,दंत कान्ति डेंटल क्रीम (एडवांस) 100 ग्राम × 2,2026-05-12,2024-12-11,2024-11-18,1,TI4723AAA2425,AF82400015,05AAECK5765H1ZE,33061020,KANHA JI DISTRIBUTORS,file1_2024-2025,4400.08,3728.8813559322034,3728.8813559322034,9.0,9.0,0,18,335.59932203389826,335.59932203389826,0.0,4400.08
TRADITIONAL WHOLE WHEAT ATTA 10 KG(UK),पारंपरिक गेहूं का आटा 10 किग्रा (यूके),2025-04-07,2024-12-11,2024-12-08,2,TI4723AAA2425,PDBKP24028,05AAECK5765H1ZE,11010000,KANHA JI DISTRIBUTORS,file1_2024-2025,3811.82,3630.304761904762,1815.152380952381,2.5,2.5,0,5,90.75761904761904,90.75761904761904,0.0,3811.8199999999997
TRADITIONAL WHOLE WHEAT ATTA 5 KG(UK),पारंपरिक गेहूं का आटा 5 किग्रा (यूके),2025-03-14,2024-12-11,2024-11-14,1,TI4723AAA2425,PDBKQ24024,05AAECK5765H1ZE,11010000,KANHA JI DISTRIBUTORS,file1_2024-2025,1614.48,1537.6,1537.6,2.5,2.5,0,5,38.44,38.44,0.0,1614.48
SESAME OIL 1 L (B)-T,तिल का तेल 1 लीटर,2025-08-15,2024-12-11,2024-11-18,3,TI4723AAA2425,JACQ240072,05AAECK5765H1ZE,15155091,KANHA JI DISTRIBUTORS,file1_2024-2025,8168.44,7779.466666666666,2593.1555555555556,2.5,2.5,0,5,194.48666666666665,194.48666666666665,0.0,8168.44
NAVRATNA ATTA 2 KG,नवरत्न आटा 2 किग्रा,2025-04-17,2024-12-11,2024-10-19,1,TI4723AAA2425,AHV2400037,05AAECK5765H1ZE,11010000,KANHA JI DISTRIBUTORS,file1_2024-2025,2959.95,2818.9999999999995,2818.9999999999995,2.5,2.5,0,5,70.475,70.475,0.0,2959.9499999999994
OATS 500GM - T,ओट्स 500 ग्राम,2025-11-14,2024-12-11,2024-11-14,1,TI4723AAA2425,ANO141124,05AAECK5765H1ZE,11041200,KANHA JI DISTRIBUTORS,file1_2024-2025,1700.5,1619.5238095238094,1619.5238095238094,2.5,2.5,0,5,40.488095238095234,40.488095238095234,0.0,1700.4999999999998
JAMUN VINEGAR 500 ML,जामुन का सिरका 500 मि.ली.,2025-10-08,2024-12-11,2024-10-08,1,TI4723AAA2425,AGB2400021,05AAECK5765H1ZE,22090090,KANHA JI DISTRIBUTORS,file1_2024-2025,763.93,647.3983050847457,647.3983050847457,9.0,9.0,0,18,58.26584745762712,58.26584745762712,0.0,763.9300000000001
APPLE VINEGAR 500 ML,सेब का सिरका 500 मि.ली.,2026-03-31,2024-12-11,2024-10-07,1,TI4723AAA2425,AB52400041,05AAECK5765H1ZE,22090090,KANHA JI DISTRIBUTORS,file1_2024-2025,2482.81,2104.076271186441,2104.076271186441,9.0,9.0,0,18,189.36686440677968,189.36686440677968,0.0,2482.8100000000004
DIVYA ABHYARISHTA 450ML,दिव्य अभयारिष्ट 450 मि.ली.,2034-10-30,2024-12-11,2024-11-01,1,TI4723AAA2425,ABY240042,05AAECK5765H1ZE,30049011,KANHA JI DISTRIBUTORS,file1_2024-2025,1885.05,1795.2857142857142,1795.2857142857142,2.5,2.5,0,5,44.88214285714285,44.88214285714285,0.0,1885.0499999999997
MUSTARD OIL 1 L (P)-T,सरसों का तेल 1 लीटर,2025-11-17,2024-12-11,2024-11-22,4,TI4723AAA2425,N2B2400092,05AAECK5765H1ZE,15149920,KANHA JI DISTRIBUTORS,file1_2024-2025,7794.02,7422.8761904761905,1855.7190476190476,2.5,2.5,0,5,185.57190476190476,185.57190476190476,0.0,7794.02
DIVYA SWASARI PRAVAHI - 250 ML - T,दिव्य स्वासारी प्रवाही 250 मि.ली.,2027-10-31,2024-12-11,2024-11-15,1,TI4723AAA2425,BSSP240062,05AAECK5765H1ZE,30049011,KANHA JI DISTRIBUTORS,file1_2024-2025,2436.67,2175.598214285714,2175.598214285714,6.0,6.0,0,12,130.53589285714287,130.53589285714287,0.0,2436.6699999999996
SUPER DISHWASH BAR-RS10/- (T.O. FREE 3N),सुपर डिशवॉश बार ₹10/- (ट्रेड ऑफर फ्री 3 नग),2027-11-07,2024-12-11,2024-11-07,4,TI4723AAA2425,AAXY240233,05AAECK5765H1ZE,34011941,KANHA JI DISTRIBUTORS,file1_2024-2025,2078.69,1761.6016949152545,440.4004237288136,9.0,9.0,0,18,158.5441525423729,158.5441525423729,0.0,2078.6900000000005
SUPER DISHWASH BAR-225 G B3G1 FREE,सुपर डिशवॉश बार 225 ग्राम (खरीदो 3 पाओ 1 मुफ्त),2027-11-27,2024-12-11,2024-11-27,4,TI4723AAA2425,AAXW240071,05AAECK5765H1ZE,34011990,KANHA JI DISTRIBUTORS,file1_2024-2025,2693.8,2282.881355932204,570.720338983051,9.0,9.0,0,18,205.45932203389836,205.45932203389836,0.0,2693.8000000000006
DANT KANTI NATURAL(200GX3)BIG SAVER PACK,दंत कान्ति नेचुरल (200 ग्राम × 3) बड़ा बचत पैक,2026-10-14,2024-12-11,2024-10-24,1,TI4723AAA2425,AAPW240032,05AAECK5765H1ZE,33061020,KANHA JI DISTRIBUTORS,file1_2024-2025,5658.9,4795.677966101694,4795.677966101694,9.0,9.0,0,18,431.6110169491525,431.6110169491525,0.0,5658.899999999999
RICE BRAN OIL 1 LTR (P),चावल की भूसी का तेल 1 लीटर,2025-08-27,2024-12-11,2024-11-30,1,TI4723AAA2425,ORE2400073,05AAECK5765H1ZE,15159040,KANHA JI DISTRIBUTORS,file1_2024-2025,1957.03,1863.838095238095,1863.838095238095,2.5,2.5,0,5,46.595952380952376,46.595952380952376,0.0,1957.03
GONYLE FLOOR CLEANER - 5 LTR,गोनाइल फ्लोर क्लीनर 5 लीटर,2025-11-26,2024-12-11,2024-12-01,1,TI4723AAA2425,0823/24-25,05AAECK5765H1ZE,38084000,KANHA JI DISTRIBUTORS,file1_2024-2025,980.39,830.8389830508474,830.8389830508474,9.0,9.0,0,18,74.77550847457627,74.77550847457627,0.0,980.3900000000001
CHANA DAL 1000 GM (R1),चना दाल 1000 ग्राम,2025-07-05,2024-12-11,2024-10-08,1,TI4723AAA2425,BPRCD24024,05AAECK5765H1ZE,7139010,KANHA JI DISTRIBUTORS,file1_2024-2025,1263.78,1203.6,1203.6,2.5,2.5,0,5,30.09,30.09,0.0,1263.7799999999997
IODIZED NAMAK 1 KG (NEW) - T,आयोडीन युक्त नमक 1 किग्रा (नया),2026-07-22,2024-12-12,2024-08-01,1,TI4741AAA2425,SC-24,05AAECK5765H1ZE,25010010,KANHA JI DISTRIBUTORS,file1_2024-2025,260.0,260.0,260.0,0.0,0.0,0,0,0.0,0.0,0.0,260.0
MIX DAL 1000 GM (R1),मिक्स दाल 1000 ग्राम,2025-08-11,2024-12-12,2024-11-14,1,TI4741AAA2425,BPMXD24041,05AAECK5765H1ZE,7139090,KANHA JI DISTRIBUTORS,file1_2024-2025,1367.63,1302.504761904762,1302.504761904762,2.5,2.5,0,5,32.56261904761905,32.56261904761905,0.0,1367.6300000000003
TURMERIC CHARCOAL BATHING BAR 125G(B3G1),हल्दी चारकोल बाथिंग बार 125 ग्राम (खरीदो 3 पाओ 1 मुफ्त),2026-06-23,2024-12-12,2024-06-23,1,TI4741AAA2425,CBVR240002,05AAECK5765H1ZE,34011941,KANHA JI DISTRIBUTORS,file1_2024-2025,4244.04,3596.64406779661,3596.64406779661,9.0,9.0,0,18,323.69796610169493,323.69796610169493,0.0,4244.04
SHEA-SAFRON CREAM BATHING BAR 125G(B3G1),शीया-सैफ्रन क्रीम बाथिंग बार 125 ग्राम (खरीदो 3 पाओ 1 मुफ्त),2026-06-26,2024-12-12,2024-06-26,1,TI4741AAA2425,CBVS240002,05AAECK5765H1ZE,34011941,KANHA JI DISTRIBUTORS,file1_2024-2025,4456.29,3776.5169491525426,3776.5169491525426,9.0,9.0,0,18,339.8865254237288,339.8865254237288,0.0,4456.29
JEERA BISCUIT 70 GM,जीरा बिस्किट 70 ग्राम,2025-05-29,2024-12-12,2024-11-30,1,TI4741AAA2425,KA24/BP1,05AAECK5765H1ZE,19053100,KANHA JI DISTRIBUTORS,file1_2024-2025,614.26,520.5593220338983,520.5593220338983,9.0,9.0,0,18,46.85033898305084,46.85033898305084,0.0,614.26
7 GRAIN DIGESTIVE BISCUIT 200 GM,7 ग्रेन डाइजेस्टिव बिस्किट 200 ग्राम,2025-04-02,2024-12-12,2024-10-04,1,TI4741AAA2425,J324/BP1,05AAECK5765H1ZE,19053100,KANHA JI DISTRIBUTORS,file1_2024-2025,1278.88,1083.7966101694917,1083.7966101694917,9.0,9.0,0,18,97.54169491525425,97.54169491525425,0.0,1278.8800000000003
BUTTER TOP BISCUIT 70 GM,बटर टॉप बिस्किट 70 ग्राम,2025-02-09,2024-12-12,2024-08-13,1,TI4741AAA2425,HD24/BP1,05AAECK5765H1ZE,19059020,KANHA JI DISTRIBUTORS,file1_2024-2025,853.14,723.0,723.0,9.0,9.0,0,18,65.07,65.07,0.0,853.1399999999999
SHILAJIT - 11 GM (STRIP),शिलाजीत स्ट्रिप 11 ग्राम,2026-11-12,2024-12-11,2024-11-22,20,TI4740AAA2425,AASO240036,05AAECK5765H1ZE,30049011,KANHA JI DISTRIBUTORS,file1_2024-2025,1435.68,1281.857142857143,64.09285714285714,6.0,6.0,0,12,76.91142857142857,76.91142857142857,0.0,1435.68
CHYAWANPRABHA ADV. NO ADDED SUGAR 750GM,च्यवनप्रभा एडवांस (बिना चीनी) 750 ग्राम,2026-11-08,2024-12-11,2024-11-18,6,TI4740AAA2425,AAJH240039,05AAECK5765H1ZE,30049011,KANHA JI DISTRIBUTORS,file1_2024-2025,1567.44,1399.5,233.25,6.0,6.0,0,12,83.97,83.97,0.0,1567.44
MAHA NARAYAN TAILA 100 ML - T,महा नारायण तैल 100 मि.ली.,2027-09-10,2024-12-11,2024-09-10,25,TI4740AAA2425,BMNT240020,05AAECK5765H1ZE,30049011,KANHA JI DISTRIBUTORS,file1_2024-2025,4270.88,4067.504761904762,162.70019047619047,2.5,2.5,0,5,101.68761904761905,101.68761904761905,0.0,4270.879999999999
MINT CANDY MENTHOL - T,मिंट कैंडी मेंथॉल,2025-09-30,2024-12-11,2024-10-05,6,TI4740AAA2425,DMC240003,05AAECK5765H1ZE,17049030,KANHA JI DISTRIBUTORS,file1_2024-2025,676.44,603.9642857142857,100.66071428571428,6.0,6.0,0,12,36.23785714285714,36.23785714285714,0.0,676.4399999999999
AMLA CANDY 250 G,आंवला कैंडी 250 ग्राम,2025-10-24,2024-12-11,2024-10-24,12,TI4740AAA2425,ABLX240081,05AAECK5765H1ZE,8112010,KANHA JI DISTRIBUTORS,file1_2024-2025,777.36,740.3428571428572,61.695238095238096,2.5,2.5,0,5,18.50857142857143,18.50857142857143,0.0,777.3600000000001
DIVYA KAYAKALP TAILA ADVANCE 100 ML,दिव्य कायाकल्प तैल एडवांस 100 मि.ली.,2027-08-15,2024-12-11,2024-08-15,25,TI4740AAA2425,BKTA240015,05AAECK5765H1ZE,30049011,KANHA JI DISTRIBUTORS,file1_2024-2025,4166.68,3720.25,148.81,6.0,6.0,0,12,223.215,223.215,0.0,4166.68
DIVYA KAYAKALP VATI EXTRA POWER 80 TAB,दिव्य कायाकल्प वटी एक्स्ट्रा पावर 80 टैबलेट,2027-08-31,2024-12-11,2024-09-15,20,TI4740AAA2425,AKKE240023,05AAECK5765H1ZE,30049011,KANHA JI DISTRIBUTORS,file1_2024-2025,2041.76,1822.9999999999998,91.14999999999999,6.0,6.0,0,12,109.37999999999998,109.37999999999998,0.0,2041.7599999999995
ANTI WRINKLE CREAM 50 G,एंटी रिंकल क्रीम 50 ग्राम,2026-08-12,2024-12-11,2024-08-12,12,TI4740AAA2425,AAR2400008,05AAECK5765H1ZE,33049910,KANHA JI DISTRIBUTORS,file1_2024-2025,1405.66,1191.2372881355934,99.26977401129945,9.0,9.0,0,18,107.2113559322034,107.2113559322034,0.0,1405.66
ASHVAGANDHA -11 GM (STRIP),अश्वगंधा स्ट्रिप 11 ग्राम,2026-09-28,2024-12-11,2024-10-08,20,TI4740AAA2425,AASZ240036,05AAECK5765H1ZE,30049011,KANHA JI DISTRIBUTORS,file1_2024-2025,1292.09,1153.6517857142856,57.68258928571428,6.0,6.0,0,12,69.21910714285714,69.21910714285714,0.0,1292.09
ASHVASHILA -11 GM (STRIP),अश्वशिला स्ट्रिप 11 ग्राम,2026-11-08,2024-12-11,2024-11-18,20,TI4740AAA2425,AASP240047,05AAECK5765H1ZE,30049011,KANHA JI DISTRIBUTORS,file1_2024-2025,1435.68,1281.857142857143,64.09285714285714,6.0,6.0,0,12,76.91142857142857,76.91142857142857,0.0,1435.68
TRIPHALA CHURNA -100GM,त्रिफला चूर्ण 100 ग्राम,2026-10-31,2024-12-11,2024-11-10,25,TI4740AAA2425,ATPC240133,05AAECK5765H1ZE,30049011,KANHA JI DISTRIBUTORS,file1_2024-2025,612.41,583.247619047619,23.329904761904757,2.5,2.5,0,5,14.581190476190475,14.581190476190475,0.0,612.41
SWET MUSHLI CHURNA 100G (Ayu.Medicine),श्वेत मूसली चूर्ण 100 ग्राम (आयुर्वेदिक औषधि),2026-10-10,2024-12-11,2024-10-10,10,TI4740AAA2425,ABFF240043,05AAECK5765H1ZE,30049011,KANHA JI DISTRIBUTORS,file1_2024-2025,3722.78,3545.504761904762,354.55047619047616,2.5,2.5,0,5,88.63761904761904,88.63761904761904,0.0,3722.7799999999997
SHATAVAR CHURNA (Ayurvedic Medicine),शतावरी चूर्ण (आयुर्वेदिक औषधि),2025-10-11,2024-12-11,2024-10-11,6,TI4740AAA2425,ABEE240094,05AAECK5765H1ZE,30049011,KANHA JI DISTRIBUTORS,file1_2024-2025,940.53,895.7428571428571,149.2904761904762,2.5,2.5,0,5,22.393571428571427,22.393571428571427,0.0,940.5300000000001
Divya Arshkalp Vati 40 Tab,दिव्य अर्शकल्प वटी 40 टैबलेट,2027-09-20,2024-12-11,2024-10-05,20,TI4740AAA2425,BAKV240087,05AAECK5765H1ZE,30049011,KANHA JI DISTRIBUTORS,file1_2024-2025,749.95,669.5982142857142,33.47991071428571,6.0,6.0,0,12,40.175892857142856,40.175892857142856,0.0,749.9499999999998
DIVYA SWASARI AVALEHA 150 G -T,दिव्य स्वासारी अवलेह 150 ग्राम,2026-11-21,2024-12-11,2024-12-01,6,TI4740AAA2425,BDSA240111,05AAECK5765H1ZE,30049011,KANHA JI DISTRIBUTORS,file1_2024-2025,625.03,558.0624999999999,93.01041666666664,6.0,6.0,0,12,33.48374999999999,33.48374999999999,0.0,625.0299999999999
Chandraprabha Vati 40 Tab,चंद्रप्रभा वटी 40 टैबलेट,2029-07-10,2024-12-11,2024-08-05,20,TI4740AAA2425,BCPV240146,05AAECK5765H1ZE,30049011,KANHA JI DISTRIBUTORS,file1_2024-2025,716.73,682.6,34.13,2.5,2.5,0,5,17.065,17.065,0.0,716.7300000000001
ALOEVERA GEL FACE WASH 60 ML,एलोवेरा जेल फेस वॉश 60 मि.ली.,2026-04-20,2024-12-11,2023-11-29,12,TI4740AAA2425,AATK230034,05AAECK5765H1ZE,34013090,KANHA JI DISTRIBUTORS,file1_2024-2025,641.73,543.8389830508474,45.31991525423729,9.0,9.0,0,18,48.94550847457627,48.94550847457627,0.0,641.73
UBTAN FACEWASH 100G (TO. BUY 2GET1 FREE),उबटन फेसवॉश 100 ग्राम (खरीदो 2 पाओ 1 मुफ्त),2026-08-22,2024-12-11,2024-08-22,4,TI4740AAA2425,ABSN240002,05AAECK5765H1ZE,34013090,KANHA JI DISTRIBUTORS,file1_2024-2025,1358.13,1150.9576271186443,287.73940677966107,9.0,9.0,0,18,103.58618644067799,103.58618644067799,0.0,1358.13
KESH KANTI ALMOND HAIR OIL-200 ML,केश कान्ति बादाम हेयर ऑयल 200 मि.ली.,2026-10-22,2024-12-11,2024-10-22,12,TI4740AAA2425,ABQQ240007,05AAECK5765H1ZE,33059019,KANHA JI DISTRIBUTORS,file1_2024-2025,1244.66,1054.7966101694917,87.8997175141243,9.0,9.0,0,18,94.93169491525424,94.93169491525424,0.0,1244.66
BOROSAFE ANTISEPTIC 50 GM CREAM,बोरोज़सेफ एंटीसेप्टिक क्रीम 50 ग्राम,2026-09-28,2024-12-11,2024-10-08,36,TI4740AAA2425,AJG2400004,05AAECK5765H1ZE,33049910,KANHA JI DISTRIBUTORS,file1_2024-2025,1265.05,1072.0762711864406,29.779896421845574,9.0,9.0,0,18,96.48686440677966,96.48686440677966,0.0,1265.05
DANT KANTI RED TP.(PAN FL.)80G+25% EXTRA,दंत कान्ति रेड टूथपेस्ट (पान फ्लेवर) 80 ग्राम + 25% अतिरिक्त,2026-05-09,2024-12-11,2024-05-09,36,TI4740AAA2425,ABSK240001,05AAECK5765H1ZE,33061020,KANHA JI DISTRIBUTORS,file1_2024-2025,1789.26,1516.322033898305,42.12005649717514,9.0,9.0,0,18,136.46898305084744,136.46898305084744,0.0,1789.2599999999998
GILOY GHAN VATI 60 PC (NEW),गिलोय घन वटी 60 नग (नया),2026-10-07,2024-12-11,2024-10-17,24,TI4740AAA2425,AAI2400089,05AAECK5765H1ZE,30049011,KANHA JI DISTRIBUTORS,file1_2024-2025,1875.96,1674.9642857142856,69.79017857142857,6.0,6.0,0,12,100.49785714285714,100.49785714285714,0.0,1875.9599999999998
DRISHTI EYE DROP 10 ML (NEW),दृष्टि नेत्र ड्रॉप 10 मि.ली. (नया),2025-10-22,2024-12-11,2024-10-22,40,TI4740AAA2425,AAST240051,05AAECK5765H1ZE,30049011,KANHA JI DISTRIBUTORS,file1_2024-2025,637.95,569.5982142857142,14.239955357142856,6.0,6.0,0,12,34.175892857142856,34.175892857142856,0.0,637.9499999999998
RAGI ATTA 1 KG,रागी आटा 1 किग्रा,2025-05-19,2024-12-11,2024-11-20,10,TI4740AAA2425,AALL240024,05AAECK5765H1ZE,11029090,KANHA JI DISTRIBUTORS,file1_2024-2025,711.06,677.1999999999999,67.72,2.5,2.5,0,5,16.929999999999996,16.929999999999996,0.0,711.0599999999998
KESH KANTI HERBAL MEHANDI (NAT. BLACK)-T,केश कान्ति हर्बल मेहंदी (नेचुरल ब्लैक),2025-10-27,2024-12-11,2024-11-01,20,TI4740AAA2425,ANBL240236,05AAECK5765H1ZE,33059090,KANHA JI DISTRIBUTORS,file1_2024-2025,318.36,269.79661016949154,13.489830508474578,9.0,9.0,0,18,24.28169491525424,24.28169491525424,0.0,318.36000000000007
SAUMYA EYE DROP 10 ML,सौम्या आई ड्रॉप 10 मि.ली.,2026-09-28,2024-12-11,2024-10-08,40,TI4740AAA2425,AAAQ240018,05AAECK5765H1ZE,30049011,KANHA JI DISTRIBUTORS,file1_2024-2025,1116.42,996.8035714285714,24.920089285714287,6.0,6.0,0,12,59.808214285714286,59.808214285714286,0.0,1116.42
Divya Gulab Jal 120 ml-DUP,दिव्य गुलाब जल 120 मि.ली.,2025-11-05,2024-12-11,2024-11-10,30,TI4740AAA2425,BGLJ240075,05AAECK5765H1ZE,33030020,KANHA JI DISTRIBUTORS,file1_2024-2025,857.39,726.6016949152543,24.220056497175143,9.0,9.0,0,18,65.39415254237288,65.39415254237288,0.0,857.3900000000001
COWS GHEE 1 L - T,गाय का घी 1 लीटर,2025-08-29,2024-12-11,2024-12-02,1,TI4740AAA2425,FAWC240221,05AAECK5765H1ZE,4059020,KANHA JI DISTRIBUTORS,file1_2024-2025,9190.94,8206.196428571428,8206.196428571428,6.0,6.0,0,12,492.37178571428564,492.37178571428564,0.0,9190.939999999999
COWS GHEE 500 ML - T,गाय का घी 500 मि.ली.,2025-08-22,2024-12-11,2024-11-25,1,TI4740AAA2425,FAWD240068,05AAECK5765H1ZE,4059020,KANHA JI DISTRIBUTORS,file1_2024-2025,9812.88,8761.499999999998,8761.499999999998,6.0,6.0,0,12,525.6899999999998,525.6899999999998,0.0,9812.88
DOODH BISCUIT 35 GM (200 PC),दूध बिस्किट 35 ग्राम (200 नग),2025-06-23,2025-01-09,2024-12-25,1,TI5306AAA2425,LS24/BP1,05AAECK5765H1ZE,19053100,KANHA JI DISTRIBUTORS,file1_2024-2025,851.96,722.0000000000001,722.0000000000001,9.0,9.0,0,18,64.98,64.98,0.0,851.9600000000002
DOODH BISCUIT 70 GM (100 PC),दूध बिस्किट 70 ग्राम (100 नग),2025-06-10,2025-01-09,2024-12-12,1,TI5306AAA2425,LG24/BP1,05AAECK5765H1ZE,19053100,KANHA JI DISTRIBUTORS,file1_2024-2025,853.14,723.0,723.0,9.0,9.0,0,18,65.07,65.07,0.0,853.1399999999999
CRUNCHY COCONUT COOKIES 80 GM,क्रंची कोकोनट कुकीज़ 80 ग्राम,2025-06-08,2025-01-09,2024-12-10,1,TI5306AAA2425,LE24/BP1,05AAECK5765H1ZE,19053100,KANHA JI DISTRIBUTORS,file1_2024-2025,614.26,520.5593220338983,520.5593220338983,9.0,9.0,0,18,46.85033898305084,46.85033898305084,0.0,614.26
NARIYAL BISCUIT 75 GM,नारियल बिस्किट 75 ग्राम,2025-05-27,2025-01-09,2024-11-28,1,TI5306AAA2425,KW24/AV9,05AAECK5765H1ZE,19053100,KANHA JI DISTRIBUTORS,file1_2024-2025,853.14,723.0,723.0,9.0,9.0,0,18,65.07,65.07,0.0,853.1399999999999
ALOEVERA JUICE 1 L (FIBRE),एलोवेरा रस (फाइबर युक्त) 1 लीटर,2025-08-26,2025-01-09,2024-11-29,1,TI5306AAA2425,PGD2400522,05AAECK5765H1ZE,30049011,KANHA JI DISTRIBUTORS,file1_2024-2025,1768.77,1579.2589285714284,1579.2589285714284,6.0,6.0,0,12,94.75553571428571,94.75553571428571,0.0,1768.77
BESAN 500 G,बेसन 500 ग्राम,2025-05-17,2025-01-09,2024-12-18,1,TI5306AAA2425,PDCR240137,05AAECK5765H1ZE,11061090,KANHA JI DISTRIBUTORS,file1_2024-2025,1151.67,1096.8285714285714,1096.8285714285714,2.5,2.5,0,5,27.420714285714283,27.420714285714283,0.0,1151.6699999999998
KESH KANTI HERBAL MEHNDI-75 G,केश कान्ति हर्बल मेहंदी 75 ग्राम,2026-12-05,2025-01-09,2024-12-05,1,TI5306AAA2425,ABNX240167,05AAECK5765H1ZE,33059090,KANHA JI DISTRIBUTORS,file1_2024-2025,2020.16,1712.0000000000002,1712.0000000000002,9.0,9.0,0,18,154.08,154.08,0.0,2020.16
MARIE BISCUIT 75 GM (48 PC),मैरी बिस्किट 75 ग्राम (48 नग),2025-07-02,2025-01-09,2025-01-03,1,TI5306AAA2425,A325/BP1,05AAECK5765H1ZE,19053100,KANHA JI DISTRIBUTORS,file1_2024-2025,409.51,347.04237288135596,347.04237288135596,9.0,9.0,0,18,31.233813559322034,31.233813559322034,0.0,409.51
KESH KANTI HERBAL MEHANDI (NAT. BLACK)-T,केश कान्ति हर्बल मेहंदी (नेचुरल ब्लैक),2025-10-27,2025-01-09,2024-11-01,40,TI5306AAA2425,ANBL240248,05AAECK5765H1ZE,33059090,KANHA JI DISTRIBUTORS,file1_2024-2025,636.73,539.6016949152543,13.490042372881357,9.0,9.0,0,18,48.56415254237289,48.56415254237289,0.0,636.73
KESH K. HERBAL MEHANDI (BURGUNDY) 15GM-T,केश कान्ति हर्बल मेहंदी (बरगंडी) 15 ग्राम,2025-04-26,2025-01-09,2024-05-01,20,TI5306AAA2425,ABUR240005,05AAECK5765H1ZE,33059090,KANHA JI DISTRIBUTORS,file1_2024-2025,477.43,404.60169491525426,20.230084745762714,9.0,9.0,0,18,36.41415254237288,36.41415254237288,0.0,477.43000000000006
Chitrakadi Vati 60 Tab,चित्रकादि वटी 60 टैबलेट,2027-10-17,2025-01-09,2024-11-01,20,TI5306AAA2425,BCKV240023,05AAECK5765H1ZE,30049011,KANHA JI DISTRIBUTORS,file1_2024-2025,1000.02,952.4,47.62,2.5,2.5,0,5,23.81,23.81,0.0,1000.0199999999999
AMLA CHATPATA CANDY 250 G,आंवला चटपटा कैंडी 250 ग्राम,2025-11-06,2025-01-09,2024-11-06,12,TI5306AAA2425,AMV2400062,05AAECK5765H1ZE,8112010,KANHA JI DISTRIBUTORS,file1_2024-2025,820.57,781.4952380952382,65.12460317460318,2.5,2.5,0,5,19.537380952380953,19.537380952380953,0.0,820.5700000000002
Shuddh Konch Beej Churna 100 Gm,शुद्ध कौंच बीज चूर्ण 100 ग्राम,2026-11-05,2025-01-09,2024-11-15,25,TI5306AAA2425,BKBC240084,05AAECK5765H1ZE,30049011,KANHA JI DISTRIBUTORS,file1_2024-2025,1145.81,1091.2476190476189,43.64990476190476,2.5,2.5,0,5,27.281190476190474,27.281190476190474,0.0,1145.8099999999997
Divya Renogrit 3 U X 20 N -T,दिव्य रेनोग्रिट 3 यूनिट × 20 नग,2027-10-26,2025-01-09,2024-11-10,20,TI5306AAA2425,BDRT240021,05AAECK5765H1ZE,30049011,KANHA JI DISTRIBUTORS,file1_2024-2025,3999.97,3571.4017857142853,178.57008928571426,6.0,6.0,0,12,214.2841071428571,214.2841071428571,0.0,3999.9699999999993
LIVAMRIT SYRUP - 200 ML,लिवामृत सिरप 200 मि.ली.,2026-11-14,2025-01-09,2024-11-14,18,TI5306AAA2425,A8B2400121,05AAECK5765H1ZE,30049011,KANHA JI DISTRIBUTORS,file1_2024-2025,1266.25,1130.580357142857,62.81001984126984,6.0,6.0,0,12,67.83482142857143,67.83482142857143,0.0,1266.2499999999998
ISABGOL 100 G,इसबगोल 100 ग्राम,2026-05-16,2025-01-09,2024-11-22,6,TI5306AAA2425,AFB2400048,05AAECK5765H1ZE,30049011,KANHA JI DISTRIBUTORS,file1_2024-2025,867.82,774.8392857142857,129.13988095238093,6.0,6.0,0,12,46.490357142857135,46.490357142857135,0.0,867.8199999999999
MAKHANA 250 GM,मखाना 250 ग्राम,2025-09-16,2025-01-09,2024-11-20,8,TI5306AAA2425,AALI240087,05AAECK5765H1ZE,8029000,KANHA JI DISTRIBUTORS,file1_2024-2025,3587.72,3416.87619047619,427.10952380952375,2.5,2.5,0,5,85.42190476190476,85.42190476190476,0.0,3587.72
SAUNDARYA FACE WASH 100 G,सौंदर्य फेस वॉश 100 ग्राम,2026-12-08,2025-01-09,2024-12-18,16,TI5306AAA2425,ANT2400063,05AAECK5765H1ZE,34013090,KANHA JI DISTRIBUTORS,file1_2024-2025,1283.46,1087.677966101695,67.97987288135593,9.0,9.0,0,18,97.89101694915254,97.89101694915254,0.0,1283.46
SAUNDARYA NEEM TULSI FACE WASH 60 GM,सौंदर्य नीम तुलसी फेस वॉश 60 ग्राम,2026-12-17,2025-01-09,2024-12-27,16,TI5306AAA2425,AAMW240011,05AAECK5765H1ZE,34013090,KANHA JI DISTRIBUTORS,file1_2024-2025,733.3,621.4406779661017,38.840042372881356,9.0,9.0,0,18,55.929661016949154,55.929661016949154,0.0,733.3
HERBAL FACIAL FOAM 60 GM,हर्बल फेशियल फोम 60 ग्राम,2026-11-09,2025-01-09,2024-11-19,16,TI5306AAA2425,AJN2400010,05AAECK5765H1ZE,34013090,KANHA JI DISTRIBUTORS,file1_2024-2025,855.64,725.1186440677966,45.31991525423729,9.0,9.0,0,18,65.2606779661017,65.2606779661017,0.0,855.6399999999999
ROSE FACE WASH-100 G,गुलाब फेस वॉश 100 ग्राम,2026-12-27,2025-01-09,2024-12-27,16,TI5306AAA2425,ABRT240006,05AAECK5765H1ZE,34013090,KANHA JI DISTRIBUTORS,file1_2024-2025,1412.41,1196.9576271186443,74.80985169491527,9.0,9.0,0,18,107.72618644067799,107.72618644067799,0.0,1412.4100000000003
ORANGE HONEY FACEWASH 60 G,ऑरेंज हनी फेसवॉश 60 ग्राम,2026-02-04,2025-01-09,2024-08-13,16,TI5306AAA2425,ABV2400003,05AAECK5765H1ZE,34013090,KANHA JI DISTRIBUTORS,file1_2024-2025,672.32,569.7627118644068,35.610169491525426,9.0,9.0,0,18,51.27864406779661,51.27864406779661,0.0,672.3199999999999
ORANGE ALOEVERA FACE WASH-100 G,ऑरेंज एलोवेरा फेस वॉश 100 ग्राम,2026-12-25,2025-01-09,2024-12-25,12,TI5306AAA2425,ABQN240008,05AAECK5765H1ZE,34013090,KANHA JI DISTRIBUTORS,file1_2024-2025,1059.31,897.7203389830509,74.81002824858757,9.0,9.0,0,18,80.79483050847458,80.79483050847458,0.0,1059.31
ATTA NOODLES DESI MASALA 60 GM (96 PC)-T,आटा नूडल्स देसी मसाला 60 ग्राम (96 नग),2025-09-01,2025-01-09,2024-12-05,1,TI5306AAA2425,DM051224,05AAECK5765H1ZE,19022090,KANHA JI DISTRIBUTORS,file1_2024-2025,925.75,826.5624999999999,826.5624999999999,6.0,6.0,0,12,49.59374999999999,49.59374999999999,0.0,925.7499999999999
HALDICHNDN KANTI BODYCLN.150G MNTHLY PAC,हल्दी-चंदन कान्ति बॉडी क्लीन्ज़र 150 ग्राम मासिक पैक,2026-12-10,2025-01-09,2024-12-10,1,TI5306AAA2425,AAUH240095,05AAECK5765H1ZE,34011941,KANHA JI DISTRIBUTORS,file1_2024-2025,2431.84,2060.8813559322034,2060.8813559322034,9.0,9.0,0,18,185.4793220338983,185.4793220338983,0.0,2431.84
DIVYA SWASARI PRAVAHI - 250 ML - T,दिव्य स्वासारी प्रवाही 250 मि.ली.,2027-12-05,2025-01-09,2024-12-20,1,TI5306AAA2425,BSSP240085,05AAECK5765H1ZE,30049011,KANHA JI DISTRIBUTORS,file1_2024-2025,2436.67,2175.598214285714,2175.598214285714,6.0,6.0,0,12,130.53589285714287,130.53589285714287,0.0,2436.6699999999996
COCONUT OIL 200 ML (J),नारियल तेल 200 मि.ली.,2026-03-19,2025-01-09,2024-12-24,12,TI5306AAA2425,AAU2400026,05AAECK5765H1ZE,15131900,KANHA JI DISTRIBUTORS,file1_2024-2025,673.6,641.5238095238095,53.46031746031746,2.5,2.5,0,5,16.038095238095238,16.038095238095238,0.0,673.6
CREAMFEAST ELAICHI BISCUIT 32.5 GM,क्रीमफीस्ट इलायची बिस्किट 32.5 ग्राम,2025-06-20,2025-01-09,2024-12-22,1,TI5306AAA2425,LO24/BP1,05AAECK5765H1ZE,19053100,KANHA JI DISTRIBUTORS,file1_2024-2025,613.41,519.8389830508474,519.8389830508474,9.0,9.0,0,18,46.785508474576275,46.785508474576275,0.0,613.4100000000001
COWS GHEE 1 L - T,गाय का घी 1 लीटर,2025-09-28,2025-01-16,2025-01-01,1,TI5451AAA2425,FAWC250001,05AAECK5765H1ZE,4059020,KANHA JI DISTRIBUTORS,file1_2024-2025,9190.94,8206.196428571428,8206.196428571428,6.0,6.0,0,12,492.37178571428564,492.37178571428564,0.0,9190.939999999999
FORTIFIED SOYABEAN OIL 1 LTR (P) - T,फोर्टिफाइड सोयाबीन तेल 1 लीटर,2025-09-15,2025-01-16,2024-12-19,2,TI5451AAA2425,BR2B240045,05AAECK5765H1ZE,15079010,KANHA JI DISTRIBUTORS,file1_2024-2025,3662.57,3488.1619047619047,1744.0809523809523,2.5,2.5,0,5,87.20404761904761,87.20404761904761,0.0,3662.57
RICE BRAN OIL 1 LTR (P),चावल की भूसी का तेल 1 लीटर,2025-08-28,2025-01-16,2024-12-01,2,TI5451AAA2425,ORE2400074,05AAECK5765H1ZE,15159040,KANHA JI DISTRIBUTORS,file1_2024-2025,3914.06,3727.67619047619,1863.838095238095,2.5,2.5,0,5,93.19190476190475,93.19190476190475,0.0,3914.06
FORTIFIED SUNFLOWER OIL 1 LTR (P) - T,फोर्टिफाइड सूरजमुखी तेल 1 लीटर,2025-09-27,2025-01-16,2024-12-31,2,TI5451AAA2425,BR2A240062,05AAECK5765H1ZE,15121910,KANHA JI DISTRIBUTORS,file1_2024-2025,3770.17,3590.638095238095,1795.3190476190475,2.5,2.5,0,5,89.76595238095237,89.76595238095237,0.0,3770.17
SPECIAL CHYAWANPRASH 1 KG,विशेष च्यवनप्राश 1 किग्रा,2027-11-24,2025-01-16,2024-12-09,1,TI5451AAA2425,ACZ2400023,05AAECK5765H1ZE,30049011,KANHA JI DISTRIBUTORS,file1_2024-2025,2928.71,2614.9196428571427,2614.9196428571427,6.0,6.0,0,12,156.89517857142854,156.89517857142854,0.0,2928.7099999999996
MUSTARD OIL 1 L (P)-T,सरसों का तेल 1 लीटर,2025-12-15,2025-01-16,2024-12-20,2,TI5451AAA2425,N2B2400101,05AAECK5765H1ZE,15149920,KANHA JI DISTRIBUTORS,file1_2024-2025,3805.45,3624.238095238095,1812.1190476190475,2.5,2.5,0,5,90.60595238095237,90.60595238095237,0.0,3805.4499999999994
KARELA JAMUN 50-50 JUICE - 500 ML,करेला-जामुन 50-50 रस 500 मि.ली.,2025-12-16,2025-01-16,2024-12-16,1,TI5451AAA2425,ABPB240024,05AAECK5765H1ZE,30049011,KANHA JI DISTRIBUTORS,file1_2024-2025,1435.66,1281.8392857142856,1281.8392857142856,6.0,6.0,0,12,76.91035714285714,76.91035714285714,0.0,1435.6599999999996
HERBAL WASH DETERGENT POWDER 1 KG,हर्बल वॉश डिटर्जेंट पाउडर 1 किग्रा,2030-01-05,2025-01-16,2025-01-06,1,TI5451AAA2425,AM92500003,05AAECK5765H1ZE,34029011,KANHA JI DISTRIBUTORS,file1_2024-2025,1517.48,1286.0,1286.0,9.0,9.0,0,18,115.74,115.74,0.0,1517.48
GONYLE FLOOR CLEANER - 5 LTR,गोनाइल फ्लोर क्लीनर 5 लीटर,2025-12-22,2025-01-16,2024-12-27,1,TI5451AAA2425,0904/24-25,05AAECK5765H1ZE,38084000,KANHA JI DISTRIBUTORS,file1_2024-2025,980.39,830.8389830508474,830.8389830508474,9.0,9.0,0,18,74.77550847457627,74.77550847457627,0.0,980.3900000000001
Divya Kayakalp Kwath 100 Gm,दिव्य कायाकल्प क्वाथ 100 ग्राम,2026-10-10,2025-01-16,2024-10-20,25,TI5451AAA2425,AKKK240011,05AAECK5765H1ZE,30049011,KANHA JI DISTRIBUTORS,file1_2024-2025,1145.76,1022.9999999999999,40.919999999999995,6.0,6.0,0,12,61.37999999999999,61.37999999999999,0.0,1145.7599999999998
BANDHANI HING 50 GM (NEW) - T,बंधनी हींग 50 ग्राम (नया),2026-05-05,2025-01-16,2024-11-11,24,TI5451AAA2425,CASY240019,05AAECK5765H1ZE,13019013,KANHA JI DISTRIBUTORS,file1_2024-2025,2100.67,2000.6380952380953,83.35992063492064,2.5,2.5,0,5,50.015952380952385,50.015952380952385,0.0,2100.67
DIVYA SHUDDHI CHURNA 100 GM - T,दिव्य शुद्धि चूर्ण 100 ग्राम,2026-11-20,2025-01-16,2024-11-30,25,TI5451AAA2425,ADSC240051,05AAECK5765H1ZE,30049011,KANHA JI DISTRIBUTORS,file1_2024-2025,2552.2,2278.7499999999995,91.14999999999998,6.0,6.0,0,12,136.72499999999997,136.72499999999997,0.0,2552.1999999999994
BALM FAST RELIEF 25G DISPN.T.O(5+1)FREE,बाम फास्ट रिलीफ 25 ग्राम (डिस्पेंसर ट्रेड ऑफर 5+1 मुफ्त),2027-11-09,2025-01-16,2024-11-09,3,TI5451AAA2425,ABLW240029,05AAECK5765H1ZE,30049011,KANHA JI DISTRIBUTORS,file1_2024-2025,717.83,640.9196428571428,213.63988095238093,6.0,6.0,0,12,38.45517857142857,38.45517857142857,0.0,717.8299999999998
DIVYA MADHUNASHNI VATI EX.POWER 30X4 TAB,दिव्य मधुनाशिनी वटी एक्स्ट्रा पावर 30×4 टैबलेट,2027-11-30,2025-01-16,2024-12-15,20,TI5451AAA2425,BMNE240289,05AAECK5765H1ZE,30049011,KANHA JI DISTRIBUTORS,file1_2024-2025,3674.94,3281.1964285714284,164.0598214285714,6.0,6.0,0,12,196.87178571428572,196.87178571428572,0.0,3674.9399999999996
SPECIAL CHYAWANPRASH 500 G,विशेष च्यवनप्राश 500 ग्राम,2027-11-21,2025-01-29,2024-12-06,1,TI5705AAA2425,ADA2400010,05AAECK5765H1ZE,30049011,KANHA JI DISTRIBUTORS,file1_2024-2025,3010.02,2687.517857142857,2687.517857142857,6.0,6.0,0,12,161.2510714285714,161.2510714285714,0.0,3010.0199999999995
SPECIAL CHYAWANPRASH 1 KG,विशेष च्यवनप्राश 1 किग्रा,2027-11-24,2025-01-29,2024-12-09,1,TI5705AAA2425,ACZ2400023,05AAECK5765H1ZE,30049011,KANHA JI DISTRIBUTORS,file1_2024-2025,2928.71,2614.9196428571427,2614.9196428571427,6.0,6.0,0,12,156.89517857142854,156.89517857142854,0.0,2928.7099999999996
AMLA JUICE 1 L,आंवला रस 1 लीटर,2026-01-03,2025-01-29,2025-01-03,1,TI5705AAA2425,AGH2500003,05AAECK5765H1ZE,30049011,KANHA JI DISTRIBUTORS,file1_2024-2025,1179.18,1052.8392857142858,1052.8392857142858,6.0,6.0,0,12,63.17035714285715,63.17035714285715,0.0,1179.1800000000003
ALOEVERA JUICE 1 L (FIBRE),एलोवेरा रस (फाइबर युक्त) 1 लीटर,2025-09-20,2025-01-29,2024-12-24,1,TI5705AAA2425,PGD2400548,05AAECK5765H1ZE,30049011,KANHA JI DISTRIBUTORS,file1_2024-2025,1768.77,1579.2589285714284,1579.2589285714284,6.0,6.0,0,12,94.75553571428571,94.75553571428571,0.0,1768.77
VERMICELLI ROASTED 900 GM - T,भुनी हुई सेवईं 900 ग्राम,2025-12-08,2025-01-29,2024-12-13,1,TI5705AAA2425,BVR9131224,05AAECK5765H1ZE,19021900,KANHA JI DISTRIBUTORS,file1_2024-2025,1588.42,1512.7809523809524,1512.7809523809524,2.5,2.5,0,5,37.81952380952381,37.81952380952381,0.0,1588.42
DALIA 500 G,दलिया 500 ग्राम,2025-05-03,2025-01-29,2025-01-03,1,TI5705AAA2425,PDCS250001,05AAECK5765H1ZE,11031900,KANHA JI DISTRIBUTORS,file1_2024-2025,870.03,828.5999999999999,828.5999999999999,2.5,2.5,0,5,20.715,20.715,0.0,870.03
COWS GHEE 500 ML - T,गाय का घी 500 मि.ली.,2025-10-05,2025-01-29,2025-01-08,1,TI5705AAA2425,FAWD250001,05AAECK5765H1ZE,4059020,KANHA JI DISTRIBUTORS,file1_2024-2025,9812.88,8761.499999999998,8761.499999999998,6.0,6.0,0,12,525.6899999999998,525.6899999999998,0.0,9812.88
HONEY 250 G,शहद 250 ग्राम,2026-06-06,2025-01-29,2024-12-13,1,TI5705AAA2425,BCL2400091,05AAECK5765H1ZE,4090000,KANHA JI DISTRIBUTORS,file1_2024-2025,2991.24,2848.7999999999997,2848.7999999999997,2.5,2.5,0,5,71.21999999999998,71.21999999999998,0.0,2991.2399999999993
GONYLE FLOOR CLEANER - 1 LTR,गोनाइल फ्लोर क्लीनर 1 लीटर,2025-12-29,2025-01-29,2025-01-03,1,TI5705AAA2425,0036/25-26,05AAECK5765H1ZE,38084000,KANHA JI DISTRIBUTORS,file1_2024-2025,623.89,528.7203389830509,528.7203389830509,9.0,9.0,0,18,47.58483050847458,47.58483050847458,0.0,623.8900000000001
BURA 1 KG,बूरा 1 किग्रा,2025-09-10,2025-01-29,2024-12-14,1,TI5705AAA2425,AKI2400153,05AAECK5765H1ZE,17029090,KANHA JI DISTRIBUTORS,file1_2024-2025,2038.68,1941.6,1941.6,2.5,2.5,0,5,48.54,48.54,0.0,2038.6799999999998
MUSTARD OIL 1 L (B)-T,सरसों का तेल 1 लीटर,2026-01-12,2025-01-29,2025-01-17,1,TI5705AAA2425,O1B2500004,05AAECK5765H1ZE,15149920,KANHA JI DISTRIBUTORS,file1_2024-2025,1957.03,1863.838095238095,1863.838095238095,2.5,2.5,0,5,46.595952380952376,46.595952380952376,0.0,1957.03
NAVRATNA ATTA 2 KG,नवरत्न आटा 2 किग्रा,2025-07-10,2025-01-29,2025-01-11,1,TI5705AAA2425,AHV2500001,05AAECK5765H1ZE,11010000,KANHA JI DISTRIBUTORS,file1_2024-2025,3228.96,3075.2,3075.2,2.5,2.5,0,5,76.88,76.88,0.0,3228.96
HONEY 500 G,शहद 500 ग्राम,2026-06-06,2025-01-29,2024-12-13,1,TI5705AAA2425,BCM2400079,05AAECK5765H1ZE,4090000,KANHA JI DISTRIBUTORS,file1_2024-2025,2855.16,2719.2,2719.2,2.5,2.5,0,5,67.98,67.98,0.0,2855.16
DIVYA ASHWAGANDHA CHURNA - 100 GM,दिव्य अश्वगंधा चूर्ण 100 ग्राम,2026-11-21,2025-01-29,2024-12-01,25,TI5705AAA2425,AAGC240073,05AAECK5765H1ZE,30049011,KANHA JI DISTRIBUTORS,file1_2024-2025,1735.39,1652.752380952381,66.11009523809524,2.5,2.5,0,5,41.31880952380952,41.31880952380952,0.0,1735.3899999999999
TRIPHALA CHURNA -100GM,त्रिफला चूर्ण 100 ग्राम,2026-11-21,2025-01-29,2024-12-01,25,TI5705AAA2425,ATPC240146,05AAECK5765H1ZE,30049011,KANHA JI DISTRIBUTORS,file1_2024-2025,612.41,583.247619047619,23.329904761904757,2.5,2.5,0,5,14.581190476190475,14.581190476190475,0.0,612.41
SAUNDARYA COCONUT NOURISHING CREAM 50 GM,सौंदर्य नारियल पोषण क्रीम 50 ग्राम,2027-01-16,2025-01-29,2025-01-16,12,TI5705AAA2425,A4G2500001,05AAECK5765H1ZE,33049910,KANHA JI DISTRIBUTORS,file1_2024-2025,656.03,555.957627118644,46.329802259887,9.0,9.0,0,18,50.036186440677966,50.036186440677966,0.0,656.03
TEJUS TAILUM 100 ML,तेजस तैलम 100 मि.ली.,2027-01-03,2025-01-29,2025-01-03,25,TI5705AAA2425,AAO2500001,05AAECK5765H1ZE,33059019,KANHA JI DISTRIBUTORS,file1_2024-2025,1591.53,1348.7542372881355,53.95016949152542,9.0,9.0,0,18,121.38788135593221,121.38788135593221,0.0,1591.53
DIVYA PEEDANIL TAILA 100 ML-T,दिव्य पीड़ानिल तैल 100 मि.ली.,2027-12-05,2025-01-29,2024-12-20,25,TI5705AAA2425,BDPN240074,05AAECK5765H1ZE,30049011,KANHA JI DISTRIBUTORS,file1_2024-2025,1735.44,1549.5,61.98,6.0,6.0,0,12,92.97,92.97,0.0,1735.44
DIVYA LIPIDOM TABLET 60 N - T,दिव्य लिपिडोम टैबलेट 60 नग,2027-12-05,2025-01-29,2024-12-20,20,TI5706AAA2425,ALPD240036,05AAECK5765H1ZE,30049011,KANHA JI DISTRIBUTORS,file1_2024-2025,4753.0,4243.75,212.1875,6.0,6.0,0,12,254.625,254.625,0.0,4753.0
DIVYA MADHUNASHNI VATI EX.POWER 30X4 TAB,दिव्य मधुनाशिनी वटी एक्स्ट्रा पावर 30×4 टैबलेट,2027-12-15,2025-01-29,2024-12-30,20,TI5706AAA2425,BMNE240299,05AAECK5765H1ZE,30049011,KANHA JI DISTRIBUTORS,file1_2024-2025,3564.7,3182.767857142857,159.13839285714283,6.0,6.0,0,12,190.9660714285714,190.9660714285714,0.0,3564.7
DIVYA HRIDYAMRIT VATI EXTRA POWER DS 40N,दिव्य हृद्यामृत वटी एक्स्ट्रा पावर डीएस 40 नग,2027-11-24,2025-01-29,2024-11-24,20,TI5706AAA2425,BHDS240050,05AAECK5765H1ZE,30049011,KANHA JI DISTRIBUTORS,file1_2024-2025,3010.2,2687.678571428571,134.38392857142856,6.0,6.0,0,12,161.26071428571427,161.26071428571427,0.0,3010.1999999999994
DIVYA SHILAJEET RASAYAN VATI 120 TAB -T,दिव्य शिलाजीत रसायन वटी 120 टैबलेट,2027-10-05,2025-01-29,2024-10-20,20,TI5706AAA2425,BSRV240022,05AAECK5765H1ZE,30049011,KANHA JI DISTRIBUTORS,file1_2024-2025,1212.42,1082.517857142857,54.12589285714286,6.0,6.0,0,12,64.95107142857142,64.95107142857142,0.0,1212.4199999999998
KESH KANTI ADV.H.HAIR EXPERTOIL-30ML T.O,केश कान्ति एडवांस हेयर एक्सपर्ट ऑयल 30 मि.ली. (ट्रेड ऑफर),2026-12-25,2025-02-07,2024-12-25,24,TI5851AAA2425,ABHX240007,05AAECK5765H1ZE,33059019,KANHA JI DISTRIBUTORS,file1_2024-2025,1679.38,1423.2033898305087,59.30014124293786,9.0,9.0,0,18,128.0883050847458,128.0883050847458,0.0,1679.3800000000003
KESH KANTI HERBAL MEHANDI (NAT. BLACK)-T,केश कान्ति हर्बल मेहंदी (नेचुरल ब्लैक),2025-11-26,2025-02-07,2024-12-01,60,TI5851AAA2425,ANBL240274,05AAECK5765H1ZE,33059090,KANHA JI DISTRIBUTORS,file1_2024-2025,955.09,809.3983050847459,13.489971751412432,9.0,9.0,0,18,72.84584745762713,72.84584745762713,0.0,955.09
KESH KANTI HERBAL MEHANDI (DARK BROWN) T,केश कान्ति हर्बल मेहंदी (डार्क ब्राउन),2025-11-26,2025-02-07,2024-12-01,20,TI5851AAA2425,ADBR240059,05AAECK5765H1ZE,33059090,KANHA JI DISTRIBUTORS,file1_2024-2025,318.36,269.79661016949154,13.489830508474578,9.0,9.0,0,18,24.28169491525424,24.28169491525424,0.0,318.36000000000007
KESH KANTI HERBAL MEHANDI (NAT. BROWN) T,केश कान्ति हर्बल मेहंदी (नेचुरल ब्राउन),2025-11-26,2025-02-07,2024-12-01,20,TI5851AAA2425,ANBR240052,05AAECK5765H1ZE,33059090,KANHA JI DISTRIBUTORS,file1_2024-2025,318.36,269.79661016949154,13.489830508474578,9.0,9.0,0,18,24.28169491525424,24.28169491525424,0.0,318.36000000000007
SUPER DISH WASH GEL RAKH&LEMON 250ML NEW,सुपर डिश वॉश जेल राख एवं नींबू 250 मि.ली. (नया),2027-12-19,2025-02-07,2025-01-03,24,TI5851AAA2425,AAOF250001,05AAECK5765H1ZE,34022090,KANHA JI DISTRIBUTORS,file1_2024-2025,976.19,827.2796610169493,34.46998587570622,9.0,9.0,0,18,74.45516949152542,74.45516949152542,0.0,976.1900000000002
DIVYA MUKTA VATI EXTRA POWER 30X4 TAB,दिव्य मुक्तावटी एक्स्ट्रा पावर 30×4 टैबलेट,2029-12-20,2025-02-07,2025-01-15,20,TI5851AAA2425,AMUE250023,05AAECK5765H1ZE,30049011,KANHA JI DISTRIBUTORS,file1_2024-2025,3674.94,3281.1964285714284,164.0598214285714,6.0,6.0,0,12,196.87178571428572,196.87178571428572,0.0,3674.9399999999996
DRISHTI EYE DROP 10 ML (NEW),दृष्टि नेत्र ड्रॉप 10 मि.ली. (नया),2025-11-27,2025-02-07,2024-11-27,40,TI5851AAA2425,AAST240057,05AAECK5765H1ZE,30049011,KANHA JI DISTRIBUTORS,file1_2024-2025,637.95,569.5982142857142,14.239955357142856,6.0,6.0,0,12,34.175892857142856,34.175892857142856,0.0,637.9499999999998
MOISTURIZER CREAM-50 G,मॉइस्चराइज़र क्रीम 50 ग्राम,2026-12-06,2025-02-07,2024-12-06,24,TI5851AAA2425,ABHI240012,05AAECK5765H1ZE,33049930,KANHA JI DISTRIBUTORS,file1_2024-2025,1874.22,1588.322033898305,66.18008474576271,9.0,9.0,0,18,142.94898305084746,142.94898305084746,0.0,1874.2199999999998
SAUNDARYA COCONUT NOURISHING CREAM 50 GM,सौंदर्य नारियल पोषण क्रीम 50 ग्राम,2027-01-16,2025-02-07,2025-01-16,24,TI5851AAA2425,A4G2500001,05AAECK5765H1ZE,33049910,KANHA JI DISTRIBUTORS,file1_2024-2025,1312.07,1111.9237288135594,46.33015536723164,9.0,9.0,0,18,100.07313559322034,100.07313559322034,0.0,1312.07
CHANA DAL PAPAD 200 GM - T,चना दाल पापड़ 200 ग्राम,2025-07-01,2025-02-07,2025-01-02,15,TI5851AAA2425,PCP-25/001,05AAECK5765H1ZE,19059040,KANHA JI DISTRIBUTORS,file1_2024-2025,705.15,705.15,47.01,0.0,0.0,0,0,0.0,0.0,0.0,705.15
SAUNDARYA FACE WASH 100 G,सौंदर्य फेस वॉश 100 ग्राम,2026-12-25,2025-02-07,2025-01-04,24,TI5851AAA2425,ANT2500002,05AAECK5765H1ZE,34013090,KANHA JI DISTRIBUTORS,file1_2024-2025,1925.19,1631.5169491525426,67.97987288135594,9.0,9.0,0,18,146.83652542372883,146.83652542372883,0.0,1925.19
ROGHAN BADAM SHIRIN - 60 ML - T,रोगन बादाम शिरीन 60 मि.ली.,2027-10-05,2025-02-07,2024-10-20,15,TI5851AAA2425,BRBS240016,05AAECK5765H1ZE,30049011,KANHA JI DISTRIBUTORS,file1_2024-2025,2042.46,1945.2,129.68,2.5,2.5,0,5,48.63,48.63,0.0,2042.4600000000003
MINT CANDY MENTHOL - T,मिंट कैंडी मेंथॉल,2025-12-28,2025-02-07,2025-01-02,10,TI5851AAA2425,DMC250001,05AAECK5765H1ZE,17049030,KANHA JI DISTRIBUTORS,file1_2024-2025,1127.39,1006.5982142857143,100.65982142857143,6.0,6.0,0,12,60.39589285714286,60.39589285714286,0.0,1127.39
Amla Churna 100 Gm,आंवला चूर्ण 100 ग्राम,2026-12-10,2025-02-07,2024-12-20,25,TI5851AAA2425,BAMC240048,05AAECK5765H1ZE,30049011,KANHA JI DISTRIBUTORS,file1_2024-2025,937.39,892.7523809523809,35.710095238095235,2.5,2.5,0,5,22.318809523809524,22.318809523809524,0.0,937.3899999999999
ANTI WRINKLE CREAM 50 G,एंटी रिंकल क्रीम 50 ग्राम,2026-12-24,2025-02-07,2024-12-24,12,TI5851AAA2425,AAR2400012,05AAECK5765H1ZE,33049910,KANHA JI DISTRIBUTORS,file1_2024-2025,1405.66,1191.2372881355934,99.26977401129945,9.0,9.0,0,18,107.2113559322034,107.2113559322034,0.0,1405.66
CRACK HEAL CREAM 50 G,क्रैक हील क्रीम 50 ग्राम,2027-01-14,2025-02-07,2025-01-14,12,TI5851AAA2425,AAE2500001,05AAECK5765H1ZE,33049990,KANHA JI DISTRIBUTORS,file1_2024-2025,562.29,476.5169491525424,39.70974576271187,9.0,9.0,0,18,42.88652542372882,42.88652542372882,0.0,562.2900000000001
BEAUTY CREAM ADV.- 50 G,ब्यूटी क्रीम एडवांस 50 ग्राम,2026-12-09,2025-02-07,2024-12-09,24,TI5851AAA2425,ABED240011,05AAECK5765H1ZE,33049910,KANHA JI DISTRIBUTORS,file1_2024-2025,1780.48,1508.8813559322034,62.87005649717514,9.0,9.0,0,18,135.7993220338983,135.7993220338983,0.0,1780.48
ALOE SOFT MOISTURIZING CREAM-50 G,एलो सॉफ्ट मॉइस्चराइजिंग क्रीम 50 ग्राम,2026-12-16,2025-02-07,2024-12-16,24,TI5851AAA2425,ABHW240009,05AAECK5765H1ZE,33049930,KANHA JI DISTRIBUTORS,file1_2024-2025,1874.22,1588.322033898305,66.18008474576271,9.0,9.0,0,18,142.94898305084746,142.94898305084746,0.0,1874.2199999999998
Shuddh Shilajeet 20 gm,शुद्ध शिलाजीत 20 ग्राम,2029-12-05,2025-02-07,2024-12-31,20,TI5851AAA2425,BSHS240013,05AAECK5765H1ZE,30049011,KANHA JI DISTRIBUTORS,file1_2024-2025,2166.57,2063.4,103.17,2.5,2.5,0,5,51.585,51.585,0.0,2166.57
COWS WHOLE MILK POWDER 500-GM,गाय का पूर्ण दूध पाउडर 500 ग्राम,2025-07-02,2025-02-07,2025-01-03,1,TI5852AAA2425,BLB2500001,05AAECK5765H1ZE,4021090,KANHA JI DISTRIBUTORS,file1_2024-2025,4810.93,4581.838095238096,4581.838095238096,2.5,2.5,0,5,114.5459523809524,114.5459523809524,0.0,4810.93
DOODH BISCUIT 35 GM (200 PC),दूध बिस्किट 35 ग्राम (200 नग),2025-07-15,2025-02-07,2025-01-16,1,TI5852AAA2425,AJ25/BP1,05AAECK5765H1ZE,19053100,KANHA JI DISTRIBUTORS,file1_2024-2025,851.96,722.0000000000001,722.0000000000001,9.0,9.0,0,18,64.98,64.98,0.0,851.9600000000002
DOODH BISCUIT 70 GM (100 PC),दूध बिस्किट 70 ग्राम (100 नग),2025-07-23,2025-02-07,2025-01-24,1,TI5852AAA2425,AS24/BP1,05AAECK5765H1ZE,19053100,KANHA JI DISTRIBUTORS,file1_2024-2025,853.14,723.0,723.0,9.0,9.0,0,18,65.07,65.07,0.0,853.1399999999999
DIVYA GODHAN ARK - 450ML,दिव्य गोधन अर्क 450 मि.ली.,2025-12-20,2025-02-07,2024-12-25,1,TI5852AAA2425,AGDA240051,05AAECK5765H1ZE,30049011,KANHA JI DISTRIBUTORS,file1_2024-2025,816.7,729.1964285714286,729.1964285714286,6.0,6.0,0,12,43.75178571428572,43.75178571428572,0.0,816.6999999999999
DISHWASH BAR-600G (500G+100G)+SCRUB PAD,डिशवॉश बार 600 ग्राम (500+100 ग्राम) + स्क्रब पैड,2028-01-13,2025-02-07,2025-01-13,1,TI5852AAA2425,AAYX250001,05AAECK5765H1ZE,34011990,KANHA JI DISTRIBUTORS,file1_2024-2025,1173.3,994.3220338983051,994.3220338983051,9.0,9.0,0,18,89.48898305084745,89.48898305084745,0.0,1173.3000000000002
HERBO WASH DETERGENT POWDER 1 KG,हर्बो वॉश डिटर्जेंट पाउडर 1 किग्रा,2030-01-21,2025-02-07,2025-01-22,1,TI5852AAA2425,AN52500005,05AAECK5765H1ZE,34029011,KANHA JI DISTRIBUTORS,file1_2024-2025,1842.87,1561.7542372881355,1561.7542372881355,9.0,9.0,0,18,140.5578813559322,140.5578813559322,0.0,1842.8700000000001
SENDHA NAMAK 1 KG - T,सेंधा नमक 1 किग्रा,2026-08-22,2025-02-07,2024-09-01,1,TI5852AAA2425,SRS24,05AAECK5765H1ZE,25010010,KANHA JI DISTRIBUTORS,file1_2024-2025,1009.0,1009.0,1009.0,0.0,0.0,0,0,0.0,0.0,0.0,1009.0
NEEM KANTI BODY CLNSR.150GM MONTHLY PACK,नीम कान्ति बॉडी क्लीन्ज़र 150 ग्राम मासिक पैक,2026-11-26,2025-02-07,2024-11-26,1,TI5852AAA2425,AAUG240079,05AAECK5765H1ZE,34011941,KANHA JI DISTRIBUTORS,file1_2024-2025,2151.19,1823.0423728813562,1823.0423728813562,9.0,9.0,0,18,164.07381355932205,164.07381355932205,0.0,2151.19
ALOEVERA KANTI BODY CLN.150G MNTHLY PACK,एलोवेरा कान्ति बॉडी क्लीन्ज़र 150 ग्राम मासिक पैक,2027-01-01,2025-02-07,2025-01-01,1,TI5852AAA2425,AAUI250001,05AAECK5765H1ZE,34011941,KANHA JI DISTRIBUTORS,file1_2024-2025,2151.19,1823.0423728813562,1823.0423728813562,9.0,9.0,0,18,164.07381355932205,164.07381355932205,0.0,2151.19
ATTA NOODLES CHATPATA-60 GM (96 PC) - T,आटा नूडल्स चटपटा 60 ग्राम (96 नग),2025-09-09,2025-02-07,2024-12-13,1,TI5852AAA2425,CH131224,05AAECK5765H1ZE,19022090,KANHA JI DISTRIBUTORS,file1_2024-2025,925.75,826.5624999999999,826.5624999999999,6.0,6.0,0,12,49.59374999999999,49.59374999999999,0.0,925.7499999999999
DANT KANTI NATURAL 18G R10/-T.O 16SACHET,दंत कान्ति नेचुरल 18 ग्राम ₹10/- (ट्रेड ऑफर 16 सैशे),2026-12-30,2025-02-07,2024-12-30,1,TI5852AAA2425,AAYD240308,05AAECK5765H1ZE,33061020,KANHA JI DISTRIBUTORS,file1_2024-2025,2228.63,1888.6694915254238,1888.6694915254238,9.0,9.0,0,18,169.98025423728814,169.98025423728814,0.0,2228.63
ATTA DOODH RUSK 300 GM - T,आटा दूध रस्क 300 ग्राम,2025-06-15,2025-02-07,2025-01-16,1,TI5852AAA2425,AK25/SGB,05AAECK5765H1ZE,19054000,KANHA JI DISTRIBUTORS,file1_2024-2025,1028.16,979.2,979.2,2.5,2.5,0,5,24.48,24.48,0.0,1028.16
SUPER DISHWASH BAR-225 G B3G1 FREE,सुपर डिशवॉश बार 225 ग्राम (खरीदो 3 पाओ 1 मुफ्त),2028-01-09,2025-02-07,2025-01-09,2,TI5852AAA2425,AAXW250004,05AAECK5765H1ZE,34011990,KANHA JI DISTRIBUTORS,file1_2024-2025,1346.9,1141.440677966102,570.720338983051,9.0,9.0,0,18,102.72966101694918,102.72966101694918,0.0,1346.9000000000003
HERBAL POWERVITA PLUS - 500 GM REFILL -T,हर्बल पावरवीटा प्लस 500 ग्राम रीफिल,2025-08-30,2025-02-07,2024-12-03,1,TI5852AAA2425,ASZ2400022,05AAECK5765H1ZE,19019090,KANHA JI DISTRIBUTORS,file1_2024-2025,3981.51,3374.161016949153,3374.161016949153,9.0,9.0,0,18,303.6744915254238,303.6744915254238,0.0,3981.5100000000007
MUSTARD OIL 1 L (P)-T,सरसों का तेल 1 लीटर,2026-01-12,2025-02-13,2025-01-17,1,TI5982AAA2425,O2B2500003,05AAECK5765H1ZE,15149920,KANHA JI DISTRIBUTORS,file1_2024-2025,1902.73,1812.1238095238095,1812.1238095238095,2.5,2.5,0,5,45.30309523809524,45.30309523809524,0.0,1902.73
SOOJI - 500 GM,सूजी 500 ग्राम,2025-05-08,2025-02-13,2025-01-08,1,TI5982AAA2425,PDR8250003,05AAECK5765H1ZE,11010000,KANHA JI DISTRIBUTORS,file1_2024-2025,943.11,898.1999999999999,898.1999999999999,2.5,2.5,0,5,22.455,22.455,0.0,943.11
SESAME OIL 1 L (B)-T,तिल का तेल 1 लीटर,2025-10-19,2025-02-13,2025-01-22,1,TI5982AAA2425,JACQ250004,05AAECK5765H1ZE,15155091,KANHA JI DISTRIBUTORS,file1_2024-2025,2722.81,2593.152380952381,2593.152380952381,2.5,2.5,0,5,64.82880952380953,64.82880952380953,0.0,2722.81
GROUNDNUT OIL 1 LTR (P),मूंगफली का तेल 1 लीटर,2025-05-30,2025-02-13,2024-11-15,1,TI5982AAA2425,ORQ2400032,05AAECK5765H1ZE,15089091,KANHA JI DISTRIBUTORS,file1_2024-2025,2228.81,2122.67619047619,2122.67619047619,2.5,2.5,0,5,53.06690476190475,53.06690476190475,0.0,2228.81
GILOY JUICE 500 ML,गिलोय रस 500 मि.ली.,2025-12-18,2025-02-13,2024-12-18,1,TI5982AAA2425,PFY2400022,05AAECK5765H1ZE,30049011,KANHA JI DISTRIBUTORS,file1_2024-2025,861.37,769.0803571428571,769.0803571428571,6.0,6.0,0,12,46.14482142857143,46.14482142857143,0.0,861.3699999999999
MADHURAM 1 KG,मधुरम गुड़ पाउडर 1 किग्रा,2026-01-20,2025-02-13,2025-01-20,2,TI5982AAA2425,AHG2500017,05AAECK5765H1ZE,17011410,KANHA JI DISTRIBUTORS,file1_2024-2025,4354.1,4146.761904761905,2073.3809523809523,2.5,2.5,0,5,103.66904761904762,103.66904761904762,0.0,4354.1
CREAMFEAST CHOCO BISCUIT 32.5 GM,क्रीमफीस्ट चोको बिस्किट 32.5 ग्राम,2025-07-17,2025-02-13,2025-01-18,1,TI5982AAA2425,AM25/BP1,05AAECK5765H1ZE,19053100,KANHA JI DISTRIBUTORS,file1_2024-2025,613.41,519.8389830508474,519.8389830508474,9.0,9.0,0,18,46.785508474576275,46.785508474576275,0.0,613.4100000000001
AMLA JUICE 1 L,आंवला रस 1 लीटर,2026-01-28,2025-02-13,2025-01-28,1,TI5982AAA2425,AGH2500010,05AAECK5765H1ZE,30049011,KANHA JI DISTRIBUTORS,file1_2024-2025,1179.18,1052.8392857142858,1052.8392857142858,6.0,6.0,0,12,63.17035714285715,63.17035714285715,0.0,1179.1800000000003
ALOEVERA JUICE 1 L (FIBRE),एलोवेरा रस (फाइबर युक्त) 1 लीटर,2025-09-30,2025-02-13,2025-01-03,1,TI5982AAA2425,PGD2500008,05AAECK5765H1ZE,30049011,KANHA JI DISTRIBUTORS,file1_2024-2025,1768.77,1579.2589285714284,1579.2589285714284,6.0,6.0,0,12,94.75553571428571,94.75553571428571,0.0,1768.77
KALA CHANA 1000 GM (R1),काला चना 1000 ग्राम,2025-08-09,2025-02-13,2024-11-12,1,TI5982AAA2425,BPRKC24024,05AAECK5765H1ZE,7135000,KANHA JI DISTRIBUTORS,file1_2024-2025,1229.13,1170.6000000000001,1170.6000000000001,2.5,2.5,0,5,29.265000000000004,29.265000000000004,0.0,1229.1300000000003
TRADITIONAL WHOLE WHEAT ATTA 10 KG(UK),पारंपरिक गेहूं का आटा 10 किग्रा (यूके),2025-05-16,2025-02-13,2025-01-16,1,TI5982AAA2425,PDBKP25002,05AAECK5765H1ZE,11010000,KANHA JI DISTRIBUTORS,file1_2024-2025,1905.91,1815.152380952381,1815.152380952381,2.5,2.5,0,5,45.37880952380952,45.37880952380952,0.0,1905.9099999999999
TRADITIONAL WHOLE WHEAT ATTA 5 KG(UK),पारंपरिक गेहूं का आटा 5 किग्रा (यूके),2025-05-03,2025-02-13,2025-01-03,1,TI5982AAA2425,PDBKQ25001,05AAECK5765H1ZE,11010000,KANHA JI DISTRIBUTORS,file1_2024-2025,1614.48,1537.6,1537.6,2.5,2.5,0,5,38.44,38.44,0.0,1614.48
CREAMFEAST ELAICHI BISCUIT 32.5 GM,क्रीमफीस्ट इलायची बिस्किट 32.5 ग्राम,2025-08-03,2025-02-13,2025-02-04,1,TI5982AAA2425,B225/BP1,05AAECK5765H1ZE,19053100,KANHA JI DISTRIBUTORS,file1_2024-2025,613.41,519.8389830508474,519.8389830508474,9.0,9.0,0,18,46.785508474576275,46.785508474576275,0.0,613.4100000000001
ATTA NOODLES DESI MASALA 60 GM (96 PC)-T,आटा नूडल्स देसी मसाला 60 ग्राम (96 नग),2025-10-29,2025-02-13,2025-02-01,1,TI5982AAA2425,DM010225,05AAECK5765H1ZE,19022090,KANHA JI DISTRIBUTORS,file1_2024-2025,925.75,826.5624999999999,826.5624999999999,6.0,6.0,0,12,49.59374999999999,49.59374999999999,0.0,925.7499999999999
UV-PRO ADV.SUN DEFNS CREAM-50G SPF-50T.O,यूवी-प्रो एडवांस सन डिफेंस क्रीम SPF-50 50 ग्राम (ट्रेड ऑफर),2026-05-23,2025-02-13,2024-05-23,2,TI5983AAA2425,ABSM240001,05AAECK5765H1ZE,33049910,KANHA JI DISTRIBUTORS,file1_2024-2025,1103.47,935.1440677966102,467.5720338983051,9.0,9.0,0,18,84.1629661016949,84.1629661016949,0.0,1103.47
DIVYA PEEDANIL GOLD TABLET (100 PC) - T,दिव्य पीड़ानिल गोल्ड टैबलेट (100 नग),2028-01-14,2025-02-13,2025-01-29,10,TI5983AAA2425,APGT250003,05AAECK5765H1ZE,30049011,KANHA JI DISTRIBUTORS,file1_2024-2025,3266.7,2916.696428571428,291.6696428571428,6.0,6.0,0,12,175.0017857142857,175.0017857142857,0.0,3266.6999999999994
EYEGRIT EYE DROP 10 ML,आईग्रिट आई ड्रॉप 10 मि.ली.,2026-12-26,2025-02-13,2024-12-26,40,TI5983AAA2425,ABQR240027,05AAECK5765H1ZE,30049011,KANHA JI DISTRIBUTORS,file1_2024-2025,1306.82,1166.8035714285713,29.170089285714283,6.0,6.0,0,12,70.00821428571427,70.00821428571427,0.0,1306.82
BADAM PAK 500 G,बादाम पाक 500 ग्राम,2026-12-29,2025-02-13,2025-01-08,6,TI5983AAA2425,ACY2500001,05AAECK5765H1ZE,30049011,KANHA JI DISTRIBUTORS,file1_2024-2025,1315.98,1174.9821428571427,195.8303571428571,6.0,6.0,0,12,70.49892857142856,70.49892857142856,0.0,1315.98
GOLD TEA - 500 GM (JAR) - T,गोल्ड चाय 500 ग्राम (जार),2025-03-06,2025-02-13,2024-03-06,2,TI5983AAA2425,BBMW240003,05AAECK5765H1ZE,9024090,KANHA JI DISTRIBUTORS,file1_2024-2025,538.69,513.0380952380953,256.5190476190476,2.5,2.5,0,5,12.82595238095238,12.82595238095238,0.0,538.6899999999999
KESH K. HERBAL MEHANDI (BURGUNDY) 15GM-T,केश कान्ति हर्बल मेहंदी (बरगंडी) 15 ग्राम,2025-12-27,2025-02-13,2025-01-01,20,TI5983AAA2425,ABUR250001,05AAECK5765H1ZE,33059090,KANHA JI DISTRIBUTORS,file1_2024-2025,477.43,404.60169491525426,20.230084745762714,9.0,9.0,0,18,36.41415254237288,36.41415254237288,0.0,477.43000000000006
DANT MANJAN - 100 GM - T,दंत मंजन 100 ग्राम,2026-09-05,2025-02-13,2024-09-15,25,TI5983AAA2425,ADYM240029,05AAECK5765H1ZE,33061010,KANHA JI DISTRIBUTORS,file1_2024-2025,2041.76,1822.9999999999998,72.91999999999999,6.0,6.0,0,12,109.37999999999998,109.37999999999998,0.0,2041.7599999999995
BALM FAST RELIEF 25G DISPN.T.O(5+1)FREE,बाम फास्ट रिलीफ 25 ग्राम (डिस्पेंसर ट्रेड ऑफर 5+1 मुफ्त),2027-12-20,2025-02-13,2024-12-20,4,TI5983AAA2425,ABLW240033,05AAECK5765H1ZE,30049011,KANHA JI DISTRIBUTORS,file1_2024-2025,957.11,854.5624999999999,213.64062499999997,6.0,6.0,0,12,51.27374999999999,51.27374999999999,0.0,957.1099999999998
HERBAL KAJAL 3 G (NEW),हर्बल काजल 3 ग्राम (नया),2026-11-15,2025-02-13,2024-11-25,12,TI5983AAA2425,AASQ240061,05AAECK5765H1ZE,33042000,KANHA JI DISTRIBUTORS,file1_2024-2025,916.72,776.8813559322034,64.74011299435028,9.0,9.0,0,18,69.91932203389831,69.91932203389831,0.0,916.72
OORJA TEA - 100 GM (MT) - T,ऊर्जा चाय 100 ग्राम,2025-09-13,2025-02-13,2024-09-13,6,TI5983AAA2425,BBNA240007,05AAECK5765H1ZE,9024090,KANHA JI DISTRIBUTORS,file1_2024-2025,124.3,118.38095238095238,19.73015873015873,2.5,2.5,0,5,2.9595238095238097,2.9595238095238097,0.0,124.30000000000001
Arjun Kwath 100 Gm,अर्जुन क्वाथ 100 ग्राम,2027-01-26,2025-03-06,2025-02-05,1,TI6365AAA2425,AARK250017,05AAECK5765H1ZE,30049011,KANHA JI DISTRIBUTORS,file1_2024-2025,1458.45,1389.0,1389.0,2.5,2.5,0,5,34.725,34.725,0.0,1458.4499999999998
KHAND 1 KG,खांड 1 किग्रा,2026-02-11,2025-03-06,2025-02-11,1,TI6365AAA2425,AARQ250010,05AAECK5765H1ZE,17011420,KANHA JI DISTRIBUTORS,file1_2024-2025,2833.11,2698.2,2698.2,2.5,2.5,0,5,67.455,67.455,0.0,2833.1099999999997
SENDHA NAMAK 1 KG - T,सेंधा नमक 1 किग्रा,2027-01-22,2025-03-06,2025-02-01,1,TI6365AAA2425,SRS25/02,05AAECK5765H1ZE,25010010,KANHA JI DISTRIBUTORS,file1_2024-2025,1009.0,1009.0,1009.0,0.0,0.0,0,0,0.0,0.0,0.0,1009.0
TRADITIONAL WHOLE WHEAT ATTA 10 KG(UK),पारंपरिक गेहूं का आटा 10 किग्रा (यूके),2025-06-12,2025-03-06,2025-02-12,1,TI6365AAA2425,PDBKP25004,05AAECK5765H1ZE,11010000,KANHA JI DISTRIBUTORS,file1_2024-2025,1905.91,1815.152380952381,1815.152380952381,2.5,2.5,0,5,45.37880952380952,45.37880952380952,0.0,1905.9099999999999
NAVRATNA ATTA 2 KG,नवरत्न आटा 2 किग्रा,2025-08-06,2025-03-06,2025-02-07,1,TI6365AAA2425,AHV2500005,05AAECK5765H1ZE,11010000,KANHA JI DISTRIBUTORS,file1_2024-2025,3228.96,3075.2,3075.2,2.5,2.5,0,5,76.88,76.88,0.0,3228.96
PUSHTAHAR DALIA 500 G,पुष्टाहार दलिया 500 ग्राम,2025-11-01,2025-03-06,2025-02-04,1,TI6365AAA2425,PDCQ250009,05AAECK5765H1ZE,11031900,KANHA JI DISTRIBUTORS,file1_2024-2025,1279.53,1218.6,1218.6,2.5,2.5,0,5,30.465,30.465,0.0,1279.5299999999997
SPECIAL CHYAWANPRASH 1 KG,विशेष च्यवनप्राश 1 किग्रा,2027-11-24,2025-03-06,2024-12-09,1,TI6365AAA2425,ACZ2400023,05AAECK5765H1ZE,30049011,KANHA JI DISTRIBUTORS,file1_2024-2025,3101.01,2768.7589285714284,2768.7589285714284,6.0,6.0,0,12,166.12553571428572,166.12553571428572,0.0,3101.01
GONYLE FLOOR CLEANER - 1 LTR,गोनाइल फ्लोर क्लीनर 1 लीटर,2026-01-05,2025-03-06,2025-01-10,1,TI6365AAA2425,0114/25-26,05AAECK5765H1ZE,38084000,KANHA JI DISTRIBUTORS,file1_2024-2025,623.89,528.7203389830509,528.7203389830509,9.0,9.0,0,18,47.58483050847458,47.58483050847458,0.0,623.8900000000001
MANGO BEVERAGE (TETRAPACK) 65ML,आम पेय (टेट्रापैक) 65 मि.ली.,2025-08-11,2025-03-06,2025-02-12,1,TI6365AAA2425,PDBFW25003,05AAECK5765H1ZE,22029020,KANHA JI DISTRIBUTORS,file1_2024-2025,545.17,486.7589285714285,486.7589285714285,6.0,6.0,0,12,29.205535714285713,29.205535714285713,0.0,545.17
GUAVA BEVERAGE (TETRAPACK) 65ML,अमरूद पेय (टेट्रापैक) 65 मि.ली.,2025-08-10,2025-03-06,2025-02-11,1,TI6365AAA2425,PDBFX25003,05AAECK5765H1ZE,22029020,KANHA JI DISTRIBUTORS,file1_2024-2025,545.17,486.7589285714285,486.7589285714285,6.0,6.0,0,12,29.205535714285713,29.205535714285713,0.0,545.17
AMLA CANDY 250 G,आंवला कैंडी 250 ग्राम,2026-01-27,2025-03-06,2025-01-27,1,TI6365AAA2425,ABLX250009,05AAECK5765H1ZE,8112010,KANHA JI DISTRIBUTORS,file1_2024-2025,1554.72,1480.6857142857143,1480.6857142857143,2.5,2.5,0,5,37.01714285714286,37.01714285714286,0.0,1554.7200000000003
TUVAR DAL 1000 GM (R1),अरहर दाल 1000 ग्राम,2025-08-09,2025-03-06,2024-11-12,1,TI6365AAA2425,BPRAD24029,05AAECK5765H1ZE,7136000,KANHA JI DISTRIBUTORS,file1_2024-2025,2125.1,2023.9047619047617,2023.9047619047617,2.5,2.5,0,5,50.59761904761905,50.59761904761905,0.0,2125.1
HERBAL WASH DETERGENT POWDER 1 KG,हर्बल वॉश डिटर्जेंट पाउडर 1 किग्रा,2030-02-17,2025-03-06,2025-02-18,1,TI6365AAA2425,AM92500020,05AAECK5765H1ZE,34029011,KANHA JI DISTRIBUTORS,file1_2024-2025,1517.48,1286.0,1286.0,9.0,9.0,0,18,115.74,115.74,0.0,1517.48
COWS GHEE 1 L - T,गाय का घी 1 लीटर,2025-11-02,2025-03-06,2025-02-05,1,TI6365AAA2425,FAWC250056,05AAECK5765H1ZE,4059020,KANHA JI DISTRIBUTORS,file1_2024-2025,9329.21,8329.651785714284,8329.651785714284,6.0,6.0,0,12,499.77910714285713,499.77910714285713,0.0,9329.209999999997
COWS GHEE 500 ML - T,गाय का घी 500 मि.ली.,2025-10-15,2025-03-06,2025-01-18,1,TI6365AAA2425,FAWD250006,05AAECK5765H1ZE,4059020,KANHA JI DISTRIBUTORS,file1_2024-2025,9812.88,8761.499999999998,8761.499999999998,6.0,6.0,0,12,525.6899999999998,525.6899999999998,0.0,9812.88
AMLA JUICE 1 L,आंवला रस 1 लीटर,2026-02-17,2025-03-06,2025-02-17,1,TI6365AAA2425,AGH2500028,05AAECK5765H1ZE,30049011,KANHA JI DISTRIBUTORS,file1_2024-2025,1179.18,1052.8392857142858,1052.8392857142858,6.0,6.0,0,12,63.17035714285715,63.17035714285715,0.0,1179.1800000000003
ALOEVERA JUICE 1 L (FIBRE),एलोवेरा रस (फाइबर युक्त) 1 लीटर,2025-11-02,2025-03-06,2025-02-05,1,TI6365AAA2425,PGD2500041,05AAECK5765H1ZE,30049011,KANHA JI DISTRIBUTORS,file1_2024-2025,1768.77,1579.2589285714284,1579.2589285714284,6.0,6.0,0,12,94.75553571428571,94.75553571428571,0.0,1768.77
MUSTARD OIL 1 L (P)-T,सरसों का तेल 1 लीटर,2026-02-10,2025-03-06,2025-02-15,2,TI6365AAA2425,N2B2500014,05AAECK5765H1ZE,15149920,KANHA JI DISTRIBUTORS,file1_2024-2025,3805.45,3624.238095238095,1812.1190476190475,2.5,2.5,0,5,90.60595238095237,90.60595238095237,0.0,3805.4499999999994
SUPER DISHWASH BAR-RS10/- (T.O. FREE 3N),सुपर डिशवॉश बार ₹10/- (ट्रेड ऑफर फ्री 3 नग),2028-02-13,2025-03-06,2025-02-13,4,TI6365AAA2425,AAXY250035,05AAECK5765H1ZE,34011941,KANHA JI DISTRIBUTORS,file1_2024-2025,2078.69,1761.6016949152545,440.4004237288136,9.0,9.0,0,18,158.5441525423729,158.5441525423729,0.0,2078.6900000000005
HERBAL HANDWASH (ANTI BACTERIAL) 750 ML,हर्बल हैंडवॉश (एंटी बैक्टीरियल) 750 मि.ली.,2027-02-08,2025-03-06,2025-02-18,1,TI6365AAA2425,AAIX250010,05AAECK5765H1ZE,34013019,KANHA JI DISTRIBUTORS,file1_2024-2025,1008.33,854.5169491525425,854.5169491525425,9.0,9.0,0,18,76.90652542372882,76.90652542372882,0.0,1008.33
BOROSAFE ANTISEPTIC 50 GM CREAM,बोरोज़सेफ एंटीसेप्टिक क्रीम 50 ग्राम,2026-12-10,2025-03-06,2024-12-20,24,TI6366AAA2425,AJG2400006,05AAECK5765H1ZE,33049910,KANHA JI DISTRIBUTORS,file1_2024-2025,843.37,714.7203389830509,29.780014124293785,9.0,9.0,0,18,64.32483050847458,64.32483050847458,0.0,843.3700000000001
SUN SCREEN CREAM SPF30- 50GM,सन स्क्रीन क्रीम SPF-30 50 ग्राम,2027-02-09,2025-03-06,2025-02-19,24,TI6366AAA2425,AJW2500001,05AAECK5765H1ZE,33049910,KANHA JI DISTRIBUTORS,file1_2024-2025,1874.22,1588.322033898305,66.18008474576271,9.0,9.0,0,18,142.94898305084746,142.94898305084746,0.0,1874.2199999999998
UV-PRO ADV.SUN DEFNS CREAM-50G SPF-50T.O,यूवी-प्रो एडवांस सन डिफेंस क्रीम SPF-50 50 ग्राम (ट्रेड ऑफर),2026-05-23,2025-03-06,2024-05-23,4,TI6366AAA2425,ABSM240001,05AAECK5765H1ZE,33049910,KANHA JI DISTRIBUTORS,file1_2024-2025,2206.93,1870.2796610169491,467.5699152542373,9.0,9.0,0,18,168.3251694915254,168.3251694915254,0.0,2206.93
SHATAVAR CHURNA (Ayurvedic Medicine),शतावरी चूर्ण (आयुर्वेदिक औषधि),2026-02-04,2025-03-06,2025-02-04,15,TI6366AAA2425,ABEE250015,05AAECK5765H1ZE,30049011,KANHA JI DISTRIBUTORS,file1_2024-2025,2351.32,2239.352380952381,149.2901587301587,2.5,2.5,0,5,55.983809523809526,55.983809523809526,0.0,2351.32
K.K. COLOR NATURAL BLACK (CREAM & DEV)-T,के.के. कलर नेचुरल ब्लैक (क्रीम एवं डेवलपर),2025-12-27,2025-03-06,2025-01-01,20,TI6366AAA2425,ACBD250002,05AAECK5765H1ZE,33059090,KANHA JI DISTRIBUTORS,file1_2024-2025,636.73,539.6016949152543,26.980084745762714,9.0,9.0,0,18,48.56415254237289,48.56415254237289,0.0,636.73
ORGANIC VIRGIN COCONUT OIL-500ML(JAR)-T,ऑर्गेनिक वर्जिन नारियल तेल 500 मि.ली. (जार),2026-07-17,2025-03-06,2025-01-23,6,TI6366AAA2425,CCAX250002,05AAECK5765H1ZE,15131900,KANHA JI DISTRIBUTORS,file1_2024-2025,3326.78,3168.361904761905,528.0603174603175,2.5,2.5,0,5,79.20904761904762,79.20904761904762,0.0,3326.7800000000007
Sitopaladi Churna 25 Gm,सितोपलादि चूर्ण 25 ग्राम,2027-01-05,2025-03-06,2025-01-15,20,TI6366AAA2425,ASPC250001,05AAECK5765H1ZE,30049011,KANHA JI DISTRIBUTORS,file1_2024-2025,500.01,476.2,23.81,2.5,2.5,0,5,11.905,11.905,0.0,500.00999999999993
TRIPHALA CHURNA -100GM,त्रिफला चूर्ण 100 ग्राम,2026-12-26,2025-03-06,2025-01-05,25,TI6366AAA2425,ATPC250002,05AAECK5765H1ZE,30049011,KANHA JI DISTRIBUTORS,file1_2024-2025,816.64,777.7523809523809,31.110095238095237,2.5,2.5,0,5,19.443809523809524,19.443809523809524,0.0,816.6399999999999
DIVYA SHUDDHI CHURNA 100 GM – T,दिव्य शुद्धि चूर्ण 100 ग्राम,2027-01-19,2025-03-06,2025-01-29,25,TI6366AAA2425,ADSC250004,05AAECK5765H1ZE,30049011,KANHA JI DISTRIBUTORS,file1_2024-2025,2552.2,2278.7499999999995,91.14999999999998,6.0,6.0,0,12,136.72499999999997,136.72499999999997,0.0,2552.1999999999994
Chandraprabha Vati 40 Tab,चंद्रप्रभा वटी 40 टैबलेट,2029-09-24,2025-03-06,2024-10-20,20,TI6366AAA2425,BCPV240209,05AAECK5765H1ZE,30049011,KANHA JI DISTRIBUTORS,file1_2024-2025,716.73,682.6,34.13,2.5,2.5,0,5,17.065,17.065,0.0,716.7300000000001
GILOY GHAN VATI 60 PC (NEW),गिलोय घन वटी 60 नग (नया),2026-12-27,2025-03-06,2025-01-06,24,TI6366AAA2425,AAI2500004,05AAECK5765H1ZE,30049011,KANHA JI DISTRIBUTORS,file1_2024-2025,1875.96,1674.9642857142856,69.79017857142857,6.0,6.0,0,12,100.49785714285714,100.49785714285714,0.0,1875.9599999999998
DIVYA FEVOGRIT 60 TABLET-T,दिव्य फेवोग्रिट 60 टैबलेट,2027-01-09,2025-03-06,2024-01-10,20,TI6366AAA2425,AFVG240001,05AAECK5765H1ZE,30049011,KANHA JI DISTRIBUTORS,file1_2024-2025,3333.34,2976.1964285714284,148.8098214285714,6.0,6.0,0,12,178.57178571428574,178.57178571428574,0.0,3333.34
NEEM GHAN VATI 60 TAB,नीम घन वटी 60 टैबलेट,2027-01-04,2025-03-06,2025-01-14,24,TI6366AAA2425,AAK2500004,05AAECK5765H1ZE,30049011,KANHA JI DISTRIBUTORS,file1_2024-2025,1957.67,1747.9196428571427,72.8299851190476,6.0,6.0,0,12,104.87517857142855,104.87517857142855,0.0,1957.6699999999996
DIVYA KANTHAMRIT CHEWABLE TABLET 80 N -T,दिव्य कंठामृत चबाने योग्य टैबलेट 80 नग,2027-12-17,2025-03-06,2025-01-01,20,TI6366AAA2425,ADKT250001,05AAECK5765H1ZE,30049011,KANHA JI DISTRIBUTORS,file1_2024-2025,1225.06,1093.8035714285713,54.69017857142857,6.0,6.0,0,12,65.62821428571428,65.62821428571428,0.0,1225.0599999999997
Kanchnar Guggul 40 Tab,कंचनार गुग्गुल 40 टैबलेट,2029-10-29,2025-03-06,2024-11-24,20,TI6366AAA2425,BKNG240056,05AAECK5765H1ZE,30049011,KANHA JI DISTRIBUTORS,file1_2024-2025,833.28,793.5999999999999,39.67999999999999,2.5,2.5,0,5,19.839999999999996,19.839999999999996,0.0,833.28
Divya Arshkalp Vati 40 Tab,दिव्य अर्शकल्प वटी 40 टैबलेट,2027-12-15,2025-03-06,2024-12-30,20,TI6366AAA2425,BAKV240117,05AAECK5765H1ZE,30049011,KANHA JI DISTRIBUTORS,file1_2024-2025,749.95,669.5982142857142,33.47991071428571,6.0,6.0,0,12,40.175892857142856,40.175892857142856,0.0,749.9499999999998
DIVYA ARSHOGRIT 3 U X 20 N,दिव्य अर्शोग्रिट 3 यूनिट × 20 नग,2027-12-15,2025-03-06,2024-12-30,10,TI6366AAA2425,ADAR240020,05AAECK5765H1ZE,30049011,KANHA JI DISTRIBUTORS,file1_2024-2025,1666.67,1488.0982142857142,148.8098214285714,6.0,6.0,0,12,89.28589285714287,89.28589285714287,0.0,1666.67
PAT NUTRELA BONE HEALTH NATURAL CAPSULE,न्यूट्रेला बोन हेल्थ नेचुरल कैप्सूल,2028-01-13,2025-03-06,2025-01-13,10,TI6366AAA2425,AANN250001,05AAECK5765H1ZE,30049011,KANHA JI DISTRIBUTORS,file1_2024-2025,1770.83,1581.098214285714,158.1098214285714,6.0,6.0,0,12,94.86589285714284,94.86589285714284,0.0,1770.8299999999997
MAKHANA 250 GM,मखाना 250 ग्राम,2025-11-23,2025-03-06,2025-01-27,6,TI6366AAA2425,AALI250006,05AAECK5765H1ZE,8029000,KANHA JI DISTRIBUTORS,file1_2024-2025,2690.79,2562.657142857143,427.1095238095238,2.5,2.5,0,5,64.06642857142857,64.06642857142857,0.0,2690.7900000000004
ANARDANA GOLI - 100 GM (NEW),अनारदाना गोली 100 ग्राम (नया),2026-02-13,2025-03-06,2025-02-13,20,TI6366AAA2425,ABZZ250005,05AAECK5765H1ZE,30049011,KANHA JI DISTRIBUTORS,file1_2024-2025,717.92,640.9999999999999,32.05,6.0,6.0,0,12,38.459999999999994,38.459999999999994,0.0,717.92
HING PEDA 200 G,हींग पेड़ा 200 ग्राम,2025-12-10,2025-03-06,2024-12-10,10,TI6366AAA2425,AFA2400012,05AAECK5765H1ZE,30049011,KANHA JI DISTRIBUTORS,file1_2024-2025,1036.9,925.8035714285714,92.58035714285714,6.0,6.0,0,12,55.54821428571429,55.54821428571429,0.0,1036.9
SAUNDARYA ALOEVERA GEL 150 ML,सौंदर्य एलोवेरा जेल 150 मि.ली.,2026-07-21,2025-03-06,2025-01-27,24,TI6366AAA2425,AAHP250045,05AAECK5765H1ZE,33049910,KANHA JI DISTRIBUTORS,file1_2024-2025,1874.22,1588.322033898305,66.18008474576271,9.0,9.0,0,18,142.94898305084746,142.94898305084746,0.0,1874.2199999999998
OORJA TEA - 250 GM (POLY) - T,ऊर्जा चाय 250 ग्राम (पॉली पैक),2026-01-18,2025-03-06,2025-01-18,24,TI6366AAA2425,BBNC250002,05AAECK5765H1ZE,9024090,KANHA JI DISTRIBUTORS,file1_2024-2025,1392.3,1326.0,55.25,2.5,2.5,0,5,33.15,33.15,0.0,1392.3000000000002
DANT KANTI NATURAL(200GX3)BIG SAVER PACK,दंत कान्ति नेचुरल (200 ग्राम × 3) बड़ा बचत पैक,2027-02-04,2025-03-19,2025-02-14,1,TI6599AAA2425,AAPW250005,05AAECK5765H1ZE,33061020,KANHA JI DISTRIBUTORS,file1_2024-2025,5658.9,4795.677966101694,4795.677966101694,9.0,9.0,0,18,431.6110169491525,431.6110169491525,0.0,5658.899999999999
SUGAR 1 KG,चीनी 1 किग्रा,2027-01-28,2025-03-19,2025-02-07,1,TI6599AAA2425,BAGQ250011,05AAECK5765H1ZE,17011490,KANHA JI DISTRIBUTORS,file1_2024-2025,1800.54,1714.8,1714.8,2.5,2.5,0,5,42.87,42.87,0.0,1800.5399999999997
SUGAR 5 KG,चीनी 5 किग्रा,2027-01-10,2025-03-19,2025-01-20,4,TI6599AAA2425,BAIW250005,05AAECK5765H1ZE,17011490,KANHA JI DISTRIBUTORS,file1_2024-2025,1163.32,1107.9238095238095,276.9809523809524,2.5,2.5,0,5,27.698095238095238,27.698095238095238,0.0,1163.32
SESAME OIL 1 L (B)-T,तिल का तेल 1 लीटर,2025-11-08,2025-03-19,2025-02-11,1,TI6599AAA2425,JACQ250016,05AAECK5765H1ZE,15155091,KANHA JI DISTRIBUTORS,file1_2024-2025,2722.81,2593.152380952381,2593.152380952381,2.5,2.5,0,5,64.82880952380953,64.82880952380953,0.0,2722.81
DOODH BISCUIT 70 GM (100 PC),दूध बिस्किट 70 ग्राम (100 नग),2025-08-25,2025-03-19,2025-02-26,1,TI6599AAA2425,BT25/BP1,05AAECK5765H1ZE,19053100,KANHA JI DISTRIBUTORS,file1_2024-2025,853.14,723.0,723.0,9.0,9.0,0,18,65.07,65.07,0.0,853.1399999999999
DOODH BISCUIT 35 GM (200 PC),दूध बिस्किट 35 ग्राम (200 नग),2025-08-25,2025-03-19,2025-02-26,1,TI6599AAA2425,BT25/BP1,05AAECK5765H1ZE,19053100,KANHA JI DISTRIBUTORS,file1_2024-2025,851.96,722.0000000000001,722.0000000000001,9.0,9.0,0,18,64.98,64.98,0.0,851.9600000000002
ISABGOL 100 G,इसबगोल 100 ग्राम,2026-08-18,2025-03-19,2025-02-24,10,TI6600AAA2425,AFB2500008,05AAECK5765H1ZE,30049011,KANHA JI DISTRIBUTORS,file1_2024-2025,1446.37,1291.4017857142856,129.14017857142855,6.0,6.0,0,12,77.48410714285714,77.48410714285714,0.0,1446.3699999999997
KESH KANTI ADV.H.HAIR EXPERTOIL-30ML T.O,केश कान्ति एडवांस हेयर एक्सपर्ट ऑयल 30 मि.ली. (ट्रेड ऑफर),2027-01-27,2025-03-19,2025-01-27,24,TI6600AAA2425,ABHX250001,05AAECK5765H1ZE,33059019,KANHA JI DISTRIBUTORS,file1_2024-2025,1679.38,1423.2033898305087,59.30014124293786,9.0,9.0,0,18,128.0883050847458,128.0883050847458,0.0,1679.3800000000003
KESH KANTI ADVANCE H.HAIR EXPERTOIL100ML,केश कान्ति एडवांस हेयर एक्सपर्ट ऑयल 100 मि.ली.,2027-02-14,2025-03-19,2025-02-24,6,TI6600AAA2425,AATV250002,05AAECK5765H1ZE,33059019,KANHA JI DISTRIBUTORS,file1_2024-2025,1738.56,1473.3559322033898,245.5593220338983,9.0,9.0,0,18,132.60203389830508,132.60203389830508,0.0,1738.56
DIVYA SWASARI PRAVAHI - 250 ML - T,दिव्य स्वासारी प्रवाही 250 मि.ली.,2027-12-21,2025-03-19,2025-01-05,20,TI6600AAA2425,BSSP250004,05AAECK5765H1ZE,30049011,KANHA JI DISTRIBUTORS,file1_2024-2025,1218.34,1087.8035714285713,54.390178571428564,6.0,6.0,0,12,65.26821428571428,65.26821428571428,0.0,1218.34
BADAM PAK 500 G,बादाम पाक 500 ग्राम,2027-01-27,2025-03-19,2025-02-06,6,TI6600AAA2425,ACY2500002,05AAECK5765H1ZE,30049011,KANHA JI DISTRIBUTORS,file1_2024-2025,1315.98,1174.9821428571427,195.8303571428571,6.0,6.0,0,12,70.49892857142856,70.49892857142856,0.0,1315.98
TRIPHALA CHURNA -100GM,त्रिफला चूर्ण 100 ग्राम,2027-01-21,2025-03-19,2025-01-31,25,TI6600AAA2425,ATPC250015,05AAECK5765H1ZE,30049011,KANHA JI DISTRIBUTORS,file1_2024-2025,816.64,777.7523809523809,31.110095238095237,2.5,2.5,0,5,19.443809523809524,19.443809523809524,0.0,816.6399999999999
DATES (KHAJUR) 500 GM,खजूर 500 ग्राम,2025-07-19,2025-03-19,2025-01-20,2,TI6600AAA2425,AAYC250005,05AAECK5765H1ZE,20019000,KANHA JI DISTRIBUTORS,file1_2024-2025,572.5,511.1607142857142,255.5803571428571,6.0,6.0,0,12,30.669642857142854,30.669642857142854,0.0,572.5
CASHEW (KAJU) 250 GM (MONO),काजू 250 ग्राम,2025-08-12,2025-03-19,2025-02-13,2,TI6600AAA2425,AARW250005,05AAECK5765H1ZE,8013220,KANHA JI DISTRIBUTORS,file1_2024-2025,609.92,580.8761904761905,290.43809523809523,2.5,2.5,0,5,14.52190476190476,14.52190476190476,0.0,609.9200000000001
MURMURA 500 GM - T,मुरमुरा 500 ग्राम,2026-02-12,2025-03-19,2025-02-17,10,TI6600AAA2425,VPRM250009,05AAECK5765H1ZE,19041020,KANHA JI DISTRIBUTORS,file1_2024-2025,545.48,519.504761904762,51.950476190476195,2.5,2.5,0,5,12.987619047619049,12.987619047619049,0.0,545.4800000000001
RAISINS 250 GM (MONO),किशमिश 250 ग्राम,2025-07-29,2025-03-19,2025-01-30,10,TI6600AAA2425,AARV250004,05AAECK5765H1ZE,8062090,KANHA JI DISTRIBUTORS,file1_2024-2025,896.91,854.1999999999999,85.41999999999999,2.5,2.5,0,5,21.355,21.355,0.0,896.91
MUNAKKA RAISIN 250 GM (MONO),मुनक्का किशमिश 250 ग्राम,2025-07-09,2025-03-19,2025-01-10,3,TI6600AAA2425,AARU250001,05AAECK5765H1ZE,8062090,KANHA JI DISTRIBUTORS,file1_2024-2025,726.52,691.9238095238095,230.64126984126983,2.5,2.5,0,5,17.29809523809524,17.29809523809524,0.0,726.52
ALMOND (BADAM) 250 GM (MONO),बादाम 250 ग्राम,2025-07-26,2025-03-19,2025-01-27,1,TI6600AAA2425,AART250005,05AAECK5765H1ZE,8021100,KANHA JI DISTRIBUTORS,file1_2024-2025,326.5,291.5178571428571,291.5178571428571,6.0,6.0,0,12,17.491071428571427,17.491071428571427,0.0,326.5
LIVAMRIT SYRUP - 200 ML,लिवामृत सिरप 200 मि.ली.,2027-02-07,2025-03-19,2025-02-07,24,TI6601AAA2425,A8B2500013,05AAECK5765H1ZE,30049011,KANHA JI DISTRIBUTORS,file1_2024-2025,1519.5,1356.6964285714284,56.529017857142854,6.0,6.0,0,12,81.40178571428571,81.40178571428571,0.0,1519.5
DIVYA MUKTA VATI EXTRA POWER 30X4 TAB,दिव्य मुक्तावटी एक्स्ट्रा पावर 30×4 टैबलेट,2030-01-04,2025-03-19,2025-01-30,20,TI6601AAA2425,AMUE250040,05AAECK5765H1ZE,30049011,KANHA JI DISTRIBUTORS,file1_2024-2025,3307.45,2953.080357142857,147.65401785714283,6.0,6.0,0,12,177.1848214285714,177.1848214285714,0.0,3307.45
DIVYA PROSTOGRIT TABLET 60 N - T,दिव्य प्रोस्टोग्रिट टैबलेट 60 नग,2028-01-16,2025-03-19,2025-01-31,10,TI6601AAA2425,BDPT250003,05AAECK5765H1ZE,30049011,KANHA JI DISTRIBUTORS,file1_2024-2025,2646.0,2362.5,236.25,6.0,6.0,0,12,141.75,141.75,0.0,2646.0
ALOEVERA JUICE 1 L (FIBRE),एलोवेरा रस (फाइबर युक्त) 1 लीटर,2025-11-30,2025-04-03,2025-03-05,1,TI26AAA2526,PGD2500073,05AAECK5765H1ZE,30049011,KANHA JI DISTRIBUTORS,file2_2025-apr-sep,1768.77,1579.2589285714284,1579.2589285714284,6.0,6.0,0,12,94.75553571428571,94.75553571428571,0.0,1768.77
GILOY JUICE 500 ML,गिलोय रस 500 मि.ली.,2026-03-07,2025-04-03,2025-03-07,1,TI26AAA2526,PFY2500003,05AAECK5765H1ZE,30049011,KANHA JI DISTRIBUTORS,file2_2025-apr-sep,861.37,769.0803571428571,769.0803571428571,6.0,6.0,0,12,46.14482142857143,46.14482142857143,0.0,861.3699999999999
COWS GHEE 1 L - T,गाय का घी 1 लीटर,2025-12-12,2025-04-03,2025-03-17,1,TI26AAA2526,FAWC250088,05AAECK5765H1ZE,4059020,KANHA JI DISTRIBUTORS,file2_2025-apr-sep,9329.21,8329.651785714284,8329.651785714284,6.0,6.0,0,12,499.77910714285713,499.77910714285713,0.0,9329.209999999997
SESAME OIL 1 L (B)-T,तिल का तेल 1 लीटर,2025-11-21,2025-04-03,2025-02-24,1,TI26AAA2526,JACQ250023,05AAECK5765H1ZE,15155091,KANHA JI DISTRIBUTORS,file2_2025-apr-sep,2722.81,2593.152380952381,2593.152380952381,2.5,2.5,0,5,64.82880952380953,64.82880952380953,0.0,2722.81
BALM FAST RELIEF 25G DISPN.T.O(5+1)FREE,बाम फास्ट रिलीफ 25 ग्राम (डिस्पेंसर ट्रेड ऑफर 5+1 मुफ्त),2028-01-14,2025-04-03,2025-01-14,6,TI26AAA2526,ABLW250004,05AAECK5765H1ZE,30049011,KANHA JI DISTRIBUTORS,file2_2025-apr-sep,1435.66,1281.8392857142856,213.63988095238093,6.0,6.0,0,12,76.91035714285714,76.91035714285714,0.0,1435.6599999999996
KESH K. REETHA HAIR CLEANSER 180ML T.O.,केश कान्ति रीठा हेयर क्लींज़र 180 मि.ली. (ट्रेड ऑफर),2027-02-26,2025-04-03,2025-02-26,12,TI26AAA2526,ABTZ250002,05AAECK5765H1ZE,33051090,KANHA JI DISTRIBUTORS,file2_2025-apr-sep,1124.59,953.042372881356,79.420197740113,9.0,9.0,0,18,85.77381355932204,85.77381355932204,0.0,1124.59
KESH KANTI ADV.H.HAIR EXPERTOIL-30ML T.O,केश कान्ति एडवांस हेयर एक्सपर्ट ऑयल 30 मि.ली. (ट्रेड ऑफर),2027-01-27,2025-04-03,2025-01-27,12,TI26AAA2526,ABHX250001,05AAECK5765H1ZE,33059019,KANHA JI DISTRIBUTORS,file2_2025-apr-sep,839.69,711.6016949152544,59.30014124293786,9.0,9.0,0,18,64.0441525423729,64.0441525423729,0.0,839.6900000000002
KESH KANTI ADVANCE H.HAIR EXPERTOIL100ML,केश कान्ति एडवांस हेयर एक्सपर्ट ऑयल 100 मि.ली.,2027-02-14,2025-04-03,2025-02-24,12,TI26AAA2526,AATV250002,05AAECK5765H1ZE,33059019,KANHA JI DISTRIBUTORS,file2_2025-apr-sep,3477.13,2946.720338983051,245.5600282485876,9.0,9.0,0,18,265.2048305084746,265.2048305084746,0.0,3477.13
ANTI WRINKLE CREAM 50 G,एंटी रिंकल क्रीम 50 ग्राम,2027-01-09,2025-04-03,2025-01-09,24,TI26AAA2526,AAR2500001,05AAECK5765H1ZE,33049910,KANHA JI DISTRIBUTORS,file2_2025-apr-sep,2811.33,2382.483050847458,99.27012711864408,9.0,9.0,0,18,214.42347457627122,214.42347457627122,0.0,2811.33
BOROSAFE ANTISEPTIC 50 GM CREAM,बोरोज़सेफ एंटीसेप्टिक क्रीम 50 ग्राम,2026-12-10,2025-04-03,2024-12-20,24,TI26AAA2526,AJG2400006,05AAECK5765H1ZE,33049910,KANHA JI DISTRIBUTORS,file2_2025-apr-sep,880.19,745.9237288135594,31.08015536723164,9.0,9.0,0,18,67.13313559322035,67.13313559322035,0.0,880.19
DIVYA SWASARI PRAVAHI - 250 ML - T,दिव्य स्वासारी प्रवाही 250 मि.ली.,2027-12-31,2025-04-03,2025-01-15,20,TI26AAA2526,BSSP250010,05AAECK5765H1ZE,30049011,KANHA JI DISTRIBUTORS,file2_2025-apr-sep,1345.79,1201.5982142857142,60.07991071428571,6.0,6.0,0,12,72.09589285714286,72.09589285714286,0.0,1345.79
KESH KANTI SARSON AMLA HAIR OIL 175 ML,केश कान्ति सरसों-आंवला हेयर ऑयल 175 मि.ली.,2027-02-12,2025-04-03,2025-02-22,24,TI26AAA2526,AAVR240003,05AAECK5765H1ZE,33059019,KANHA JI DISTRIBUTORS,file2_2025-apr-sep,1280.06,1084.7966101694915,45.199858757062145,9.0,9.0,0,18,97.63169491525423,97.63169491525423,0.0,1280.06
KESH KANTI ALMOND HAIR OIL-200 ML,केश कान्ति बादाम हेयर ऑयल 200 मि.ली.,2027-02-26,2025-04-03,2025-02-26,24,TI26AAA2526,ABQQ250003,05AAECK5765H1ZE,33059019,KANHA JI DISTRIBUTORS,file2_2025-apr-sep,2489.33,2109.6016949152545,87.90007062146894,9.0,9.0,0,18,189.8641525423729,189.8641525423729,0.0,2489.33
LOHASAV 450 ML,लोहासव 450 मि.ली.,2034-12-16,2025-03-26,2025-02-06,1,TI6786AAA2425,ABC2500004,05AAECK5765H1ZE,30049011,KANHA JI DISTRIBUTORS,file2_2025-apr-sep,1666.56,1487.9999999999998,1487.9999999999998,6.0,6.0,0,12,89.27999999999999,89.27999999999999,0.0,1666.5599999999997
TRADITIONAL WHOLE WHEAT ATTA 5 KG(UK),पारंपरिक गेहूं का आटा 5 किग्रा (यूके),2025-06-07,2025-03-26,2025-02-07,1,TI6786AAA2425,PDBKQ25004,05AAECK5765H1ZE,11010000,KANHA JI DISTRIBUTORS,file2_2025-apr-sep,1614.48,1537.6,1537.6,2.5,2.5,0,5,38.44,38.44,0.0,1614.48
TRADITIONAL WHOLE WHEAT ATTA 10 KG,पारंपरिक गेहूं का आटा 10 किग्रा,2025-07-17,2025-03-26,2025-03-19,1,TI6786AAA2425,PDV4250011,05AAECK5765H1ZE,11010000,KANHA JI DISTRIBUTORS,file2_2025-apr-sep,2152.61,2050.1047619047617,2050.1047619047617,2.5,2.5,0,5,51.25261904761905,51.25261904761905,0.0,2152.61
DIVYA ARJUNARISHTA - 450ML,दिव्य अर्जुनारिष्ट 450 मि.ली.,2034-12-04,2025-03-26,2025-01-25,1,TI6786AAA2425,AJN250005,05AAECK5765H1ZE,30049011,KANHA JI DISTRIBUTORS,file2_2025-apr-sep,1885.05,1795.2857142857142,1795.2857142857142,2.5,2.5,0,5,44.88214285714285,44.88214285714285,0.0,1885.0499999999997
DIVYA DASHMULARISHTA - 450 ML,दिव्य दशमूलारिष्ट 450 मि.ली.,2035-02-18,2025-03-26,2025-02-20,1,TI6786AAA2425,DSM250002,05AAECK5765H1ZE,30049011,KANHA JI DISTRIBUTORS,file2_2025-apr-sep,2079.91,1980.8666666666663,1980.8666666666663,2.5,2.5,0,5,49.52166666666666,49.52166666666666,0.0,2079.91
SABZI MASALA 100 GM (30 pcs),सब्जी मसाला 100 ग्राम (30 नग),2026-02-19,2025-03-26,2025-02-19,1,TI6786AAA2425,AFI2500006,05AAECK5765H1ZE,9109100,KANHA JI DISTRIBUTORS,file2_2025-apr-sep,1331.82,1268.3999999999999,1268.3999999999999,2.5,2.5,0,5,31.709999999999994,31.709999999999994,0.0,1331.82
DALIA 500 G,दलिया 500 ग्राम,2025-06-19,2025-03-26,2025-02-19,1,TI6786AAA2425,PDCS250048,05AAECK5765H1ZE,11031900,KANHA JI DISTRIBUTORS,file2_2025-apr-sep,870.03,828.5999999999999,828.5999999999999,2.5,2.5,0,5,20.715,20.715,0.0,870.03
AMLA JUICE 1 L,आंवला रस 1 लीटर,2026-02-25,2025-03-26,2025-02-25,1,TI6786AAA2425,AGH2500038,05AAECK5765H1ZE,30049011,KANHA JI DISTRIBUTORS,file2_2025-apr-sep,1179.18,1052.8392857142858,1052.8392857142858,6.0,6.0,0,12,63.17035714285715,63.17035714285715,0.0,1179.1800000000003
KARELA JAMUN 50-50 JUICE - 500 ML,करेला-जामुन 50-50 रस 500 मि.ली.,2026-03-11,2025-03-26,2025-03-11,1,TI6786AAA2425,ABPB250005,05AAECK5765H1ZE,30049011,KANHA JI DISTRIBUTORS,file2_2025-apr-sep,1435.66,1281.8392857142856,1281.8392857142856,6.0,6.0,0,12,76.91035714285714,76.91035714285714,0.0,1435.6599999999996
RICE BRAN OIL 1 LTR (P),चावल की भूसी का तेल 1 लीटर,2025-12-13,2025-03-26,2025-03-18,1,TI6786AAA2425,ORE2500019,05AAECK5765H1ZE,15159040,KANHA JI DISTRIBUTORS,file2_2025-apr-sep,1793.99,1708.5619047619048,1708.5619047619048,2.5,2.5,0,5,42.71404761904761,42.71404761904761,0.0,1793.9899999999998
FORTIFIED SUNFLOWER OIL 1 LTR (P) - T,फोर्टिफाइड सूरजमुखी तेल 1 लीटर,2025-11-25,2025-03-26,2025-02-28,1,TI6786AAA2425,BR2A250007,05AAECK5765H1ZE,15121910,KANHA JI DISTRIBUTORS,file2_2025-apr-sep,1885.09,1795.3238095238094,1795.3238095238094,2.5,2.5,0,5,44.88309523809523,44.88309523809523,0.0,1885.0899999999997
SABUDANA 500 GM,साबूदाना 500 ग्राम,2025-09-09,2025-03-26,2025-03-13,1,TI6786AAA2425,AALX250012,05AAECK5765H1ZE,19030000,KANHA JI DISTRIBUTORS,file2_2025-apr-sep,1194.27,1137.3999999999999,1137.3999999999999,2.5,2.5,0,5,28.434999999999995,28.434999999999995,0.0,1194.2699999999998
POHA 1 KG -T,पोहा 1 किग्रा,2025-08-13,2025-03-26,2025-02-14,1,TI6786AAA2425,BPRP250012,05AAECK5765H1ZE,19041020,KANHA JI DISTRIBUTORS,file2_2025-apr-sep,1485.96,1415.2,1415.2,2.5,2.5,0,5,35.38,35.38,0.0,1485.9600000000003
DIVYA GOKHRU KWATH 100 GM (JAR)-T,दिव्य गोखरू क्वाथ 100 ग्राम (जार),2027-02-10,2025-03-26,2025-02-20,10,TI6786AAA2425,AGKK250007,05AAECK5765H1ZE,30049011,KANHA JI DISTRIBUTORS,file2_2025-apr-sep,666.62,595.1964285714286,59.519642857142856,6.0,6.0,0,12,35.71178571428572,35.71178571428572,0.0,666.62
ASHVASHILA -11 GM (STRIP),अश्वशिला स्ट्रिप 11 ग्राम,2027-01-17,2025-03-26,2025-01-27,20,TI6786AAA2425,AASP250005,05AAECK5765H1ZE,30049011,KANHA JI DISTRIBUTORS,file2_2025-apr-sep,1435.68,1281.857142857143,64.09285714285714,6.0,6.0,0,12,76.91142857142857,76.91142857142857,0.0,1435.68
ASHVAGANDHA -11 GM (STRIP),अश्वगंधा स्ट्रिप 11 ग्राम,2027-01-05,2025-03-26,2025-01-15,20,TI6786AAA2425,AASZ250005,05AAECK5765H1ZE,30049011,KANHA JI DISTRIBUTORS,file2_2025-apr-sep,1292.09,1153.6517857142856,57.68258928571428,6.0,6.0,0,12,69.21910714285714,69.21910714285714,0.0,1292.09
DIVYA ASHWAGANDHA CHURNA - 100 GM,दिव्य अश्वगंधा चूर्ण 100 ग्राम,2027-01-21,2025-03-26,2025-01-31,25,TI6786AAA2425,AAGC250007,05AAECK5765H1ZE,30049011,KANHA JI DISTRIBUTORS,file2_2025-apr-sep,2143.84,2041.752380952381,81.67009523809524,2.5,2.5,0,5,51.04380952380952,51.04380952380952,0.0,2143.84
NAVRATNA ATTA 2 KG,नवरत्न आटा 2 किग्रा,2025-09-07,2025-04-16,2025-03-11,1,TI284AAA2526,AHV2500009,05AAECK5765H1ZE,11010000,KANHA JI DISTRIBUTORS,file2_2025-apr-sep,3132.09,2982.942857142857,2982.942857142857,2.5,2.5,0,5,74.57357142857143,74.57357142857143,0.0,3132.09
TRADITIONAL WHOLE WHEAT ATTA 5 KG,पारंपरिक गेहूं का आटा 5 किग्रा,2025-07-11,2025-04-16,2025-03-13,1,TI284AAA2526,PDV5250017,05AAECK5765H1ZE,11010000,KANHA JI DISTRIBUTORS,file2_2025-apr-sep,1740.01,1657.1523809523808,1657.1523809523808,2.5,2.5,0,5,41.42880952380952,41.42880952380952,0.0,1740.01
TRADITIONAL WHOLE WHEAT ATTA 10 KG,पारंपरिक गेहूं का आटा 10 किग्रा,2025-07-20,2025-04-16,2025-03-22,1,TI284AAA2526,PDV4250014,05AAECK5765H1ZE,11010000,KANHA JI DISTRIBUTORS,file2_2025-apr-sep,2088.03,1988.6000000000001,1988.6000000000001,2.5,2.5,0,5,49.715,49.715,0.0,2088.03
MUSTARD OIL 1 L (P)-T,सरसों का तेल 1 लीटर,2026-03-05,2025-04-16,2025-03-10,2,TI284AAA2526,N2B2500023,05AAECK5765H1ZE,15149920,KANHA JI DISTRIBUTORS,file2_2025-apr-sep,3805.45,3624.238095238095,1812.1190476190475,2.5,2.5,0,5,90.60595238095237,90.60595238095237,0.0,3805.4499999999994
ALOEVERA JUICE 1 L (FIBRE),एलोवेरा रस (फाइबर युक्त) 1 लीटर,2025-12-07,2025-04-16,2025-03-12,1,TI284AAA2526,PGD2500086,05AAECK5765H1ZE,30049011,KANHA JI DISTRIBUTORS,file2_2025-apr-sep,1768.77,1579.2589285714284,1579.2589285714284,6.0,6.0,0,12,94.75553571428571,94.75553571428571,0.0,1768.77
SUPER DISHWASH BAR-225 G B3G1 FREE,सुपर डिशवॉश बार 225 ग्राम (खरीदो 3 पाओ 1 मुफ्त),2028-03-15,2025-04-16,2025-03-16,2,TI284AAA2526,AAXW250018,05AAECK5765H1ZE,34011990,KANHA JI DISTRIBUTORS,file2_2025-apr-sep,1346.9,1141.440677966102,570.720338983051,9.0,9.0,0,18,102.72966101694918,102.72966101694918,0.0,1346.9000000000003
ALOEVERA MIXED FRUIT JAM 500 G,एलोवेरा मिक्स्ड फ्रूट जैम 500 ग्राम,2026-02-18,2025-04-16,2025-02-18,1,TI284AAA2526,B1O2500002,05AAECK5765H1ZE,20079990,KANHA JI DISTRIBUTORS,file2_2025-apr-sep,693.1,618.8392857142857,618.8392857142857,6.0,6.0,0,12,37.130357142857136,37.130357142857136,0.0,693.1
DIVYA GANDHAK RASAYAN 50 G-T,दिव्य गंधक रसायन 50 ग्राम,2026-04-10,2025-04-16,2024-04-10,25,TI285AAA2526,BGDR240001,05AAECK5765H1ZE,30049011,KANHA JI DISTRIBUTORS,file2_2025-apr-sep,416.59,396.7523809523809,15.870095238095237,2.5,2.5,0,5,9.918809523809523,9.918809523809523,0.0,416.5899999999999
Arogyavardhani Vati 80 Tab,आरोग्यवर्धिनी वटी 80 टैबलेट,2030-01-03,2025-04-16,2025-01-29,20,TI285AAA2526,BAVV250002,05AAECK5765H1ZE,30049011,KANHA JI DISTRIBUTORS,file2_2025-apr-sep,1000.02,952.4,47.62,2.5,2.5,0,5,23.81,23.81,0.0,1000.0199999999999
Pushyanug Churna 100 Gm,पुष्यानुग चूर्ण 100 ग्राम,2026-11-30,2025-04-16,2024-12-10,25,TI285AAA2526,APNC240005,05AAECK5765H1ZE,30049011,KANHA JI DISTRIBUTORS,file2_2025-apr-sep,1458.45,1389.0,55.56,2.5,2.5,0,5,34.725,34.725,0.0,1458.4499999999998
Yograj Guggul 40 Tab,योगराज गुग्गुल 40 टैबलेट,2029-12-10,2025-04-16,2025-01-05,20,TI285AAA2526,BYRG250001,05AAECK5765H1ZE,30049011,KANHA JI DISTRIBUTORS,file2_2025-apr-sep,666.75,635.0,31.75,2.5,2.5,0,5,15.875,15.875,0.0,666.75
DIVYA KUTAJGHAN VATI 80 N (500 MG) - T,दिव्य कुटजघन वटी 80 नग (500 मि.ग्रा.),2028-01-16,2025-04-16,2025-01-31,20,TI285AAA2526,BKJV250002,05AAECK5765H1ZE,30049011,KANHA JI DISTRIBUTORS,file2_2025-apr-sep,2000.04,1904.8,95.24,2.5,2.5,0,5,47.62,47.62,0.0,2000.0399999999997
SOYA CHUNKS 220 GM - T,सोया चंक्स 220 ग्राम,2026-03-10,2025-04-16,2025-03-15,20,TI285AAA2526,SCP250003,05AAECK5765H1ZE,21061000,KANHA JI DISTRIBUTORS,file2_2025-apr-sep,907.8,810.5357142857142,40.52678571428571,6.0,6.0,0,12,48.63214285714285,48.63214285714285,0.0,907.8
DATES (KHAJUR) 500 GM,खजूर 500 ग्राम,2025-09-22,2025-04-16,2025-03-26,4,TI285AAA2526,AAYC250018,05AAECK5765H1ZE,20019000,KANHA JI DISTRIBUTORS,file2_2025-apr-sep,1145.0,1022.3214285714284,255.5803571428571,6.0,6.0,0,12,61.33928571428571,61.33928571428571,0.0,1145.0
Divya Peedantak Vati 40 Tab,दिव्य पीड़ान्तक वटी 40 टैबलेट,2029-10-04,2025-04-23,2024-10-30,20,TI458AAA2526,BPTV240050,05AAECK5765H1ZE,30049011,KANHA JI DISTRIBUTORS,file2_2025-apr-sep,916.61,818.4017857142857,40.92008928571428,6.0,6.0,0,12,49.10410714285714,49.10410714285714,0.0,916.61
DIVYA SHILAJEET SAT - 20 G,दिव्य शिलाजीत सत 20 ग्राम,2030-02-02,2025-04-23,2025-02-28,10,TI458AAA2526,BSHS250003,05AAECK5765H1ZE,30049011,KANHA JI DISTRIBUTORS,file2_2025-apr-sep,1083.29,1031.7047619047619,103.1704761904762,2.5,2.5,0,5,25.792619047619045,25.792619047619045,0.0,1083.2900000000002
DIVYA ANU TAILA 20 ML (120 PCS) -T,दिव्य अनुतैल 20 मि.ली. (120 नग),2028-01-16,2025-04-23,2025-01-31,10,TI458AAA2526,BANT250003,05AAECK5765H1ZE,30049011,KANHA JI DISTRIBUTORS,file2_2025-apr-sep,299.99,285.7047619047619,28.57047619047619,2.5,2.5,0,5,7.142619047619047,7.142619047619047,0.0,299.99
Tankan Bhasma 5 Gm,टंकण भस्म 5 ग्राम,2034-11-09,2025-04-23,2024-12-31,25,TI458AAA2526,BTKB240023,05AAECK5765H1ZE,30049011,KANHA JI DISTRIBUTORS,file2_2025-apr-sep,312.38,297.5047619047619,11.900190476190476,2.5,2.5,0,5,7.437619047619047,7.437619047619047,0.0,312.37999999999994
DIVYA MAHASUDARSHAN GHANVATI PLUS 60 TAB,दिव्य महासुदर्शन घनवटी प्लस 60 टैबलेट,2028-01-26,2025-04-23,2025-02-10,20,TI458AAA2526,AMSV250003,05AAECK5765H1ZE,30049011,KANHA JI DISTRIBUTORS,file2_2025-apr-sep,1666.56,1487.9999999999998,74.39999999999999,6.0,6.0,0,12,89.27999999999999,89.27999999999999,0.0,1666.5599999999997
DIVYA MEDOHAR VATI -100 TAB,दिव्य मेदोहर वटी 100 टैबलेट,2030-02-03,2025-04-23,2025-03-01,25,TI458AAA2526,AMHV250010,05AAECK5765H1ZE,30049011,KANHA JI DISTRIBUTORS,file2_2025-apr-sep,2083.2,1859.9999999999998,74.39999999999999,6.0,6.0,0,12,111.59999999999998,111.59999999999998,0.0,2083.2
DIVYA MADHUGRIT 60 N - T,दिव्य मधुग्रिट 60 नग,2028-02-19,2025-04-23,2025-03-06,20,TI458AAA2526,BMDT250015,05AAECK5765H1ZE,30049011,KANHA JI DISTRIBUTORS,file2_2025-apr-sep,4599.9,4107.053571428571,205.35267857142853,6.0,6.0,0,12,246.42321428571424,246.42321428571424,0.0,4599.9
DIVYA BPGRIT 60 N - T,दिव्य बीपीग्रिट 60 नग,2028-02-21,2025-04-23,2025-03-08,20,TI458AAA2526,ADBP250007,05AAECK5765H1ZE,30049011,KANHA JI DISTRIBUTORS,file2_2025-apr-sep,3833.29,3422.580357142857,171.12901785714286,6.0,6.0,0,12,205.35482142857143,205.35482142857143,0.0,3833.29
K.K. COLOR DARK BROWN (CREAM & DEV)-T,के.के. कलर गाढ़ा भूरा (क्रीम एवं डेवलपर),2026-02-24,2025-04-23,2025-03-01,20,TI458AAA2526,ACDD250011,05AAECK5765H1ZE,33059090,KANHA JI DISTRIBUTORS,file2_2025-apr-sep,556.96,472.00000000000006,23.6,9.0,9.0,0,18,42.48000000000001,42.48000000000001,0.0,556.96
DIVYA DHARA 10 ML (800 PC),दिव्य धारा 10 मि.ली. (800 नग),2028-01-16,2025-04-23,2025-01-31,20,TI458AAA2526,ADYD250005,05AAECK5765H1ZE,30049011,KANHA JI DISTRIBUTORS,file2_2025-apr-sep,689.95,616.0267857142857,30.801339285714285,6.0,6.0,0,12,36.96160714285714,36.96160714285714,0.0,689.9499999999999
Triphala Guggul 40 Tab,त्रिफला गुग्गुल 40 टैबलेट,2029-11-14,2025-04-23,2024-12-10,20,TI458AAA2526,BTPG240059,05AAECK5765H1ZE,30049011,KANHA JI DISTRIBUTORS,file2_2025-apr-sep,666.75,635.0,31.75,2.5,2.5,0,5,15.875,15.875,0.0,666.75
Kaishore Guggul 40 Tab,कैशोर गुग्गुल 40 टैबलेट,2029-12-05,2025-04-23,2024-12-31,20,TI458AAA2526,BKSG240034,05AAECK5765H1ZE,30049011,KANHA JI DISTRIBUTORS,file2_2025-apr-sep,583.38,555.6,27.78,2.5,2.5,0,5,13.89,13.89,0.0,583.38
DIVYA LIVAMRIT ADVANCE 60 N - T,दिव्य लिवामृत एडवांस 60 नग,2028-02-13,2025-04-23,2025-02-28,20,TI458AAA2526,ALAT250014,05AAECK5765H1ZE,30049011,KANHA JI DISTRIBUTORS,file2_2025-apr-sep,3679.97,3285.6874999999995,164.28437499999998,6.0,6.0,0,12,197.14124999999996,197.14124999999996,0.0,3679.97
GASHER CHURAN - 100 GM - T,गैशर चूर्ण 100 ग्राम,2027-02-19,2025-04-23,2025-03-01,25,TI458AAA2526,BGHC250011,05AAECK5765H1ZE,30049011,KANHA JI DISTRIBUTORS,file2_2025-apr-sep,2012.36,1796.7499999999998,71.86999999999999,6.0,6.0,0,12,107.80499999999998,107.80499999999998,0.0,2012.36
DIVYA PEEDANIL TAILA 100 ML-T,दिव्य पीड़ानिल तैल 100 मि.ली.,2028-01-16,2025-04-23,2025-01-31,25,TI458AAA2526,BDPN250010,05AAECK5765H1ZE,30049011,KANHA JI DISTRIBUTORS,file2_2025-apr-sep,1629.05,1454.5089285714284,58.18035714285714,6.0,6.0,0,12,87.2705357142857,87.2705357142857,0.0,1629.0499999999997
DIVYA ORTHOGRIT 60 N - T,दिव्य ऑर्थोग्रिट 60 नग,2028-01-31,2025-04-23,2025-02-15,20,TI458AAA2526,AOTT250013,05AAECK5765H1ZE,30049011,KANHA JI DISTRIBUTORS,file2_2025-apr-sep,5400.0,4821.428571428571,241.07142857142853,6.0,6.0,0,12,289.2857142857142,289.2857142857142,0.0,5399.999999999998
PAT.NUT.VIT.B-COMPLEX-30 CAP,न्यूट्रेला विटामिन बी-कॉम्प्लेक्स 30 कैप्सूल,2027-02-12,2025-04-23,2025-02-12,4,TI458AAA2526,ABRY250002,05AAECK5765H1ZE,21069099,KANHA JI DISTRIBUTORS,file2_2025-apr-sep,776.72,658.2372881355933,164.55932203389833,9.0,9.0,0,18,59.2413559322034,59.2413559322034,0.0,776.7200000000001
FENNEL WHOLE 10 GM,सौंफ साबुत 10 ग्राम,2026-03-06,2025-04-23,2025-03-06,100,TI458AAA2526,ABKW250003,05AAECK5765H1ZE,9109100,KANHA JI DISTRIBUTORS,file2_2025-apr-sep,682.5,650.0,6.5,2.5,2.5,0,5,16.25,16.25,0.0,682.5
BARLEY DALIA 500 G,जौ का दलिया 500 ग्राम,2025-09-19,2025-04-23,2025-03-23,1,TI459AAA2526,PDCU250016,05AAECK5765H1ZE,11031900,KANHA JI DISTRIBUTORS,file2_2025-apr-sep,1407.42,1340.4,1340.4,2.5,2.5,0,5,33.51,33.51,0.0,1407.42
DIVYA ASHWAGANDHARISHTA - 450 ML,दिव्य अश्वगंधारिष्ट 450 मि.ली.,2035-01-07,2025-04-23,2025-02-28,1,TI459AAA2526,ASG250004,05AAECK5765H1ZE,30049011,KANHA JI DISTRIBUTORS,file2_2025-apr-sep,2333.36,2222.247619047619,2222.247619047619,2.5,2.5,0,5,55.55619047619048,55.55619047619048,0.0,2333.3599999999997
GONYLE FLOOR CLEANER - 5 LTR,गोनाइल फ्लोर क्लीनर 5 लीटर,2026-02-02,2025-04-23,2025-02-07,1,TI459AAA2526,0111/25-26,05AAECK5765H1ZE,38084000,KANHA JI DISTRIBUTORS,file2_2025-apr-sep,980.39,830.8389830508474,830.8389830508474,9.0,9.0,0,18,74.77550847457627,74.77550847457627,0.0,980.3900000000001
GONYLE FLOOR CLEANER - 1 LTR,गोनाइल फ्लोर क्लीनर 1 लीटर,2026-03-21,2025-04-23,2025-03-26,1,TI459AAA2526,0978/25-26,05AAECK5765H1ZE,38084000,KANHA JI DISTRIBUTORS,file2_2025-apr-sep,623.89,528.7203389830509,528.7203389830509,9.0,9.0,0,18,47.58483050847458,47.58483050847458,0.0,623.8900000000001
NEEM KANTI BODY CLEANSER-4x45Gx54U,नीम कान्ति बॉडी क्लीन्ज़र 4×45 ग्राम × 54 नग,2027-03-17,2025-04-23,2025-03-17,1,TI459AAA2526,AAWM250004,05AAECK5765H1ZE,34011941,KANHA JI DISTRIBUTORS,file2_2025-apr-sep,1718.53,1456.3813559322034,1456.3813559322034,9.0,9.0,0,18,131.0743220338983,131.0743220338983,0.0,1718.5300000000002
COWS WHOLE MILK POWDER 500-GM,गाय का पूर्ण दूध पाउडर 500 ग्राम,2025-08-29,2025-04-23,2025-03-02,1,TI459AAA2526,BLB2500003,05AAECK5765H1ZE,4021090,KANHA JI DISTRIBUTORS,file2_2025-apr-sep,4810.93,4581.838095238096,4581.838095238096,2.5,2.5,0,5,114.5459523809524,114.5459523809524,0.0,4810.93
KARELA JAMUN 50-50 JUICE - 500 ML,करेला-जामुन 50-50 रस 500 मि.ली.,2026-03-24,2025-04-23,2025-03-24,1,TI459AAA2526,ABPB250007,05AAECK5765H1ZE,30049011,KANHA JI DISTRIBUTORS,file2_2025-apr-sep,1435.66,1281.8392857142856,1281.8392857142856,6.0,6.0,0,12,76.91035714285714,76.91035714285714,0.0,1435.6599999999996
GULAB SHARBAT 750 ML,गुलाब शरबत 750 मि.ली.,2026-04-09,2025-04-23,2025-04-09,1,TI459AAA2526,AGK2500038,05AAECK5765H1ZE,21069011,KANHA JI DISTRIBUTORS,file2_2025-apr-sep,1114.16,944.2033898305086,944.2033898305086,9.0,9.0,0,18,84.97830508474577,84.97830508474577,0.0,1114.16
AMLA JUICE 1 L,आंवला रस 1 लीटर,2026-03-25,2025-04-23,2025-03-25,1,TI459AAA2526,AGH2500062,05AAECK5765H1ZE,30049011,KANHA JI DISTRIBUTORS,file2_2025-apr-sep,1179.18,1052.8392857142858,1052.8392857142858,6.0,6.0,0,12,63.17035714285715,63.17035714285715,0.0,1179.1800000000003
DIVYA GODHAN ARK - 450ML,दिव्य गोधन अर्क 450 मि.ली.,2026-03-05,2025-04-23,2025-03-10,1,TI459AAA2526,AGDA250013,05AAECK5765H1ZE,30049011,KANHA JI DISTRIBUTORS,file2_2025-apr-sep,919.94,821.375,821.375,6.0,6.0,0,12,49.2825,49.2825,0.0,919.94
OATS 500GM - T,ओट्स 500 ग्राम,2026-03-07,2025-04-23,2025-03-07,1,TI459AAA2526,BNO070325,05AAECK5765H1ZE,11041200,KANHA JI DISTRIBUTORS,file2_2025-apr-sep,1693.44,1612.8,1612.8,2.5,2.5,0,5,40.32,40.32,0.0,1693.4399999999998
Divya Peedantak Kwath 100 Gm,दिव्य पीड़ान्तक क्वाथ 100 ग्राम,2026-12-26,2025-04-23,2025-01-05,1,TI459AAA2526,APTK250002,05AAECK5765H1ZE,30049011,KANHA JI DISTRIBUTORS,file2_2025-apr-sep,1874.88,1674.0,1674.0,6.0,6.0,0,12,100.44,100.44,0.0,1874.88
FORTIFIED SUNFLOWER OIL 1 LTR (P) - T,फोर्टिफाइड सूरजमुखी तेल 1 लीटर,2026-01-16,2025-04-23,2025-04-21,1,TI459AAA2526,BR2A250014,05AAECK5765H1ZE,15121910,KANHA JI DISTRIBUTORS,file2_2025-apr-sep,1885.09,1795.3238095238094,1795.3238095238094,2.5,2.5,0,5,44.88309523809523,44.88309523809523,0.0,1885.0899999999997
SHIKAKAI POWDER 100 G,शिकाकाई पाउडर 100 ग्राम,2027-03-18,2025-04-23,2025-03-18,1,TI459AAA2526,ABNZ250006,05AAECK5765H1ZE,12119029,KANHA JI DISTRIBUTORS,file2_2025-apr-sep,1099.98,1047.6,1047.6,2.5,2.5,0,5,26.19,26.19,0.0,1099.98
TRADITIONAL WHOLE WHEAT ATTA 5 KG,पारंपरिक गेहूं का आटा 5 किग्रा,2025-07-11,2025-04-23,2025-03-13,1,TI459AAA2526,PDV5250017,05AAECK5765H1ZE,11010000,KANHA JI DISTRIBUTORS,file2_2025-apr-sep,1757.94,1674.2285714285715,1674.2285714285715,2.5,2.5,0,5,41.855714285714285,41.855714285714285,0.0,1757.9400000000003
BROWN BASMATI RICE POUCH 1 KG,भूरा बासमती चावल पाउच 1 किग्रा,2026-12-30,2025-05-08,2025-01-09,1,TI724AAA2526,E7E2500001,05AAECK5765H1ZE,10063020,KANHA JI DISTRIBUTORS,file2_2025-apr-sep,1966.86,1873.1999999999998,1873.1999999999998,2.5,2.5,0,5,46.83,46.83,0.0,1966.8599999999997
KESH KANTI ADV. H.H. EXPERT SHAMPO-100ML,केश कान्ति एडवांस हेयर एक्सपर्ट शैम्पू 100 मि.ली.,2027-04-03,2025-05-08,2025-04-03,1,TI724AAA2526,AAWT250004,05AAECK5765H1ZE,33051090,KANHA JI DISTRIBUTORS,file2_2025-apr-sep,3116.76,2641.3220338983056,2641.3220338983056,9.0,9.0,0,18,237.7189830508475,237.7189830508475,0.0,3116.76
GROUNDNUT OIL 1 LTR (P),मूंगफली का तेल 1 लीटर,2026-01-08,2025-05-08,2025-04-13,1,TI724AAA2526,ORQ2500017,05AAECK5765H1ZE,15089091,KANHA JI DISTRIBUTORS,file2_2025-apr-sep,2011.46,1915.6761904761904,1915.6761904761904,2.5,2.5,0,5,47.89190476190476,47.89190476190476,0.0,2011.4599999999998
COWS GHEE 1 L - T,गाय का घी 1 लीटर,2026-01-19,2025-05-08,2025-04-24,1,TI724AAA2526,FAWC250117,05AAECK5765H1ZE,4059020,KANHA JI DISTRIBUTORS,file2_2025-apr-sep,9674.78,8638.196428571428,8638.196428571428,6.0,6.0,0,12,518.2917857142857,518.2917857142857,0.0,9674.779999999999
COWS GHEE 500 ML - T,गाय का घी 500 मि.ली.,2025-12-26,2025-05-08,2025-03-31,1,TI724AAA2526,FAWD250024,05AAECK5765H1ZE,4059020,KANHA JI DISTRIBUTORS,file2_2025-apr-sep,10365.94,9255.30357142857,9255.30357142857,6.0,6.0,0,12,555.3182142857142,555.3182142857142,0.0,10365.94
RICE BRAN OIL 1 LTR (P),चावल की भूसी का तेल 1 लीटर,2026-01-08,2025-05-08,2025-04-13,1,TI724AAA2526,ORE2500024,05AAECK5765H1ZE,15159040,KANHA JI DISTRIBUTORS,file2_2025-apr-sep,1793.99,1708.5619047619048,1708.5619047619048,2.5,2.5,0,5,42.71404761904761,42.71404761904761,0.0,1793.9899999999998
MUSTARD OIL 1 L (P)-T,सरसों का तेल 1 लीटर,2026-04-09,2025-05-08,2025-04-14,2,TI724AAA2526,N2B2500031,05AAECK5765H1ZE,15149920,KANHA JI DISTRIBUTORS,file2_2025-apr-sep,3805.45,3624.238095238095,1812.1190476190475,2.5,2.5,0,5,90.60595238095237,90.60595238095237,0.0,3805.4499999999994
MUSTARD OIL 1 L (B)-T,सरसों का तेल 1 लीटर,2026-04-14,2025-05-08,2025-04-19,1,TI724AAA2526,N1B2500046,05AAECK5765H1ZE,15149920,KANHA JI DISTRIBUTORS,file2_2025-apr-sep,1957.03,1863.838095238095,1863.838095238095,2.5,2.5,0,5,46.595952380952376,46.595952380952376,0.0,1957.03
TOMATO KETCHUP W/O ONION GRLC 950GM(P)-T,टमाटर केचप (बिना प्याज व लहसुन) 950 ग्राम,2025-11-25,2025-05-08,2025-02-28,1,TI724AAA2526,DQU2500009,05AAECK5765H1ZE,21032000,KANHA JI DISTRIBUTORS,file2_2025-apr-sep,1194.68,1066.6785714285713,1066.6785714285713,6.0,6.0,0,12,64.00071428571428,64.00071428571428,0.0,1194.68
SENDHA NAMAK 1 KG - T,सेंधा नमक 1 किग्रा,2026-11-21,2025-05-08,2024-12-01,1,TI724AAA2526,SRS24/12,05AAECK5765H1ZE,25010010,KANHA JI DISTRIBUTORS,file2_2025-apr-sep,1009.0,1009.0,1009.0,0.0,0.0,0,0,0.0,0.0,0.0,1009.0
TRADITIONAL WHOLE WHEAT ATTA 10 KG,पारंपरिक गेहूं का आटा 10 किग्रा,2025-07-20,2025-05-08,2025-03-22,1,TI724AAA2526,PDV4250014,05AAECK5765H1ZE,11010000,KANHA JI DISTRIBUTORS,file2_2025-apr-sep,2109.55,2009.095238095238,2009.095238095238,2.5,2.5,0,5,50.227380952380955,50.227380952380955,0.0,2109.5499999999997
ALOEVERA JUICE 1 L (FIBRE),एलोवेरा रस (फाइबर युक्त) 1 लीटर,2026-01-16,2025-05-08,2025-04-21,1,TI724AAA2526,PGD2500136,05AAECK5765H1ZE,30049011,KANHA JI DISTRIBUTORS,file2_2025-apr-sep,1768.77,1579.2589285714284,1579.2589285714284,6.0,6.0,0,12,94.75553571428571,94.75553571428571,0.0,1768.77
KARELA JAMUN 50-50 JUICE - 500 ML,करेला-जामुन 50-50 रस 500 मि.ली.,2026-04-14,2025-05-08,2025-04-14,1,TI724AAA2526,ABPB250009,05AAECK5765H1ZE,30049011,KANHA JI DISTRIBUTORS,file2_2025-apr-sep,1435.66,1281.8392857142856,1281.8392857142856,6.0,6.0,0,12,76.91035714285714,76.91035714285714,0.0,1435.6599999999996
GONYLE FLOOR CLEANER - 5 LTR,गोनाइल फ्लोर क्लीनर 5 लीटर,2026-02-02,2025-05-08,2025-02-07,1,TI724AAA2526,0111/25-26,05AAECK5765H1ZE,38084000,KANHA JI DISTRIBUTORS,file2_2025-apr-sep,1120.43,949.5169491525425,949.5169491525425,9.0,9.0,0,18,85.45652542372882,85.45652542372882,0.0,1120.43
GONYLE FLOOR CLEANER - 1 LTR,गोनाइल फ्लोर क्लीनर 1 लीटर,2026-03-21,2025-05-08,2025-03-26,1,TI724AAA2526,0985/25-26,05AAECK5765H1ZE,38084000,KANHA JI DISTRIBUTORS,file2_2025-apr-sep,712.96,604.2033898305085,604.2033898305085,9.0,9.0,0,18,54.37830508474577,54.37830508474577,0.0,712.96
FORTIFIED SUNFLOWER OIL 1 LTR (P) - T,फोर्टिफाइड सूरजमुखी तेल 1 लीटर,2026-01-16,2025-05-08,2025-04-21,1,TI724AAA2526,BR2A250014,05AAECK5765H1ZE,15121910,KANHA JI DISTRIBUTORS,file2_2025-apr-sep,1885.09,1795.3238095238094,1795.3238095238094,2.5,2.5,0,5,44.88309523809523,44.88309523809523,0.0,1885.0899999999997
GILOY JUICE 500 ML,गिलोय रस 500 मि.ली.,2026-04-21,2025-05-08,2025-04-21,1,TI724AAA2526,PFY2500006,05AAECK5765H1ZE,30049011,KANHA JI DISTRIBUTORS,file2_2025-apr-sep,861.37,769.0803571428571,769.0803571428571,6.0,6.0,0,12,46.14482142857143,46.14482142857143,0.0,861.3699999999999
SESAME OIL 1 L (B)-T,तिल का तेल 1 लीटर,2026-01-02,2025-05-08,2025-04-07,1,TI724AAA2526,JACQ250030,05AAECK5765H1ZE,15155091,KANHA JI DISTRIBUTORS,file2_2025-apr-sep,2722.81,2593.152380952381,2593.152380952381,2.5,2.5,0,5,64.82880952380953,64.82880952380953,0.0,2722.81
AMLA CHATPATA CANDY 250 G,आंवला चटपटा कैंडी 250 ग्राम,2026-03-26,2025-05-08,2025-03-26,1,TI724AAA2526,AMV2500018,05AAECK5765H1ZE,8112010,KANHA JI DISTRIBUTORS,file2_2025-apr-sep,1641.13,1562.9809523809524,1562.9809523809524,2.5,2.5,0,5,39.07452380952381,39.07452380952381,0.0,1641.1299999999999
BESAN 500 G,बेसन 500 ग्राम,2025-08-14,2025-05-08,2025-03-17,1,TI724AAA2526,PDCR250020,05AAECK5765H1ZE,11061090,KANHA JI DISTRIBUTORS,file2_2025-apr-sep,1189.22,1132.5904761904762,1132.5904761904762,2.5,2.5,0,5,28.31476190476191,28.31476190476191,0.0,1189.2200000000003
SOOJI 1 KG,सूजी 1 किग्रा,2025-08-13,2025-05-08,2025-04-15,1,TI724AAA2526,PDANA25008,05AAECK5765H1ZE,11010000,KANHA JI DISTRIBUTORS,file2_2025-apr-sep,620.55,590.9999999999999,590.9999999999999,2.5,2.5,0,5,14.774999999999999,14.774999999999999,0.0,620.5499999999998
SUGAR 5 KG,चीनी 5 किग्रा,2027-03-17,2025-05-08,2025-03-27,1,TI724AAA2526,BAIW250014,05AAECK5765H1ZE,17011490,KANHA JI DISTRIBUTORS,file2_2025-apr-sep,1883.51,1793.8190476190475,1793.8190476190475,2.5,2.5,0,5,44.845476190476184,44.845476190476184,0.0,1883.5099999999998
IODIZED NAMAK 1 KG (NEW) - T,आयोडीन युक्त नमक 1 किग्रा (नया),2026-10-22,2025-05-08,2024-11-01,1,TI724AAA2526,CS-24/11,05AAECK5765H1ZE,25010010,KANHA JI DISTRIBUTORS,file2_2025-apr-sep,260.0,260.0,260.0,0.0,0.0,0,0,0.0,0.0,0.0,260.0
KESHKANTI HAIRCLN.NATURAL RS1 FREE 96 No,केश कान्ति हेयर क्लींज़र नेचुरल ₹1 फ्री (96 नग),2027-03-27,2025-05-08,2025-03-27,1,TI724AAA2526,ABAC250028,05AAECK5765H1ZE,33051090,KANHA JI DISTRIBUTORS,file2_2025-apr-sep,702.34,595.2033898305085,595.2033898305085,9.0,9.0,0,18,53.568305084745774,53.568305084745774,0.0,702.3400000000001
BODY UBTAN 100 G,बॉडी उबटन 100 ग्राम,2026-03-10,2025-05-08,2025-03-10,20,TI725AAA2526,ACW2500005,05AAECK5765H1ZE,33019011,KANHA JI DISTRIBUTORS,file2_2025-apr-sep,1018.58,863.2033898305085,43.16016949152542,9.0,9.0,0,18,77.68830508474576,77.68830508474576,0.0,1018.5799999999999
DIVYA ARSHOGRIT 3 U X 20 N,दिव्य अर्शोग्रिट 3 यूनिट × 20 नग,2028-02-19,2025-05-08,2025-03-06,20,TI725AAA2526,ADAR250006,05AAECK5765H1ZE,30049011,KANHA JI DISTRIBUTORS,file2_2025-apr-sep,3333.34,2976.1964285714284,148.8098214285714,6.0,6.0,0,12,178.57178571428574,178.57178571428574,0.0,3333.34
MAKHANA 250 GM,मखाना 250 ग्राम,2026-01-15,2025-05-08,2025-03-21,10,TI725AAA2526,AALI250018,05AAECK5765H1ZE,8029000,KANHA JI DISTRIBUTORS,file2_2025-apr-sep,4484.66,4271.104761904761,427.1104761904761,2.5,2.5,0,5,106.77761904761903,106.77761904761903,0.0,4484.659999999999
RAISINS BLACK 250 GM (MONO),काली किशमिश 250 ग्राम,2025-09-09,2025-05-08,2025-03-13,6,TI725AAA2526,AARY250004,05AAECK5765H1ZE,8062010,KANHA JI DISTRIBUTORS,file2_2025-apr-sep,618.91,589.4380952380952,98.23968253968253,2.5,2.5,0,5,14.73595238095238,14.73595238095238,0.0,618.9100000000001
MAMRA ALMOND PREMIUM 250 GM,ममरा बादाम प्रीमियम 250 ग्राम,2025-10-12,2025-05-08,2025-04-15,2,TI725AAA2526,ABOH250002,05AAECK5765H1ZE,8021200,KANHA JI DISTRIBUTORS,file2_2025-apr-sep,1472.73,1314.9375,657.46875,6.0,6.0,0,12,78.89625,78.89625,0.0,1472.73
KESH KANTI HAIR CLEANSER NATURAL 450 ML,केश कान्ति हेयर क्लींज़र नेचुरल 450 मि.ली.,2027-03-25,2025-05-08,2025-04-04,12,TI725AAA2526,A2G2500006,05AAECK5765H1ZE,33051090,KANHA JI DISTRIBUTORS,file2_2025-apr-sep,1686.74,1429.4406779661017,119.12005649717514,9.0,9.0,0,18,128.64966101694915,128.64966101694915,0.0,1686.7400000000002
HERBAL SUHAG TEEKA RED,हर्बल सुहाग टीका लाल,2026-09-10,2025-05-08,2024-09-20,12,TI725AAA2526,AATZ240005,05AAECK5765H1ZE,33049940,KANHA JI DISTRIBUTORS,file2_2025-apr-sep,769.2,769.2,64.10000000000001,0.0,0.0,0,0,0.0,0.0,0.0,769.2
KESH K. REETHA HAIR CLEANSER 180ML T.O.,केश कान्ति रीठा हेयर क्लींज़र 180 मि.ली. (ट्रेड ऑफर),2027-03-20,2025-05-08,2025-03-20,18,TI725AAA2526,ABTZ250006,05AAECK5765H1ZE,33051090,KANHA JI DISTRIBUTORS,file2_2025-apr-sep,1686.88,1429.5593220338985,79.41996233521658,9.0,9.0,0,18,128.66033898305085,128.66033898305085,0.0,1686.8800000000003
KESH KANTI HAIR CLEANSER ALOEVERA 450ML,केश कान्ति हेयर क्लींज़र एलोवेरा 450 मि.ली.,2027-04-05,2025-05-08,2025-04-15,12,TI725AAA2526,A9F2500006,05AAECK5765H1ZE,33051090,KANHA JI DISTRIBUTORS,file2_2025-apr-sep,1874.22,1588.322033898305,132.36016949152543,9.0,9.0,0,18,142.94898305084746,142.94898305084746,0.0,1874.2199999999998
DIVYA PUNARNAVADI MANDOOR - 60 TAB,दिव्य पुनर्नवादि मांडूर 60 टैबलेट,2035-02-25,2025-05-08,2025-03-25,20,TI725AAA2526,BPNM250014,05AAECK5765H1ZE,30049011,KANHA JI DISTRIBUTORS,file2_2025-apr-sep,916.65,872.9999999999999,43.64999999999999,2.5,2.5,0,5,21.824999999999996,21.824999999999996,0.0,916.65
Triyodashang Guggul 40 Tab,त्रयोदशांग गुग्गुल 40 टैबलेट,2029-11-04,2025-05-08,2024-11-30,20,TI725AAA2526,BTDG240040,05AAECK5765H1ZE,30049011,KANHA JI DISTRIBUTORS,file2_2025-apr-sep,583.38,555.6,27.78,2.5,2.5,0,5,13.89,13.89,0.0,583.38
DIVYA UTINIL TABLET 3U X 10N -T,दिव्य यूटिनिल टैबलेट 3 यूनिट × 10 नग,2027-06-17,2025-05-08,2024-07-02,10,TI725AAA2526,AUTI240001,05AAECK5765H1ZE,30049011,KANHA JI DISTRIBUTORS,file2_2025-apr-sep,4166.62,3720.196428571428,372.0196428571428,6.0,6.0,0,12,223.2117857142857,223.2117857142857,0.0,4166.619999999999
MINT CANDY MENTHOL - T,मिंट कैंडी मेंथॉल,2025-12-28,2025-05-08,2025-01-02,6,TI725AAA2526,DMC250001,05AAECK5765H1ZE,17049030,KANHA JI DISTRIBUTORS,file2_2025-apr-sep,674.76,602.4642857142857,100.41071428571428,6.0,6.0,0,12,36.147857142857134,36.147857142857134,0.0,674.7599999999999
DIVYA MULETHI CHURNA 100 GM -T,दिव्य मुलेठी चूर्ण 100 ग्राम,2027-02-27,2025-05-08,2025-03-09,25,TI725AAA2526,BMLC250016,05AAECK5765H1ZE,30049011,KANHA JI DISTRIBUTORS,file2_2025-apr-sep,1145.81,1091.2476190476189,43.64990476190476,2.5,2.5,0,5,27.281190476190474,27.281190476190474,0.0,1145.8099999999997
BANDHANI HING 50 GM (NEW) - T,बंधनी हींग 50 ग्राम (नया),2026-08-04,2025-05-08,2025-02-10,24,TI725AAA2526,CASY250002,05AAECK5765H1ZE,13019013,KANHA JI DISTRIBUTORS,file2_2025-apr-sep,2100.67,2000.6380952380953,83.35992063492064,2.5,2.5,0,5,50.015952380952385,50.015952380952385,0.0,2100.67
SAUNDARYA ALOEVERA GEL 60ML T.O. (5+1),सौंदर्य एलोवेरा जेल 60 मि.ली. (ट्रेड ऑफर 5+1),2026-10-13,2025-05-08,2025-04-14,4,TI725AAA2526,ACCF250006,05AAECK5765H1ZE,33049910,KANHA JI DISTRIBUTORS,file2_2025-apr-sep,848.84,719.3559322033899,179.83898305084747,9.0,9.0,0,18,64.7420338983051,64.7420338983051,0.0,848.84
AMLA CANDY 250 G,आंवला कैंडी 250 ग्राम,2026-03-06,2025-05-08,2025-03-06,12,TI725AAA2526,ABLX250021,05AAECK5765H1ZE,8112010,KANHA JI DISTRIBUTORS,file2_2025-apr-sep,777.36,740.3428571428572,61.695238095238096,2.5,2.5,0,5,18.50857142857143,18.50857142857143,0.0,777.3600000000001
DIVYA LIVOGRIT 60 N - T,दिव्य लिवोग्रिट 60 नग,2028-02-13,2025-05-08,2025-02-28,20,TI725AAA2526,BLGT250011,05AAECK5765H1ZE,30049011,KANHA JI DISTRIBUTORS,file2_2025-apr-sep,4124.98,3683.0178571428564,184.15089285714282,6.0,6.0,0,12,220.98107142857137,220.98107142857137,0.0,4124.98
DIVYA PEEDANIL SPRAY 100 ML - T,दिव्य पीड़ानिल स्प्रे 100 मि.ली.,2026-02-23,2025-05-08,2024-03-05,12,TI725AAA2526,AYC2401,05AAECK5765H1ZE,30049011,KANHA JI DISTRIBUTORS,file2_2025-apr-sep,1790.94,1599.0535714285713,133.25446428571428,6.0,6.0,0,12,95.94321428571428,95.94321428571428,0.0,1790.9399999999998
TRIPHALA CHURNA -100GM,त्रिफला चूर्ण 100 ग्राम,2027-02-25,2025-05-08,2025-03-25,25,TI725AAA2526,ATPC250040,05AAECK5765H1ZE,30049011,KANHA JI DISTRIBUTORS,file2_2025-apr-sep,749.97,714.2571428571429,28.570285714285713,2.5,2.5,0,5,17.85642857142857,17.85642857142857,0.0,749.9699999999999
BALM 25 GM (144 PC),बाम 25 ग्राम (144 नग),2028-02-10,2025-05-08,2025-02-10,12,TI725AAA2526,AV12500002,05AAECK5765H1ZE,30049011,KANHA JI DISTRIBUTORS,file2_2025-apr-sep,528.33,471.7232142857143,39.310267857142854,6.0,6.0,0,12,28.303392857142857,28.303392857142857,0.0,528.33
KESH K. MILK PR. HAIR CLEANSER 180ML T.O,केश कान्ति मिल्क प्रोटीन हेयर क्लींज़र 180 मि.ली. (ट्रेड ऑफर),2027-03-22,2025-05-08,2025-03-22,18,TI725AAA2526,ABTX250004,05AAECK5765H1ZE,33051090,KANHA JI DISTRIBUTORS,file2_2025-apr-sep,1686.88,1429.5593220338985,79.41996233521658,9.0,9.0,0,18,128.66033898305085,128.66033898305085,0.0,1686.8800000000003
HERBAL SUHAG TEEKA (NEW),हर्बल सुहाग टीका (नया),2026-10-01,2025-05-08,2024-10-11,12,TI725AAA2526,AJV2400012,05AAECK5765H1ZE,33049940,KANHA JI DISTRIBUTORS,file2_2025-apr-sep,769.2,769.2,64.10000000000001,0.0,0.0,0,0,0.0,0.0,0.0,769.2
SAUNDARYA ALOEVERA GEL 150 ML,सौंदर्य एलोवेरा जेल 150 मि.ली.,2026-09-16,2025-05-08,2025-03-25,22,TI725AAA2526,AAHP250136,05AAECK5765H1ZE,33049910,KANHA JI DISTRIBUTORS,file2_2025-apr-sep,1718.03,1455.957627118644,66.17989214175655,9.0,9.0,0,18,131.03618644067797,131.03618644067797,0.0,1718.03
SAUNDARYA ALOEVERA GEL 150 ML,सौंदर्य एलोवेरा जेल 150 मि.ली.,2026-09-07,2025-05-08,2025-03-16,2,TI725AAA2526,AAHP250112,05AAECK5765H1ZE,33049910,KANHA JI DISTRIBUTORS,file2_2025-apr-sep,156.18,132.35593220338984,66.17796610169492,9.0,9.0,0,18,11.912033898305085,11.912033898305085,0.0,156.18
DOODH BISCUIT 35 GM (200 PC),दूध बिस्किट 35 ग्राम (200 नग),2025-11-01,2025-05-08,2025-05-05,1,TI726AAA2526,E425/BP1,05AAECK5765H1ZE,19053100,KANHA JI DISTRIBUTORS,file2_2025-apr-sep,851.96,722.0000000000001,722.0000000000001,9.0,9.0,0,18,64.98,64.98,0.0,851.9600000000002
DOODH BISCUIT 70 GM (100 PC),दूध बिस्किट 70 ग्राम (100 नग),2025-10-27,2025-05-08,2025-04-30,1,TI726AAA2526,DW25/BP1,05AAECK5765H1ZE,19053100,KANHA JI DISTRIBUTORS,file2_2025-apr-sep,853.14,723.0,723.0,9.0,9.0,0,18,65.07,65.07,0.0,853.1399999999999
CREAMFEAST ELAICHI BISCUIT 32.5 GM,क्रीमफीस्ट इलायची बिस्किट 32.5 ग्राम,2025-10-27,2025-05-08,2025-04-30,1,TI726AAA2526,DV25/BP1,05AAECK5765H1ZE,19053100,KANHA JI DISTRIBUTORS,file2_2025-apr-sep,613.41,519.8389830508474,519.8389830508474,9.0,9.0,0,18,46.785508474576275,46.785508474576275,0.0,613.4100000000001
CREAMFEAST CHOCO BISCUIT 32.5 GM,क्रीमफीस्ट चोको बिस्किट 32.5 ग्राम,2025-10-27,2025-05-08,2025-04-30,1,TI726AAA2526,DQ25/BP1,05AAECK5765H1ZE,19053100,KANHA JI DISTRIBUTORS,file2_2025-apr-sep,613.41,519.8389830508474,519.8389830508474,9.0,9.0,0,18,46.785508474576275,46.785508474576275,0.0,613.4100000000001
NARIYAL BISCUIT 68 GM,नारियल बिस्किट 68 ग्राम,2025-10-23,2025-05-08,2025-04-26,1,TI726AAA2526,DU25/AV9,05AAECK5765H1ZE,19053100,KANHA JI DISTRIBUTORS,file2_2025-apr-sep,853.14,723.0,723.0,9.0,9.0,0,18,65.07,65.07,0.0,853.1399999999999
ATTA NOODLES CHATPATA FAMILY PACK 240 GM,आटा नूडल्स चटपटा फैमिली पैक 240 ग्राम,2026-01-16,2025-05-14,2025-04-21,2,TI846AAA2526,CHF210425,05AAECK5765H1ZE,19022090,KANHA JI DISTRIBUTORS,file2_2025-apr-sep,1804.72,1611.3571428571427,805.6785714285713,6.0,6.0,0,12,96.68142857142855,96.68142857142855,0.0,1804.7199999999998
ALOEVERA JUICE 1 L (FIBRE),एलोवेरा रस (फाइबर युक्त) 1 लीटर,2026-01-23,2025-05-14,2025-04-28,1,TI846AAA2526,PGD2500148,05AAECK5765H1ZE,30049011,KANHA JI DISTRIBUTORS,file2_2025-apr-sep,1768.77,1579.2589285714284,1579.2589285714284,6.0,6.0,0,12,94.75553571428571,94.75553571428571,0.0,1768.77
AMLA PICKLE 1 KG,आंवला अचार 1 किग्रा,2026-03-05,2025-05-14,2025-03-05,1,TI846AAA2526,ABA2500004,05AAECK5765H1ZE,20019000,KANHA JI DISTRIBUTORS,file2_2025-apr-sep,1439.29,1285.0803571428569,1285.0803571428569,6.0,6.0,0,12,77.10482142857141,77.10482142857141,0.0,1439.2899999999995
MOONG CHILKA 1000 GM (R1),मूंग दाल छिलका 1000 ग्राम,2025-12-15,2025-05-14,2025-03-20,1,TI846AAA2526,BPRMC25004,05AAECK5765H1ZE,7133190,KANHA JI DISTRIBUTORS,file2_2025-apr-sep,1353.87,1289.3999999999999,1289.3999999999999,2.5,2.5,0,5,32.23499999999999,32.23499999999999,0.0,1353.8699999999997
BURA 1 KG,बूरा 1 किग्रा,2026-01-11,2025-05-14,2025-04-16,1,TI846AAA2526,AKI2500044,05AAECK5765H1ZE,17029090,KANHA JI DISTRIBUTORS,file2_2025-apr-sep,2038.68,1941.6,1941.6,2.5,2.5,0,5,48.54,48.54,0.0,2038.6799999999998
DISHWASH BAR-600G (500G+100G)+SCRUB PAD,डिशवॉश बार 600 ग्राम (500+100 ग्राम) + स्क्रब पैड,2028-04-10,2025-05-14,2025-04-11,1,TI846AAA2526,AAYX250010,05AAECK5765H1ZE,34011990,KANHA JI DISTRIBUTORS,file2_2025-apr-sep,1173.3,994.3220338983051,994.3220338983051,9.0,9.0,0,18,89.48898305084745,89.48898305084745,0.0,1173.3000000000002
MUSTARD OIL 1 L (P)-T,सरसों का तेल 1 लीटर,2026-04-09,2025-05-14,2025-04-14,2,TI846AAA2526,N2B2500031,05AAECK5765H1ZE,15149920,KANHA JI DISTRIBUTORS,file2_2025-apr-sep,3805.45,3624.238095238095,1812.1190476190475,2.5,2.5,0,5,90.60595238095237,90.60595238095237,0.0,3805.4499999999994
FORTIFIED SUNFLOWER OIL 1 LTR (P) - T,फोर्टिफाइड सूरजमुखी तेल 1 लीटर,2026-01-16,2025-05-14,2025-04-21,1,TI846AAA2526,BR2A250014,05AAECK5765H1ZE,15121910,KANHA JI DISTRIBUTORS,file2_2025-apr-sep,1885.09,1795.3238095238094,1795.3238095238094,2.5,2.5,0,5,44.88309523809523,44.88309523809523,0.0,1885.0899999999997
APPLE VINEGAR WITH HALDI & GINGER 500 ML,सेब का सिरका हल्दी और अदरक युक्त 500 मि.ली.,2026-04-03,2025-05-14,2025-04-03,1,TI846AAA2526,ABVO250004,05AAECK5765H1ZE,22090090,KANHA JI DISTRIBUTORS,file2_2025-apr-sep,3342.33,2832.483050847458,2832.483050847458,9.0,9.0,0,18,254.92347457627122,254.92347457627122,0.0,3342.33
NAVRATNA ATTA 2 KG,नवरत्न आटा 2 किग्रा,2025-10-10,2025-05-14,2025-04-13,1,TI846AAA2526,AHV2500013,05AAECK5765H1ZE,11010000,KANHA JI DISTRIBUTORS,file2_2025-apr-sep,3164.38,3013.695238095238,3013.695238095238,2.5,2.5,0,5,75.34238095238095,75.34238095238095,0.0,3164.38
ATTA DOODH RUSK 300 GM - T,आटा दूध रस्क 300 ग्राम,2025-09-08,2025-05-14,2025-04-11,1,TI846AAA2526,DF25/SGB,05AAECK5765H1ZE,19054000,KANHA JI DISTRIBUTORS,file2_2025-apr-sep,1028.16,979.2,979.2,2.5,2.5,0,5,24.48,24.48,0.0,1028.16
PUSHTAHAR DALIA 500 G,पुष्टाहार दलिया 500 ग्राम,2025-12-19,2025-05-14,2025-03-24,1,TI846AAA2526,PDCQ250023,05AAECK5765H1ZE,11031900,KANHA JI DISTRIBUTORS,file2_2025-apr-sep,1279.53,1218.6,1218.6,2.5,2.5,0,5,30.465,30.465,0.0,1279.5299999999997
DRISHTI EYE DROP 10 ML (NEW),दृष्टि नेत्र ड्रॉप 10 मि.ली. (नया),2026-03-17,2025-05-14,2025-03-17,40,TI847AAA2526,AAST250013,05AAECK5765H1ZE,30049011,KANHA JI DISTRIBUTORS,file2_2025-apr-sep,637.95,569.5982142857142,14.239955357142856,6.0,6.0,0,12,34.175892857142856,34.175892857142856,0.0,637.9499999999998
SAUMYA EYE DROP 10 ML,सौम्या आई ड्रॉप 10 मि.ली.,2027-02-11,2025-05-14,2025-02-21,20,TI847AAA2526,AAAQ250002,05AAECK5765H1ZE,30049011,KANHA JI DISTRIBUTORS,file2_2025-apr-sep,558.21,498.4017857142857,24.920089285714287,6.0,6.0,0,12,29.904107142857143,29.904107142857143,0.0,558.21
DIVYA DALCHINI CHURNA -100 GM,दिव्य दालचीनी चूर्ण 100 ग्राम,2027-02-25,2025-05-14,2025-03-25,25,TI847AAA2526,ADCC250015,05AAECK5765H1ZE,30049011,KANHA JI DISTRIBUTORS,file2_2025-apr-sep,1354.24,1289.752380952381,51.59009523809524,2.5,2.5,0,5,32.243809523809524,32.243809523809524,0.0,1354.2399999999998
ROGHAN BADAM SHIRIN - 150 ML - T,रोगन बादाम शिरीन 150 मि.ली.,2027-12-16,2025-05-14,2024-12-31,12,TI847AAA2526,BRBS240019,05AAECK5765H1ZE,30049011,KANHA JI DISTRIBUTORS,file2_2025-apr-sep,3869.96,3685.67619047619,307.1396825396825,2.5,2.5,0,5,92.14190476190475,92.14190476190475,0.0,3869.9599999999996
ROGHAN BADAM SHIRIN - 60 ML - T,रोगन बादाम शिरीन 60 मि.ली.,2028-01-16,2025-05-14,2025-01-31,15,TI847AAA2526,BRBS250001,05AAECK5765H1ZE,30049011,KANHA JI DISTRIBUTORS,file2_2025-apr-sep,2042.46,1945.2,129.68,2.5,2.5,0,5,48.63,48.63,0.0,2042.4600000000003
DIVYA AMLA CHURNA - 100 GM,दिव्य आंवला चूर्ण 100 ग्राम,2027-02-21,2025-05-14,2025-03-21,25,TI847AAA2526,BAMC250012,05AAECK5765H1ZE,30049011,KANHA JI DISTRIBUTORS,file2_2025-apr-sep,937.39,892.7523809523809,35.710095238095235,2.5,2.5,0,5,22.318809523809524,22.318809523809524,0.0,937.3899999999999
DIVYA GODHAN ARK - 450ML,दिव्य गोधन अर्क 450 मि.ली.,2026-03-01,2025-05-14,2025-04-01,1,TI847AAA2526,AGDA250015,05AAECK5765H1ZE,30049011,KANHA JI DISTRIBUTORS,file2_2025-apr-sep,900.0,803.5714285714284,803.5714285714284,6.0,6.0,0,12,48.21428571428571,48.21428571428571,0.0,899.9999999999998
ASHVAGANDHA -11 GM (STRIP),अश्वगंधा स्ट्रिप 11 ग्राम,2027-01-10,2025-05-14,2025-01-20,20,TI847AAA2526,AASZ250006,05AAECK5765H1ZE,30049011,KANHA JI DISTRIBUTORS,file2_2025-apr-sep,1292.09,1153.6517857142856,57.68258928571428,6.0,6.0,0,12,69.21910714285714,69.21910714285714,0.0,1292.09
DIVYA MUKTA VATI EXTRA POWER 30X4 TAB,दिव्य मुक्तावटी एक्स्ट्रा पावर 30×4 टैबलेट,2030-02-08,2025-05-14,2025-03-06,20,TI847AAA2526,AMUE250061,05AAECK5765H1ZE,30049011,KANHA JI DISTRIBUTORS,file2_2025-apr-sep,3374.94,3013.3392857142853,150.66696428571427,6.0,6.0,0,12,180.8003571428571,180.8003571428571,0.0,3374.9399999999996
DIVYA KANTHAMRIT CHEWABLE TABLET 40 N -T,दिव्य कंठामृत चबाने योग्य टैबलेट 40 नग,2028-01-21,2025-05-14,2025-02-05,10,TI847AAA2526,ADKT250007,05AAECK5765H1ZE,30049011,KANHA JI DISTRIBUTORS,file2_2025-apr-sep,300.04,267.8928571428571,26.78928571428571,6.0,6.0,0,12,16.073571428571427,16.073571428571427,0.0,300.03999999999996
DIVYA KANTHAMRIT CHEWABLE TABLET 80 N -T,दिव्य कंठामृत चबाने योग्य टैबलेट 80 नग,2028-02-13,2025-05-14,2025-02-28,10,TI847AAA2526,ADKT250009,05AAECK5765H1ZE,30049011,KANHA JI DISTRIBUTORS,file2_2025-apr-sep,562.53,502.2589285714285,50.22589285714285,6.0,6.0,0,12,30.135535714285712,30.135535714285712,0.0,562.53
DIVYA LAVANGADI VATI- 80 TAB,दिव्य लवंगादि वटी 80 टैबलेट,2028-01-15,2025-05-14,2025-01-30,20,TI847AAA2526,BLGV250001,05AAECK5765H1ZE,30049011,KANHA JI DISTRIBUTORS,file2_2025-apr-sep,749.91,714.1999999999999,35.709999999999994,2.5,2.5,0,5,17.854999999999997,17.854999999999997,0.0,749.91
DIVYA NEUROGRIT GOLD 20 N - T,दिव्य न्यूरोग्रिट गोल्ड 20 नग,2028-03-15,2025-05-14,2025-04-15,10,TI847AAA2526,ANGD250004,05AAECK5765H1ZE,30049011,KANHA JI DISTRIBUTORS,file2_2025-apr-sep,4500.0,4017.8571428571427,401.7857142857143,6.0,6.0,0,12,241.07142857142856,241.07142857142856,0.0,4500.0
EYEGRIT EYE DROP 10 ML,आईग्रिट आई ड्रॉप 10 मि.ली.,2027-04-06,2025-05-14,2025-04-06,40,TI847AAA2526,ABQR250007,05AAECK5765H1ZE,30049011,KANHA JI DISTRIBUTORS,file2_2025-apr-sep,1306.82,1166.8035714285713,29.170089285714283,6.0,6.0,0,12,70.00821428571427,70.00821428571427,0.0,1306.82
TURMERIC POWDER 200 GM,हल्दी पाउडर 200 ग्राम,2026-03-24,2025-05-22,2025-03-24,1,TI995AAA2526,AJC2500016,05AAECK5765H1ZE,9103030,KANHA JI DISTRIBUTORS,file2_2025-apr-sep,1626.98,1549.5047619047618,1549.5047619047618,2.5,2.5,0,5,38.73761904761905,38.73761904761905,0.0,1626.98
SHAKTI RICE XXL MINI MOGRA-2 10 KG (T),शक्ति चावल XXL मिनी मोगरा-2 10 किग्रा,2026-08-14,2025-05-22,2024-08-24,1,TI995AAA2526,E6M2400006,05AAECK5765H1ZE,10063090,KANHA JI DISTRIBUTORS,file2_2025-apr-sep,1491.04,1420.0380952380951,1420.0380952380951,2.5,2.5,0,5,35.50095238095238,35.50095238095238,0.0,1491.04
DOODH BISCUIT 35 GM (200 PC),दूध बिस्किट 35 ग्राम (200 नग),2025-11-07,2025-05-22,2025-05-11,1,TI995AAA2526,ED25/BP1,05AAECK5765H1ZE,19053100,KANHA JI DISTRIBUTORS,file2_2025-apr-sep,851.96,722.0000000000001,722.0000000000001,9.0,9.0,0,18,64.98,64.98,0.0,851.9600000000002
CRUNCHY COCONUT COOKIES 70 GM,क्रंची कोकोनट कुकीज़ 70 ग्राम,2025-11-11,2025-05-22,2025-05-15,1,TI995AAA2526,EI25/BP1,05AAECK5765H1ZE,19053100,KANHA JI DISTRIBUTORS,file2_2025-apr-sep,614.26,520.5593220338983,520.5593220338983,9.0,9.0,0,18,46.85033898305084,46.85033898305084,0.0,614.26
HALDI CHANDAN KNTI BODY CLNSR.4x45Gx54U,हल्दी-चंदन कान्ति बॉडी क्लीन्ज़र 4×45 ग्राम × 54 नग,2027-02-11,2025-05-22,2025-02-11,1,TI995AAA2526,AAWL250002,05AAECK5765H1ZE,34011941,KANHA JI DISTRIBUTORS,file2_2025-apr-sep,1718.53,1456.3813559322034,1456.3813559322034,9.0,9.0,0,18,131.0743220338983,131.0743220338983,0.0,1718.5300000000002
ALOEVERA KANTI BODY CLEANSER-(4X1) 75 GM,एलोवेरा कान्ति बॉडी क्लीन्ज़र (4×1) 75 ग्राम,2027-03-18,2025-05-22,2025-03-18,1,TI995AAA2526,ASV2500008,05AAECK5765H1ZE,34011941,KANHA JI DISTRIBUTORS,file2_2025-apr-sep,2328.75,1973.5169491525426,1973.5169491525426,9.0,9.0,0,18,177.61652542372883,177.61652542372883,0.0,2328.7500000000005
HONEY 1 KG,शहद 1 किग्रा,2026-10-06,2025-05-22,2025-04-14,1,TI995AAA2526,BCN2500017,05AAECK5765H1ZE,4090000,KANHA JI DISTRIBUTORS,file2_2025-apr-sep,3344.54,3185.27619047619,3185.27619047619,2.5,2.5,0,5,79.63190476190475,79.63190476190475,0.0,3344.54
KHAND 1 KG,खांड 1 किग्रा,2026-05-12,2025-05-22,2025-05-12,1,TI995AAA2526,AARQ250034,05AAECK5765H1ZE,17011420,KANHA JI DISTRIBUTORS,file2_2025-apr-sep,2691.45,2563.285714285714,2563.285714285714,2.5,2.5,0,5,64.08214285714286,64.08214285714286,0.0,2691.4500000000003
MUSTARD OIL 1 L (P)-T,सरसों का तेल 1 लीटर,2026-05-01,2025-05-22,2025-05-06,1,TI995AAA2526,N2B2500036,05AAECK5765H1ZE,15149920,KANHA JI DISTRIBUTORS,file2_2025-apr-sep,1902.73,1812.1238095238095,1812.1238095238095,2.5,2.5,0,5,45.30309523809524,45.30309523809524,0.0,1902.73
TOOTHBRUSH NORMAL HANGER (336 PC) - T,टूथब्रश नॉर्मल हैंगर 336 नग,2030-04-07,2025-05-22,2025-04-08,1,TI995AAA2526,080425NL,05AAECK5765H1ZE,96032100,KANHA JI DISTRIBUTORS,file2_2025-apr-sep,2680.2,2271.35593220339,2271.35593220339,9.0,9.0,0,18,204.4220338983051,204.4220338983051,0.0,2680.2
HERBAL WASH DETERGENT POWDER 1 KG,हर्बल वॉश डिटर्जेंट पाउडर 1 किग्रा,2030-05-05,2025-05-22,2025-05-06,1,TI995AAA2526,AM92500039,05AAECK5765H1ZE,34029011,KANHA JI DISTRIBUTORS,file2_2025-apr-sep,1517.48,1286.0,1286.0,9.0,9.0,0,18,115.74,115.74,0.0,1517.48
GREEN FLUSH TOILET CLEANER LOW Hcl-500ML,ग्रीन फ्लश टॉयलेट क्लीनर (लो HCl) 500 मि.ली.,2027-04-29,2025-05-22,2025-04-29,1,TI995AAA2526,ABHE250008,05AAECK5765H1ZE,34029092,KANHA JI DISTRIBUTORS,file2_2025-apr-sep,1625.57,1377.6016949152543,1377.6016949152543,9.0,9.0,0,18,123.98415254237288,123.98415254237288,0.0,1625.57
ATTA NOODLES DESI MASALA 60 GM (96 PC)-T,आटा नूडल्स देसी मसाला 60 ग्राम (96 नग),2026-01-14,2025-05-22,2025-04-19,2,TI995AAA2526,DM190425,05AAECK5765H1ZE,19022090,KANHA JI DISTRIBUTORS,file2_2025-apr-sep,1845.04,1647.3571428571427,823.6785714285713,6.0,6.0,0,12,98.84142857142855,98.84142857142855,0.0,1845.04
AMLA JUICE 1 L (NEW),आंवला रस 1 लीटर (नया),2026-05-15,2025-05-22,2025-05-15,1,TI995AAA2526,ACCT250011,05AAECK5765H1ZE,30049011,KANHA JI DISTRIBUTORS,file2_2025-apr-sep,1263.38,1128.017857142857,1128.017857142857,6.0,6.0,0,12,67.68107142857143,67.68107142857143,0.0,1263.3799999999999
DIVYA ARJUN GHANVATI 3 U X 20 N,दिव्य अर्जुन घनवटी 3 यूनिट × 20 नग,2028-02-19,2025-05-22,2025-03-06,20,TI996AAA2526,ADAG250005,05AAECK5765H1ZE,30049011,KANHA JI DISTRIBUTORS,file2_2025-apr-sep,3000.03,2678.598214285714,133.9299107142857,6.0,6.0,0,12,160.71589285714288,160.71589285714288,0.0,3000.03
DIVYA ARSHKALP VATI - 40 TAB,दिव्य अर्शकल्प वटी 40 टैबलेट,2028-02-14,2025-05-22,2025-03-01,20,TI996AAA2526,BAKV250025,05AAECK5765H1ZE,30049011,KANHA JI DISTRIBUTORS,file2_2025-apr-sep,749.95,669.5982142857142,33.47991071428571,6.0,6.0,0,12,40.175892857142856,40.175892857142856,0.0,749.9499999999998
KESH KANTI ADV.H.HAIR EXPERTOIL-30ML T.O,केश कान्ति एडवांस हेयर एक्सपर्ट ऑयल 30 मि.ली. (ट्रेड ऑफर),2027-01-27,2025-05-22,2025-01-27,24,TI996AAA2526,ABHX250001,05AAECK5765H1ZE,33059019,KANHA JI DISTRIBUTORS,file2_2025-apr-sep,1679.38,1423.2033898305087,59.30014124293786,9.0,9.0,0,18,128.0883050847458,128.0883050847458,0.0,1679.3800000000003
DIVYA CYSTOGRIT 3 U X 20 N,दिव्य सिस्टोग्रिट 3 यूनिट × 20 नग,2028-02-01,2025-05-22,2025-03-01,20,TI996AAA2526,BCTT250007,05AAECK5765H1ZE,30049011,KANHA JI DISTRIBUTORS,file2_2025-apr-sep,4500.0,4017.8571428571427,200.89285714285714,6.0,6.0,0,12,241.07142857142856,241.07142857142856,0.0,4500.0
ALOEVERA MIXED FRUIT JAM 500 G,एलोवेरा मिक्स्ड फ्रूट जैम 500 ग्राम,2026-04-08,2025-05-28,2025-04-08,1,TI1121AAA2526,B1O2500004,05AAECK5765H1ZE,20079990,KANHA JI DISTRIBUTORS,file2_2025-apr-sep,693.1,618.8392857142857,618.8392857142857,6.0,6.0,0,12,37.130357142857136,37.130357142857136,0.0,693.1
DANT KANTI NATURAL(200GX3)BIG SAVER PACK,दंत कान्ति नेचुरल (200 ग्राम × 3) बड़ा बचत पैक,2027-04-27,2025-05-28,2025-05-07,1,TI1121AAA2526,AAPW250014,05AAECK5765H1ZE,33061020,KANHA JI DISTRIBUTORS,file2_2025-apr-sep,5658.9,4795.677966101694,4795.677966101694,9.0,9.0,0,18,431.6110169491525,431.6110169491525,0.0,5658.899999999999
DANT KANTI DENTAL CREAM (ADV) 2X100-GM,दंत कान्ति डेंटल क्रीम (एडवांस) 100 ग्राम × 2,2026-10-28,2025-05-28,2025-05-06,1,TI1121AAA2526,AF82500007,05AAECK5765H1ZE,33061020,KANHA JI DISTRIBUTORS,file2_2025-apr-sep,4400.08,3728.8813559322034,3728.8813559322034,9.0,9.0,0,18,335.59932203389826,335.59932203389826,0.0,4400.08
SUPER DISHWASH BAR-RS10/- (T.O. FREE 3N),सुपर डिशवॉश बार ₹10/- (ट्रेड ऑफर फ्री 3 नग),2028-05-07,2025-05-28,2025-05-08,1,TI1121AAA2526,AAXY250097,05AAECK5765H1ZE,34011941,KANHA JI DISTRIBUTORS,file2_2025-apr-sep,519.67,440.39830508474574,440.39830508474574,9.0,9.0,0,18,39.635847457627115,39.635847457627115,0.0,519.67
GILOY JUICE 500 ML,गिलोय रस 500 मि.ली.,2026-04-30,2025-05-28,2025-04-30,1,TI1121AAA2526,PFY2500007,05AAECK5765H1ZE,30049011,KANHA JI DISTRIBUTORS,file2_2025-apr-sep,861.37,769.0803571428571,769.0803571428571,6.0,6.0,0,12,46.14482142857143,46.14482142857143,0.0,861.3699999999999
ALOEVERA JUICE WITH FIBER 1 L (NEW),एलोवेरा रस (फाइबर युक्त) 1 लीटर (नया),2026-02-08,2025-05-28,2025-05-14,1,TI1121AAA2526,ACCR250002,05AAECK5765H1ZE,30049011,KANHA JI DISTRIBUTORS,file2_2025-apr-sep,1852.97,1654.4374999999998,1654.4374999999998,6.0,6.0,0,12,99.26624999999999,99.26624999999999,0.0,1852.9699999999996
AMLA JUICE 1 L (NEW),आंवला रस 1 लीटर (नया),2026-05-15,2025-05-28,2025-05-15,1,TI1121AAA2526,ACCT250011,05AAECK5765H1ZE,30049011,KANHA JI DISTRIBUTORS,file2_2025-apr-sep,1263.38,1128.017857142857,1128.017857142857,6.0,6.0,0,12,67.68107142857143,67.68107142857143,0.0,1263.3799999999999
TRADITIONAL WHOLE WHEAT ATTA 10 KG,पारंपरिक गेहूं का आटा 10 किग्रा,2025-08-17,2025-05-28,2025-04-19,1,TI1121AAA2526,PDV4250020,05AAECK5765H1ZE,11010000,KANHA JI DISTRIBUTORS,file2_2025-apr-sep,2109.55,2009.095238095238,2009.095238095238,2.5,2.5,0,5,50.227380952380955,50.227380952380955,0.0,2109.5499999999997
MARIE BISCUIT 70 GM,मैरी बिस्किट 70 ग्राम,2025-11-15,2025-05-28,2025-05-19,1,TI1121AAA2526,EN25/BP1,05AAECK5765H1ZE,19053100,KANHA JI DISTRIBUTORS,file2_2025-apr-sep,409.51,347.04237288135596,347.04237288135596,9.0,9.0,0,18,31.233813559322034,31.233813559322034,0.0,409.51
TRADT. W.W CHAKKI ATTA W.BRAN 5 KG_ROI,पारंपरिक गेहूं चक्की आटा विद ब्रान 5 किग्रा (ROI),2025-09-11,2025-05-28,2025-05-14,1,TI1121AAA2526,PDAEZ25001,05AAECK5765H1ZE,11010000,KANHA JI DISTRIBUTORS,file2_2025-apr-sep,1318.46,1255.6761904761904,1255.6761904761904,2.5,2.5,0,5,31.39190476190476,31.39190476190476,0.0,1318.4599999999998
DIVYA MAHAMANJISTHADI KW. PRA.- 450ML,दिव्य महामंजिष्ठादि क्वाथ प्रायोगिक 450 मि.ली.,2035-01-17,2025-05-28,2025-03-10,20,TI1121AAA2526,MMP250003,05AAECK5765H1ZE,30049011,KANHA JI DISTRIBUTORS,file2_2025-apr-sep,1755.0,1671.4285714285713,83.57142857142857,2.5,2.5,0,5,41.785714285714285,41.785714285714285,0.0,1754.9999999999998
KESH KANTI HERBAL MEHANDI (NAT. BLACK)-T,केश कान्ति हर्बल मेहंदी (नेचुरल ब्लैक),2026-03-27,2025-05-28,2025-04-01,40,TI1121AAA2526,ANBL250094,05AAECK5765H1ZE,33059090,KANHA JI DISTRIBUTORS,file2_2025-apr-sep,636.73,539.6016949152543,13.490042372881357,9.0,9.0,0,18,48.56415254237289,48.56415254237289,0.0,636.73
TEJUS TAILUM 100 ML,तेजस तैलम 100 मि.ली.,2027-03-24,2025-05-28,2025-03-24,25,TI1121AAA2526,AAO2500005,05AAECK5765H1ZE,33059019,KANHA JI DISTRIBUTORS,file2_2025-apr-sep,1591.53,1348.7542372881355,53.95016949152542,9.0,9.0,0,18,121.38788135593221,121.38788135593221,0.0,1591.53
DIVYA ARVINDASAVA - 225ML,दिव्य अरविंदासव 225 मि.ली.,2034-03-10,2025-05-28,2024-05-01,20,TI1121AAA2526,AVS240002,05AAECK5765H1ZE,30049011,KANHA JI DISTRIBUTORS,file2_2025-apr-sep,1494.91,1423.7238095238095,71.18619047619048,2.5,2.5,0,5,35.59309523809524,35.59309523809524,0.0,1494.9099999999999
DIVYA GULAB JAL 120 ML - T (90 PC),दिव्य गुलाब जल 120 मि.ली. (90 नग),2026-03-15,2025-05-28,2025-04-15,30,TI1121AAA2526,BGLJ250021,05AAECK5765H1ZE,33030020,KANHA JI DISTRIBUTORS,file2_2025-apr-sep,1102.36,934.2033898305084,31.14011299435028,9.0,9.0,0,18,84.07830508474575,84.07830508474575,0.0,1102.36
MADHURAM 1 KG,मधुरम गुड़ पाउडर 1 किग्रा,2026-05-20,2025-07-02,2025-05-20,1,TI1753AAA2526,AHG2500107,05AAECK5765H1ZE,17011410,KANHA JI DISTRIBUTORS,file2_2025-apr-sep,2181.38,2077.504761904762,2077.504761904762,2.5,2.5,0,5,51.937619047619044,51.937619047619044,0.0,2181.38
ATTA NOODLES DESI MASALA 60 GM (96 PC)-T,आटा नूडल्स देसी मसाला 60 ग्राम (96 नग),2026-03-10,2025-07-02,2025-06-13,1,TI1753AAA2526,DM130625,05AAECK5765H1ZE,19022090,KANHA JI DISTRIBUTORS,file2_2025-apr-sep,922.52,823.6785714285713,823.6785714285713,6.0,6.0,0,12,49.420714285714276,49.420714285714276,0.0,922.52
POHA 1 KG -T,पोहा 1 किग्रा,2025-11-27,2025-07-02,2025-05-31,1,TI1753AAA2526,BPRP250040,05AAECK5765H1ZE,19041020,KANHA JI DISTRIBUTORS,file2_2025-apr-sep,1450.05,1381.0,1381.0,2.5,2.5,0,5,34.525,34.525,0.0,1450.0500000000002
PUSHTAHAR DALIA 500 G,पुष्टाहार दलिया 500 ग्राम,2026-03-09,2025-07-02,2025-06-12,1,TI1753AAA2526,PDCQ250043,05AAECK5765H1ZE,11031900,KANHA JI DISTRIBUTORS,file2_2025-apr-sep,1248.66,1189.2,1189.2,2.5,2.5,0,5,29.73,29.73,0.0,1248.66
GROUNDNUT OIL 1 LTR (P),मूंगफली का तेल 1 लीटर,2026-02-17,2025-07-02,2025-05-23,1,TI1753AAA2526,ORQ2500025,05AAECK5765H1ZE,15089091,KANHA JI DISTRIBUTORS,file2_2025-apr-sep,2011.46,1915.6761904761904,1915.6761904761904,2.5,2.5,0,5,47.89190476190476,47.89190476190476,0.0,2011.4599999999998
RICE BRAN OIL 1 LTR (P),चावल की भूसी का तेल 1 लीटर,2026-02-17,2025-07-02,2025-05-23,1,TI1753AAA2526,ORE2500033,05AAECK5765H1ZE,15159040,KANHA JI DISTRIBUTORS,file2_2025-apr-sep,1793.99,1708.5619047619048,1708.5619047619048,2.5,2.5,0,5,42.71404761904761,42.71404761904761,0.0,1793.9899999999998
GONYLE FLOOR CLEANER - 5 LTR,गोनाइल फ्लोर क्लीनर 5 लीटर,2026-05-13,2025-07-02,2025-06-13,1,TI1753AAA2526,0407/25-26,05AAECK5765H1ZE,38084000,KANHA JI DISTRIBUTORS,file2_2025-apr-sep,1120.43,949.5169491525425,949.5169491525425,9.0,9.0,0,18,85.45652542372882,85.45652542372882,0.0,1120.43
MUSTARD OIL 1 L (B)-T,सरसों का तेल 1 लीटर,2026-11-20,2025-07-02,2025-06-18,1,TI1753AAA2526,N1B2500073,05AAECK5765H1ZE,15149920,KANHA JI DISTRIBUTORS,file2_2025-apr-sep,2002.76,1907.3904761904762,1907.3904761904762,2.5,2.5,0,5,47.684761904761906,47.684761904761906,0.0,2002.76
SESAME OIL 1 L (B)-T,तिल का तेल 1 लीटर,2026-03-10,2025-07-02,2025-06-13,1,TI1753AAA2526,JACQ250049,05AAECK5765H1ZE,15155091,KANHA JI DISTRIBUTORS,file2_2025-apr-sep,2528.3,2407.904761904762,2407.904761904762,2.5,2.5,0,5,60.19761904761904,60.19761904761904,0.0,2528.2999999999997
MUSTARD OIL 1 LTR. (P),सरसों का तेल 1 लीटर,2026-05-28,2025-07-02,2025-06-02,6,TI1753AAA2526,K2B2500008,05AAECK5765H1ZE,15149920,KANHA JI DISTRIBUTORS,file2_2025-apr-sep,11691.03,11134.314285714287,1855.7190476190478,2.5,2.5,0,5,278.3578571428572,278.3578571428572,0.0,11691.03
CORIANDER POWDER 200 GM,धनिया पाउडर 200 ग्राम,2026-05-08,2025-07-02,2025-05-08,1,TI1753AAA2526,AJE2500010,05AAECK5765H1ZE,9092200,KANHA JI DISTRIBUTORS,file2_2025-apr-sep,1151.68,1096.8380952380953,1096.8380952380953,2.5,2.5,0,5,27.420952380952386,27.420952380952386,0.0,1151.6800000000003
GILOY JUICE 500 ML,गिलोय रस 500 मि.ली.,2026-05-09,2025-07-02,2025-05-09,1,TI1753AAA2526,PFY2500009,05AAECK5765H1ZE,30049011,KANHA JI DISTRIBUTORS,file2_2025-apr-sep,758.0,676.7857142857142,676.7857142857142,6.0,6.0,0,12,40.607142857142854,40.607142857142854,0.0,758.0
ALOEVERA JUICE WITH FIBER 1 L (NEW),एलोवेरा रस (फाइबर युक्त) 1 लीटर (नया),2026-02-22,2025-07-02,2025-05-28,2,TI1753AAA2526,ACCR250051,05AAECK5765H1ZE,30049011,KANHA JI DISTRIBUTORS,file2_2025-apr-sep,3705.95,3308.883928571428,1654.441964285714,6.0,6.0,0,12,198.5330357142857,198.5330357142857,0.0,3705.9499999999994
DIVYA SWASARI PRAVAHI - 250 ML - T,दिव्य स्वासारी प्रवाही 250 मि.ली.,2028-04-01,2025-07-02,2025-05-01,1,TI1753AAA2526,BSSP250020,05AAECK5765H1ZE,30049011,KANHA JI DISTRIBUTORS,file2_2025-apr-sep,2635.14,2352.803571428571,2352.803571428571,6.0,6.0,0,12,141.16821428571427,141.16821428571427,0.0,2635.14
COWS GHEE 1 L - T,गाय का घी 1 लीटर,2026-03-24,2025-07-02,2025-06-27,5,TI1753AAA2526,FAWC250166,05AAECK5765H1ZE,4059020,KANHA JI DISTRIBUTORS,file2_2025-apr-sep,50447.04,45042.0,9008.4,6.0,6.0,0,12,2702.52,2702.52,0.0,50447.03999999999
COWS GHEE 500 ML - T,गाय का घी 500 मि.ली.,2026-03-07,2025-07-02,2025-06-10,2,TI1753AAA2526,FAWD250041,05AAECK5765H1ZE,4059020,KANHA JI DISTRIBUTORS,file2_2025-apr-sep,21561.12,19250.999999999996,9625.499999999998,6.0,6.0,0,12,1155.0599999999997,1155.0599999999997,0.0,21561.12
DIVYA WEIGHTGO TABLET 60 N -T,दिव्य वेटगो टैबलेट 60 नग,2028-03-31,2025-07-02,2025-04-30,5,TI1753AAA2526,DWG250008,05AAECK5765H1ZE,30049011,KANHA JI DISTRIBUTORS,file2_2025-apr-sep,1125.0,1004.4642857142857,200.89285714285714,6.0,6.0,0,12,60.26785714285714,60.26785714285714,0.0,1125.0
DIVYA TRIPHALA GUGGUL- 40 TAB,दिव्य त्रिफला गुग्गुल 40 टैबलेट,2030-03-15,2025-07-02,2025-04-15,20,TI1753AAA2526,BTPG250014,05AAECK5765H1ZE,30049011,KANHA JI DISTRIBUTORS,file2_2025-apr-sep,666.75,635.0,31.75,2.5,2.5,0,5,15.875,15.875,0.0,666.75
CHANDRAPRABHA VATI - 40 TAB,चंद्रप्रभा वटी 40 टैबलेट,2030-01-31,2025-07-02,2025-02-28,20,TI1753AAA2526,BCPV250042,05AAECK5765H1ZE,30049011,KANHA JI DISTRIBUTORS,file2_2025-apr-sep,716.73,682.6,34.13,2.5,2.5,0,5,17.065,17.065,0.0,716.7300000000001
TRIPHALA CHURNA -100GM,त्रिफला चूर्ण 100 ग्राम,2027-05-02,2025-07-02,2025-06-02,25,TI1753AAA2526,ATPC250063,05AAECK5765H1ZE,30049011,KANHA JI DISTRIBUTORS,file2_2025-apr-sep,749.97,714.2571428571429,28.570285714285713,2.5,2.5,0,5,17.85642857142857,17.85642857142857,0.0,749.9699999999999
GILOY GHAN VATI 60 PC (NEW),गिलोय घन वटी 60 नग (नया),2027-04-16,2025-07-02,2025-05-16,24,TI1753AAA2526,AAI2500038,05AAECK5765H1ZE,30049011,KANHA JI DISTRIBUTORS,file2_2025-apr-sep,1722.82,1538.2321428571427,64.09300595238095,6.0,6.0,0,12,92.29392857142855,92.29392857142855,0.0,1722.8199999999997
WHITE LILY ADVANCE BEAUTY BAR-75 G,व्हाइट लिली एडवांस ब्यूटी बार 75 ग्राम,2026-04-30,2025-07-02,2024-04-30,1,TI1753AAA2526,ABSH240004,05AAECK5765H1ZE,34011941,KANHA JI DISTRIBUTORS,file2_2025-apr-sep,4489.29,3804.483050847458,3804.483050847458,9.0,9.0,0,18,342.4034745762712,342.4034745762712,0.0,4489.29
NAVRATNA ATTA 2 KG,नवरत्न आटा 2 किग्रा,2025-12-04,2025-07-02,2025-06-07,1,TI1753AAA2526,AHV2500021,05AAECK5765H1ZE,11010000,KANHA JI DISTRIBUTORS,file2_2025-apr-sep,3083.66,2936.8190476190475,2936.8190476190475,2.5,2.5,0,5,73.42047619047618,73.42047619047618,0.0,3083.66
HERBAL WASH DETERGENT POWDER 1 KG-T,हर्बल वॉश डिटर्जेंट पाउडर 1 किग्रा,2030-05-13,2025-07-02,2025-05-14,1,TI1753AAA2526,BM92500023,05AAECK5765H1ZE,34029011,KANHA JI DISTRIBUTORS,file2_2025-apr-sep,1517.48,1286.0,1286.0,9.0,9.0,0,18,115.74,115.74,0.0,1517.48
TRADT. W.W CHAKKI ATTA W.BRAN 5 KG_ROI,पारंपरिक गेहूं चक्की आटा विद ब्रान 5 किग्रा (ROI),2025-09-15,2025-07-02,2025-05-18,1,TI1753AAA2526,PDAEZ25003,05AAECK5765H1ZE,11010000,KANHA JI DISTRIBUTORS,file2_2025-apr-sep,1284.82,1223.638095238095,1223.638095238095,2.5,2.5,0,5,30.590952380952377,30.590952380952377,0.0,1284.8199999999997
TRADT. W.W CHAKKI ATTA W.BRAN 10 KG_ROI,पारंपरिक गेहूं चक्की आटा विद ब्रान 10 किग्रा (ROI),2025-09-12,2025-07-02,2025-05-15,1,TI1753AAA2526,PDAFD25002,05AAECK5765H1ZE,11010000,KANHA JI DISTRIBUTORS,file2_2025-apr-sep,1233.44,1174.7047619047619,1174.7047619047619,2.5,2.5,0,5,29.367619047619044,29.367619047619044,0.0,1233.4399999999998
COCONUT OIL-100 ML (B),नारियल तेल 100 मि.ली.,2026-06-14,2025-06-11,2025-03-21,24,TI1363AAA2526,ABEA250003,05AAECK5765H1ZE,15131900,KANHA JI DISTRIBUTORS,file2_2025-apr-sep,819.0,780.0,32.5,2.5,2.5,0,5,19.5,19.5,0.0,819.0
SAUNDARYA ALOEVERA GEL K. CHANDAN 150 ML,सौंदर्य एलोवेरा जेल केसर-चंदन 150 मि.ली.,2026-10-24,2025-06-11,2025-05-02,24,TI1363AAA2526,AAHV250025,05AAECK5765H1ZE,33049910,KANHA JI DISTRIBUTORS,file2_2025-apr-sep,2249.17,1906.0762711864409,79.41984463276837,9.0,9.0,0,18,171.5468644067797,171.5468644067797,0.0,2249.17
SAUNDARYA ALOEVERA GEL K.CHANDAN 60 ML,सौंदर्य एलोवेरा जेल केसर-चंदन 60 मि.ली.,2026-10-27,2025-06-11,2025-05-05,24,TI1363AAA2526,AAHU250008,05AAECK5765H1ZE,33049910,KANHA JI DISTRIBUTORS,file2_2025-apr-sep,1124.59,953.042372881356,39.7100988700565,9.0,9.0,0,18,85.77381355932204,85.77381355932204,0.0,1124.59
FIG (ANJEER) 250 GM (MONO),अंजीर 250 ग्राम,2025-11-02,2025-06-11,2025-05-06,2,TI1363AAA2526,AARX250011,05AAECK5765H1ZE,8042090,KANHA JI DISTRIBUTORS,file2_2025-apr-sep,894.54,798.6964285714284,399.3482142857142,6.0,6.0,0,12,47.921785714285704,47.921785714285704,0.0,894.54
DANT KANTI JUNIOR TP.(STRAWBERY)-80G C.O,दंत कान्ति जूनियर टूथपेस्ट (स्ट्रॉबेरी) 80 ग्राम (कॉम्बो ऑफर),2027-03-19,2025-06-11,2025-03-19,24,TI1363AAA2526,ABRS250002,05AAECK5765H1ZE,33061020,KANHA JI DISTRIBUTORS,file2_2025-apr-sep,1835.14,1555.2033898305087,64.80014124293787,9.0,9.0,0,18,139.9683050847458,139.9683050847458,0.0,1835.1400000000003
BANDHANI HING 50 GM (NEW) - T,बंधनी हींग 50 ग्राम (नया),2026-09-24,2025-06-11,2025-04-02,24,TI1363AAA2526,CASY250004,05AAECK5765H1ZE,13019013,KANHA JI DISTRIBUTORS,file2_2025-apr-sep,2034.14,1937.2761904761905,80.71984126984127,2.5,2.5,0,5,48.43190476190476,48.43190476190476,0.0,2034.1399999999999
SHILAJIT - 11 GM (STRIP),शिलाजीत स्ट्रिप 11 ग्राम,2027-04-15,2025-06-11,2025-04-25,20,TI1363AAA2526,AASO250011,05AAECK5765H1ZE,30049011,KANHA JI DISTRIBUTORS,file2_2025-apr-sep,1403.78,1253.3749999999998,62.66874999999999,6.0,6.0,0,12,75.20249999999999,75.20249999999999,0.0,1403.7799999999997
HERBAL FACIAL FOAM 60 GM,हर्बल फेशियल फोम 60 ग्राम,2027-05-05,2025-06-11,2025-05-15,24,TI1363AAA2526,AJN2500004,05AAECK5765H1ZE,34013090,KANHA JI DISTRIBUTORS,file2_2025-apr-sep,1283.46,1087.677966101695,45.31991525423729,9.0,9.0,0,18,97.89101694915254,97.89101694915254,0.0,1283.46
SUN SCREEN CREAM SPF30- 50GM,सन स्क्रीन क्रीम SPF-30 50 ग्राम,2027-05-07,2025-06-11,2025-05-17,24,TI1363AAA2526,AJW2500004,05AAECK5765H1ZE,33049910,KANHA JI DISTRIBUTORS,file2_2025-apr-sep,1731.48,1467.35593220339,61.13983050847458,9.0,9.0,0,18,132.06203389830512,132.06203389830512,0.0,1731.4800000000002
ALOEVERA GEL FACE WASH 60 ML,एलोवेरा जेल फेस वॉश 60 मि.ली.,2027-02-17,2025-06-11,2025-02-27,24,TI1363AAA2526,AATK250002,05AAECK5765H1ZE,34013090,KANHA JI DISTRIBUTORS,file2_2025-apr-sep,1283.46,1087.677966101695,45.31991525423729,9.0,9.0,0,18,97.89101694915254,97.89101694915254,0.0,1283.46
ALMOND (BADAM) 250 GM (MONO),बादाम 250 ग्राम,2025-11-09,2025-06-11,2025-05-13,2,TI1363AAA2526,AART250016,05AAECK5765H1ZE,8021100,KANHA JI DISTRIBUTORS,file2_2025-apr-sep,653.0,583.0357142857142,291.5178571428571,6.0,6.0,0,12,34.982142857142854,34.982142857142854,0.0,653.0
MAKHANA 250 GM,मखाना 250 ग्राम,2026-02-12,2025-06-11,2025-04-18,10,TI1363AAA2526,AALI250023,05AAECK5765H1ZE,8029000,KANHA JI DISTRIBUTORS,file2_2025-apr-sep,4350.15,4142.999999999999,414.2999999999999,2.5,2.5,0,5,103.57499999999999,103.57499999999999,0.0,4350.149999999999
ALOEVERA JUICE WITH FIBER 1 L (NEW),एलोवेरा रस (फाइबर युक्त) 1 लीटर (नया),2026-02-08,2025-06-11,2025-05-14,1,TI1362AAA2526,ACCR250002,05AAECK5765H1ZE,30049011,KANHA JI DISTRIBUTORS,file2_2025-apr-sep,1852.97,1654.4374999999998,1654.4374999999998,6.0,6.0,0,12,99.26624999999999,99.26624999999999,0.0,1852.9699999999996
AMLA JUICE 1 L (NEW),आंवला रस 1 लीटर (नया),2026-05-27,2025-06-11,2025-05-27,1,TI1362AAA2526,ACCT250027,05AAECK5765H1ZE,30049011,KANHA JI DISTRIBUTORS,file2_2025-apr-sep,1263.38,1128.017857142857,1128.017857142857,6.0,6.0,0,12,67.68107142857143,67.68107142857143,0.0,1263.3799999999999
KARELA JAMUN 50-50 JUICE - 500 ML,करेला-जामुन 50-50 रस 500 मि.ली.,2026-05-09,2025-06-11,2025-05-09,1,TI1362AAA2526,ABPB250012,05AAECK5765H1ZE,30049011,KANHA JI DISTRIBUTORS,file2_2025-apr-sep,1435.66,1281.8392857142856,1281.8392857142856,6.0,6.0,0,12,76.91035714285714,76.91035714285714,0.0,1435.6599999999996
HONEY 500 G,शहद 500 ग्राम,2026-11-10,2025-06-11,2025-05-19,1,TI1362AAA2526,BCM2500030,05AAECK5765H1ZE,4090000,KANHA JI DISTRIBUTORS,file2_2025-apr-sep,2855.16,2719.2,2719.2,2.5,2.5,0,5,67.98,67.98,0.0,2855.16
DIVYA ABHYARISHTA 450ML,दिव्य अभयारिष्ट 450 मि.ली.,2035-04-20,2025-06-11,2025-03-20,1,TI1362AAA2526,ABY250012,05AAECK5765H1ZE,30049011,KANHA JI DISTRIBUTORS,file2_2025-apr-sep,1885.05,1795.2857142857142,1795.2857142857142,2.5,2.5,0,5,44.88214285714285,44.88214285714285,0.0,1885.0499999999997
COWS GHEE 1 L,गाय का घी 1 लीटर,2026-01-27,2025-06-11,2025-05-02,1,TI1362AAA2526,NAWC250105,05AAECK5765H1ZE,4059020,KANHA JI DISTRIBUTORS,file2_2025-apr-sep,9674.78,8638.196428571428,8638.196428571428,6.0,6.0,0,12,518.2917857142857,518.2917857142857,0.0,9674.779999999999
COWS GHEE 500 ML,गाय का घी 500 मि.ली.,2026-02-03,2025-06-11,2025-05-09,1,TI1362AAA2526,NAWD250107,05AAECK5765H1ZE,4059020,KANHA JI DISTRIBUTORS,file2_2025-apr-sep,10780.56,9625.499999999998,9625.499999999998,6.0,6.0,0,12,577.5299999999999,577.5299999999999,0.0,10780.56
COCONUT OIL 200 ML (J),नारियल तेल 200 मि.ली.,2026-07-13,2025-06-11,2025-05-13,1,TI1362AAA2526,AAU2500008,05AAECK5765H1ZE,15131900,KANHA JI DISTRIBUTORS,file2_2025-apr-sep,2680.78,2553.1238095238095,2553.1238095238095,2.5,2.5,0,5,63.82809523809524,63.82809523809524,0.0,2680.7799999999997
SENDHA NAMAK 1 KG - T,सेंधा नमक 1 किग्रा,2027-02-19,2025-06-11,2025-03-01,1,TI1362AAA2526,SRS25/03,05AAECK5765H1ZE,25010010,KANHA JI DISTRIBUTORS,file2_2025-apr-sep,1009.0,1009.0,1009.0,0.0,0.0,0,0,0.0,0.0,0.0,1009.0
HERBO WASH DETERGENT POWDER 1 KG-T,हर्बो वॉश डिटर्जेंट पाउडर 1 किग्रा,2030-04-09,2025-06-11,2025-04-10,1,TI1362AAA2526,BN52500013,05AAECK5765H1ZE,34029011,KANHA JI DISTRIBUTORS,file2_2025-apr-sep,1842.87,1561.7542372881355,1561.7542372881355,9.0,9.0,0,18,140.5578813559322,140.5578813559322,0.0,1842.8700000000001
SUPER DISHWASH BAR-RS10/- (T.O. FREE 3N),सुपर डिशवॉश बार ₹10/- (ट्रेड ऑफर फ्री 3 नग),2028-05-25,2025-06-11,2025-05-26,1,TI1362AAA2526,AAXY250112,05AAECK5765H1ZE,34011941,KANHA JI DISTRIBUTORS,file2_2025-apr-sep,519.67,440.39830508474574,440.39830508474574,9.0,9.0,0,18,39.635847457627115,39.635847457627115,0.0,519.67
SUPER DISHWASH BAR-225 G B3G1 FREE,सुपर डिशवॉश बार 225 ग्राम (खरीदो 3 पाओ 1 मुफ्त),2028-05-26,2025-06-11,2025-05-27,1,TI1362AAA2526,AAXW250033,05AAECK5765H1ZE,34011990,KANHA JI DISTRIBUTORS,file2_2025-apr-sep,673.45,570.720338983051,570.720338983051,9.0,9.0,0,18,51.36483050847459,51.36483050847459,0.0,673.4500000000002
DOODH BISCUIT 70 GM (100 PC),दूध बिस्किट 70 ग्राम (100 नग),2025-12-01,2025-06-11,2025-06-04,1,TI1362AAA2526,F325/BP1,05AAECK5765H1ZE,19053100,KANHA JI DISTRIBUTORS,file2_2025-apr-sep,853.14,723.0,723.0,9.0,9.0,0,18,65.07,65.07,0.0,853.1399999999999
DOODH BISCUIT 35 GM (200 PC),दूध बिस्किट 35 ग्राम (200 नग),2025-12-04,2025-06-11,2025-06-07,1,TI1362AAA2526,FB25/BP1,05AAECK5765H1ZE,19053100,KANHA JI DISTRIBUTORS,file2_2025-apr-sep,851.96,722.0000000000001,722.0000000000001,9.0,9.0,0,18,64.98,64.98,0.0,851.9600000000002
HERBAL POWERVITA PLUS - 500 GM REFILL -T,हर्बल पावरवीटा प्लस 500 ग्राम रीफिल,2026-01-07,2025-06-11,2025-04-12,1,TI1362AAA2526,ASZ2500006,05AAECK5765H1ZE,19019090,KANHA JI DISTRIBUTORS,file2_2025-apr-sep,3981.51,3374.161016949153,3374.161016949153,9.0,9.0,0,18,303.6744915254238,303.6744915254238,0.0,3981.5100000000007
DALIA 500 G,दलिया 500 ग्राम,2025-11-18,2025-06-11,2025-05-22,1,TI1362AAA2526,PDCS250135,05AAECK5765H1ZE,11031900,KANHA JI DISTRIBUTORS,file2_2025-apr-sep,873.15,831.5714285714286,831.5714285714286,2.5,2.5,0,5,20.789285714285715,20.789285714285715,0.0,873.15
MUSTARD OIL 1 L (P)-T,सरसों का तेल 1 लीटर,2026-05-17,2025-06-11,2025-05-22,2,TI1362AAA2526,N2B2500041,05AAECK5765H1ZE,15149920,KANHA JI DISTRIBUTORS,file2_2025-apr-sep,3805.45,3624.238095238095,1812.1190476190475,2.5,2.5,0,5,90.60595238095237,90.60595238095237,0.0,3805.4499999999994
FORTIFIED SUNFLOWER OIL 1 LTR (P) - T,फोर्टिफाइड सूरजमुखी तेल 1 लीटर,2026-02-06,2025-06-11,2025-05-12,1,TI1362AAA2526,BR2A250017,05AAECK5765H1ZE,15121910,KANHA JI DISTRIBUTORS,file2_2025-apr-sep,1885.09,1795.3238095238094,1795.3238095238094,2.5,2.5,0,5,44.88309523809523,44.88309523809523,0.0,1885.0899999999997
FORTIFIED SOYABEAN OIL 1 LTR (P) - T,फोर्टिफाइड सोयाबीन तेल 1 लीटर,2025-12-22,2025-06-11,2025-03-27,1,TI1362AAA2526,BR2B250006,05AAECK5765H1ZE,15079010,KANHA JI DISTRIBUTORS,file2_2025-apr-sep,1777.36,1692.7238095238095,1692.7238095238095,2.5,2.5,0,5,42.31809523809524,42.31809523809524,0.0,1777.3600000000001
MUSTARD OIL 5 L (J)-T,सरसों का तेल 5 लीटर,2026-05-14,2025-06-11,2025-05-19,1,TI1362AAA2526,N3B2500020,05AAECK5765H1ZE,15149920,KANHA JI DISTRIBUTORS,file2_2025-apr-sep,3323.8,3165.5238095238096,3165.5238095238096,2.5,2.5,0,5,79.13809523809523,79.13809523809523,0.0,3323.7999999999997
SESAME OIL 1 L (B)-T,तिल का तेल 1 लीटर,2026-02-13,2025-06-11,2025-05-19,1,TI1362AAA2526,JACQ250044,05AAECK5765H1ZE,15155091,KANHA JI DISTRIBUTORS,file2_2025-apr-sep,2528.3,2407.904761904762,2407.904761904762,2.5,2.5,0,5,60.19761904761904,60.19761904761904,0.0,2528.2999999999997
CREAMFEAST CHOCO BISCUIT 32.5 GM,क्रीमफीस्ट चोको बिस्किट 32.5 ग्राम,2025-11-27,2025-06-11,2025-05-31,1,TI1362AAA2526,EV25/BP1,05AAECK5765H1ZE,19053100,KANHA JI DISTRIBUTORS,file2_2025-apr-sep,613.41,519.8389830508474,519.8389830508474,9.0,9.0,0,18,46.785508474576275,46.785508474576275,0.0,613.4100000000001
CREAMFEAST ORANGE BISCUIT 32.5 GM,क्रीमफीस्ट ऑरेंज बिस्किट 32.5 ग्राम,2025-10-24,2025-06-11,2025-04-27,1,TI1362AAA2526,DT25/BP1,05AAECK5765H1ZE,19053100,KANHA JI DISTRIBUTORS,file2_2025-apr-sep,613.41,519.8389830508474,519.8389830508474,9.0,9.0,0,18,46.785508474576275,46.785508474576275,0.0,613.4100000000001
SPECIAL CHYAWANPRASH 500 G,विशेष च्यवनप्राश 500 ग्राम,2027-11-21,2025-06-11,2024-12-06,1,TI1362AAA2526,ADA2400010,05AAECK5765H1ZE,30049011,KANHA JI DISTRIBUTORS,file2_2025-apr-sep,3541.17,3161.7589285714284,3161.7589285714284,6.0,6.0,0,12,189.70553571428573,189.70553571428573,0.0,3541.17
KESH KANTI ADV. H.H. EXPERT SHAMPO-100ML,केश कान्ति एडवांस हेयर एक्सपर्ट शैम्पू 100 मि.ली.,2027-04-30,2025-07-09,2025-04-30,1,TI1897AAA2526,AAWT250005,05AAECK5765H1ZE,33051090,KANHA JI DISTRIBUTORS,file2_2025-apr-sep,3116.76,2641.3220338983056,2641.3220338983056,9.0,9.0,0,18,237.7189830508475,237.7189830508475,0.0,3116.76
GONYLE FLOOR CLEANER - 1 LTR,गोनाइल फ्लोर क्लीनर 1 लीटर,2026-05-25,2025-07-09,2025-06-25,2,TI1897AAA2526,2079/25-26,05AAECK5765H1ZE,38084000,KANHA JI DISTRIBUTORS,file2_2025-apr-sep,1425.91,1208.398305084746,604.199152542373,9.0,9.0,0,18,108.75584745762713,108.75584745762713,0.0,1425.9100000000003
AMLA JUICE 1 L (NEW),आंवला रस 1 लीटर (नया),2026-06-17,2025-07-09,2025-06-17,1,TI1897AAA2526,ACCT250050,05AAECK5765H1ZE,30049011,KANHA JI DISTRIBUTORS,file2_2025-apr-sep,1263.38,1128.017857142857,1128.017857142857,6.0,6.0,0,12,67.68107142857143,67.68107142857143,0.0,1263.3799999999999
FORTIFIED SUNFLOWER OIL 1 LTR (P) - T,फोर्टिफाइड सूरजमुखी तेल 1 लीटर,2026-03-16,2025-07-09,2025-06-19,1,TI1897AAA2526,BR2A250021,05AAECK5765H1ZE,15121910,KANHA JI DISTRIBUTORS,file2_2025-apr-sep,1885.09,1795.3238095238094,1795.3238095238094,2.5,2.5,0,5,44.88309523809523,44.88309523809523,0.0,1885.0899999999997
KALA CHANA 1000 GM (R1),काला चना 1000 ग्राम,2026-03-04,2025-07-09,2025-06-07,1,TI1897AAA2526,BPRKC25011,05AAECK5765H1ZE,7135000,KANHA JI DISTRIBUTORS,file2_2025-apr-sep,944.9,899.9047619047618,899.9047619047618,2.5,2.5,0,5,22.497619047619047,22.497619047619047,0.0,944.9
KARELA JAMUN 50-50 JUICE - 500 ML,करेला-जामुन 50-50 रस 500 मि.ली.,2026-06-13,2025-07-09,2025-06-13,2,TI1897AAA2526,ABPB250014,05AAECK5765H1ZE,30049011,KANHA JI DISTRIBUTORS,file2_2025-apr-sep,2526.77,2256.0446428571427,1128.0223214285713,6.0,6.0,0,12,135.36267857142855,135.36267857142855,0.0,2526.77
SUPER DISHWASH BAR-RS10/- (T.O. FREE 3N),सुपर डिशवॉश बार ₹10/- (ट्रेड ऑफर फ्री 3 नग),2028-06-17,2025-07-09,2025-06-18,2,TI1897AAA2526,AAXY250129,05AAECK5765H1ZE,34011941,KANHA JI DISTRIBUTORS,file2_2025-apr-sep,1039.34,880.7966101694915,440.39830508474574,9.0,9.0,0,18,79.27169491525423,79.27169491525423,0.0,1039.34
SUPER DISHWASH BAR-225 G B3G1 FREE,सुपर डिशवॉश बार 225 ग्राम (खरीदो 3 पाओ 1 मुफ्त),2028-06-15,2025-07-09,2025-06-16,2,TI1897AAA2526,AAXW250037,05AAECK5765H1ZE,34011990,KANHA JI DISTRIBUTORS,file2_2025-apr-sep,1346.9,1141.440677966102,570.720338983051,9.0,9.0,0,18,102.72966101694918,102.72966101694918,0.0,1346.9000000000003
TRADITIONAL WHOLE WHEAT ATTA 10 KG(UK),पारंपरिक गेहूं का आटा 10 किग्रा (यूके),2025-11-01,2025-07-09,2025-07-04,1,TI1897AAA2526,PDBKP25006,05AAECK5765H1ZE,11010000,KANHA JI DISTRIBUTORS,file2_2025-apr-sep,1973.21,1879.247619047619,1879.247619047619,2.5,2.5,0,5,46.98119047619048,46.98119047619048,0.0,1973.21
AASTHA DIVYA HAWAN SAMAGRI 500 GM -T,आस्था दिव्य हवन सामग्री 500 ग्राम,2026-11-25,2025-07-09,2024-12-05,1,TI1897AAA2526,AAAS240009,05AAECK5765H1ZE,33074100,KANHA JI DISTRIBUTORS,file2_2025-apr-sep,4166.93,3968.504761904762,3968.504761904762,2.5,2.5,0,5,99.21261904761904,99.21261904761904,0.0,4166.93
DIVYA MEDHA VATI EX.POWER 30X4 TAB,दिव्य मेधा वटी एक्स्ट्रा पावर 30×4 टैबलेट,2030-04-18,2025-07-09,2025-05-18,20,TI1896AAA2526,BMDE250070,05AAECK5765H1ZE,30049011,KANHA JI DISTRIBUTORS,file2_2025-apr-sep,3749.96,3348.178571428571,167.40892857142856,6.0,6.0,0,12,200.89071428571427,200.89071428571427,0.0,3749.9599999999996
DIVYA SITOPALADI CHURNA - 25 GM,दिव्य सितोपलादि चूर्ण 25 ग्राम,2027-02-24,2025-07-09,2025-03-06,50,TI1896AAA2526,ASPC250006,05AAECK5765H1ZE,30049011,KANHA JI DISTRIBUTORS,file2_2025-apr-sep,1250.03,1190.5047619047618,23.810095238095236,2.5,2.5,0,5,29.762619047619047,29.762619047619047,0.0,1250.0299999999997
DATES (KHAJUR) 500 GM,खजूर 500 ग्राम,2025-12-09,2025-07-09,2025-06-12,6,TI1896AAA2526,AAYC250030,05AAECK5765H1ZE,20019000,KANHA JI DISTRIBUTORS,file2_2025-apr-sep,1717.5,1533.4821428571427,255.5803571428571,6.0,6.0,0,12,92.00892857142856,92.00892857142856,0.0,1717.4999999999995
NEEM GHAN VATI 60 TAB,नीम घन वटी 60 टैबलेट,2027-04-14,2025-07-09,2025-05-14,24,TI1896AAA2526,AAK2500027,05AAECK5765H1ZE,30049011,KANHA JI DISTRIBUTORS,file2_2025-apr-sep,1797.87,1605.241071428571,66.88504464285712,6.0,6.0,0,12,96.31446428571428,96.31446428571428,0.0,1797.8699999999994
DIVYA SHUDDHI CHURNA 100 GM - T,दिव्य शुद्धि चूर्ण 100 ग्राम,2027-03-15,2025-07-09,2025-04-15,25,TI1896AAA2526,ADSC250016,05AAECK5765H1ZE,30049011,KANHA JI DISTRIBUTORS,file2_2025-apr-sep,2343.87,2092.741071428571,83.70964285714284,6.0,6.0,0,12,125.56446428571428,125.56446428571428,0.0,2343.8699999999994
RAISINS 250 GM (MONO),किशमिश 250 ग्राम,2025-12-08,2025-07-09,2025-06-11,15,TI1896AAA2526,AARV250019,05AAECK5765H1ZE,8062090,KANHA JI DISTRIBUTORS,file2_2025-apr-sep,2152.71,2050.2,136.67999999999998,2.5,2.5,0,5,51.255,51.255,0.0,2152.71
DIVYA DHARA 10 ML (800 PC),दिव्य धारा 10 मि.ली. (800 नग),2028-03-28,2025-07-09,2025-04-01,30,TI1896AAA2526,ADYD250010,05AAECK5765H1ZE,30049011,KANHA JI DISTRIBUTORS,file2_2025-apr-sep,1012.42,903.9464285714284,30.131547619047616,6.0,6.0,0,12,54.23678571428571,54.23678571428571,0.0,1012.4199999999998
KESH KANTI ADV.H.HAIR EXPERTOIL-30ML T.O,केश कान्ति एडवांस हेयर एक्सपर्ट ऑयल 30 मि.ली. (ट्रेड ऑफर),2027-05-14,2025-07-09,2025-05-14,36,TI1896AAA2526,ABHX250004,05AAECK5765H1ZE,33059019,KANHA JI DISTRIBUTORS,file2_2025-apr-sep,2519.06,2134.7966101694915,59.29990583804143,9.0,9.0,0,18,192.13169491525423,192.13169491525423,0.0,2519.06
KESH K. REETHA HAIR CLEANSER 180ML T.O.,केश कान्ति रीठा हेयर क्लींज़र 180 मि.ली. (ट्रेड ऑफर),2027-04-18,2025-07-09,2025-04-18,18,TI1896AAA2526,ABTZ250008,05AAECK5765H1ZE,33051090,KANHA JI DISTRIBUTORS,file2_2025-apr-sep,1686.88,1429.5593220338985,79.41996233521658,9.0,9.0,0,18,128.66033898305085,128.66033898305085,0.0,1686.8800000000003
DIVYA PEY - 100 GM - T,दिव्य पेय 100 ग्राम,2027-03-28,2025-07-09,2025-04-28,50,TI1896AAA2526,ADYP250012,05AAECK5765H1ZE,9022090,KANHA JI DISTRIBUTORS,file2_2025-apr-sep,2812.32,2678.4,53.568000000000005,2.5,2.5,0,5,66.96,66.96,0.0,2812.32
BALM 25 GM (144 PC),बाम 25 ग्राम (144 नग),2028-06-03,2025-07-09,2025-06-04,36,TI1896AAA2526,AV12500009,05AAECK5765H1ZE,30049011,KANHA JI DISTRIBUTORS,file2_2025-apr-sep,1584.98,1415.1607142857142,39.31001984126984,6.0,6.0,0,12,84.90964285714286,84.90964285714286,0.0,1584.98
SAUNDARYA ALOEVERA GEL 150ML C.O.FAG20RS,सौंदर्य एलोवेरा जेल 150 मि.ली. (कॉम्बो ऑफर ₹20),2026-11-21,2025-07-09,2025-05-23,20,TI1896AAA2526,ACCG250053,05AAECK5765H1ZE,33049910,KANHA JI DISTRIBUTORS,file2_2025-apr-sep,1561.85,1323.6016949152543,66.18008474576271,9.0,9.0,0,18,119.12415254237288,119.12415254237288,0.0,1561.8500000000001
DIVYA MADHUNASHNI VATI EX.POWER 30X4 TAB,दिव्य मधुनाशिनी वटी एक्स्ट्रा पावर 30×4 टैबलेट,2028-03-15,2025-07-09,2025-04-15,20,TI1896AAA2526,BMNE250098,05AAECK5765H1ZE,30049011,KANHA JI DISTRIBUTORS,file2_2025-apr-sep,3374.94,3013.3392857142853,150.66696428571427,6.0,6.0,0,12,180.8003571428571,180.8003571428571,0.0,3374.9399999999996
DIVYA MUKTA VATI EXTRA POWER 30X4 TAB,दिव्य मुक्तावटी एक्स्ट्रा पावर 30×4 टैबलेट,2030-03-31,2025-07-09,2025-04-01,20,TI1896AAA2526,AMUE250087,05AAECK5765H1ZE,30049011,KANHA JI DISTRIBUTORS,file2_2025-apr-sep,3374.94,3013.3392857142853,150.66696428571427,6.0,6.0,0,12,180.8003571428571,180.8003571428571,0.0,3374.9399999999996
AASTHA BHIMSENI KAPOOR-200G FREEGANGAJAL,आस्था भीमसेनी कपूर 200 ग्राम (फ्री गंगाजल),2027-03-28,2025-07-09,2025-04-28,2,TI30171AAA2526,ABEB250004,05AELPS3782C1ZD,29142922,DEEPAK TRADERS,file2_2025-apr-sep,620.82,526.1186440677967,263.05932203389835,9.0,9.0,0,18,47.3506779661017,47.3506779661017,0.0,620.82
AASTHA BHIMSENI KAPOOR 25 G,आस्था भीमसेनी कपूर 25 ग्राम,2027-02-15,2025-07-09,2025-02-25,24,TI30171AAA2526,ABAK250005,05AELPS3782C1ZD,29142922,DEEPAK TRADERS,file2_2025-apr-sep,1354.55,1147.9237288135594,47.83015536723164,9.0,9.0,0,18,103.31313559322034,103.31313559322034,0.0,1354.55
AASTHA CAMPHOR 25 GM,आस्था कपूर 25 ग्राम,2034-10-05,2025-07-09,2024-11-26,24,TI30171AAA2526,A9D2400057,05AELPS3782C1ZD,29142922,DEEPAK TRADERS,file2_2025-apr-sep,873.67,740.3983050847457,30.849929378531073,9.0,9.0,0,18,66.63584745762711,66.63584745762711,0.0,873.6699999999998
AASTHA LONG COTTONWICK -30 GM,आस्था लंबी रूई बत्ती 30 ग्राम,2027-09-23,2025-07-09,2024-10-08,12,TI30171AAA2526,ABRP250001,05AELPS3782C1ZD,59080010,DEEPAK TRADERS,file2_2025-apr-sep,348.36,348.36,29.03,0.0,0.0,0,0,0.0,0.0,0.0,348.36
AASTHA COTTON WICKS PLAIN 25 GM,आस्था कपास रूई बत्ती 25 ग्राम,2028-04-07,2025-07-09,2025-05-07,40,TI30171AAA2526,A0M2500015,05AELPS3782C1ZD,33049940,DEEPAK TRADERS,file2_2025-apr-sep,1158.4,1158.4,28.96,0.0,0.0,0,0,0.0,0.0,0.0,1158.4
AASTHA SPECIAL WHITESAGE DHOOP-10 N,आस्था स्पेशल व्हाइट सेज धूप 10 नग,2027-03-09,2025-07-09,2025-03-19,12,TI30171AAA2526,ABBD250001,05AELPS3782C1ZD,33074100,DEEPAK TRADERS,file2_2025-apr-sep,74.09,70.56190476190476,5.88015873015873,2.5,2.5,0,5,1.764047619047619,1.764047619047619,0.0,74.08999999999999
AASTHA GUGAL DHOOP -1N,आस्था गुगल धूप 1 नग,2027-05-11,2025-07-09,2025-06-11,12,TI30171AAA2526,ABTA250002,05AELPS3782C1ZD,33074100,DEEPAK TRADERS,file2_2025-apr-sep,88.83,84.6,7.05,2.5,2.5,0,5,2.115,2.115,0.0,88.82999999999998
AASTHA LOBAN DHOOP -1N,आस्था लोबान धूप 1 नग,2026-04-17,2025-07-09,2024-04-27,12,TI30171AAA2526,ABSZ240008,05AELPS3782C1ZD,33074100,DEEPAK TRADERS,file2_2025-apr-sep,88.83,84.6,7.05,2.5,2.5,0,5,2.115,2.115,0.0,88.82999999999998
AASTHA PREMIUM MOGRA DHOOP - 20 N,आस्था प्रीमियम मोगरा धूप 20 नग,2027-04-01,2025-07-09,2025-05-01,12,TI30171AAA2526,AAWI250010,05AELPS3782C1ZD,33074100,DEEPAK TRADERS,file2_2025-apr-sep,266.62,253.92380952380952,21.16031746031746,2.5,2.5,0,5,6.3480952380952385,6.3480952380952385,0.0,266.62
AASTHA PREMIUM ROSE DHOOP - 20 N,आस्था प्रीमियम गुलाब धूप 20 नग,2027-04-30,2025-07-09,2025-05-30,12,TI30171AAA2526,AAWJ250015,05AELPS3782C1ZD,33074100,DEEPAK TRADERS,file2_2025-apr-sep,266.62,253.92380952380952,21.16031746031746,2.5,2.5,0,5,6.3480952380952385,6.3480952380952385,0.0,266.62
AASTHA PREMIUM DELUXE DHOOP - 20 N,आस्था प्रीमियम डीलक्स धूप 20 नग,2027-03-31,2025-07-09,2025-04-30,12,TI30171AAA2526,AAWF250005,05AELPS3782C1ZD,33074100,DEEPAK TRADERS,file2_2025-apr-sep,266.62,253.92380952380952,21.16031746031746,2.5,2.5,0,5,6.3480952380952385,6.3480952380952385,0.0,266.62
AASTHA PREMIUM SANDAL DHOOP - 20 N,आस्था प्रीमियम चंदन धूप 20 नग,2027-03-31,2025-07-09,2025-04-30,12,TI30171AAA2526,AAWE250017,05AELPS3782C1ZD,33074100,DEEPAK TRADERS,file2_2025-apr-sep,266.62,253.92380952380952,21.16031746031746,2.5,2.5,0,5,6.3480952380952385,6.3480952380952385,0.0,266.62
AASTHA PREMIUM LOBAN DHOOP - 20 N,आस्था प्रीमियम लोबान धूप 20 नग,2027-05-19,2025-07-09,2025-06-19,12,TI30171AAA2526,AAWH250013,05AELPS3782C1ZD,33074100,DEEPAK TRADERS,file2_2025-apr-sep,266.62,253.92380952380952,21.16031746031746,2.5,2.5,0,5,6.3480952380952385,6.3480952380952385,0.0,266.62
AASTHA PREMIUM GUGAL DHOOP - 20 N,आस्था प्रीमियम गुगल धूप 20 नग,2027-05-24,2025-07-09,2025-06-24,12,TI30171AAA2526,AAWG250023,05AELPS3782C1ZD,33074100,DEEPAK TRADERS,file2_2025-apr-sep,266.62,253.92380952380952,21.16031746031746,2.5,2.5,0,5,6.3480952380952385,6.3480952380952385,0.0,266.62
AASTHA BACKFLOW DHOOP CONE BUDHA-160 GM,आस्था बैकफ्लो धूप कोन बुद्धा 160 ग्राम,2027-01-31,2025-07-09,2025-02-10,6,TI30171AAA2526,ACAG250003,05AELPS3782C1ZD,33074100,DEEPAK TRADERS,file2_2025-apr-sep,500.03,476.21904761904756,79.36984126984126,2.5,2.5,0,5,11.905476190476188,11.905476190476188,0.0,500.0299999999999
AASTHA BACKFLOW DHOOP CONE LOBAN-160 GM,आस्था बैकफ्लो धूप कोन लोबान 160 ग्राम,2026-12-09,2025-07-09,2024-12-19,1,TI30171AAA2526,ABSY240024,05AELPS3782C1ZD,33074100,DEEPAK TRADERS,file2_2025-apr-sep,83.34,79.37142857142857,79.37142857142857,2.5,2.5,0,5,1.9842857142857142,1.9842857142857142,0.0,83.34
AASTHA BACKFLOW DHOOP CONE LOBAN-160 GM,आस्था बैकफ्लो धूप कोन लोबान 160 ग्राम,2027-02-22,2025-07-09,2025-03-04,5,TI30171AAA2526,ABSY250003,05AELPS3782C1ZD,33074100,DEEPAK TRADERS,file2_2025-apr-sep,416.69,396.84761904761905,79.36952380952381,2.5,2.5,0,5,9.921190476190477,9.921190476190477,0.0,416.69
AASTHA BACKFLOW DHOOP CONE GUGAL-160 GM,आस्था बैकफ्लो धूप कोन गुगल 160 ग्राम,2027-03-14,2025-07-09,2025-03-24,6,TI30171AAA2526,ABSX250004,05AELPS3782C1ZD,33074100,DEEPAK TRADERS,file2_2025-apr-sep,500.03,476.21904761904756,79.36984126984126,2.5,2.5,0,5,11.905476190476188,11.905476190476188,0.0,500.0299999999999
AASTHA BACKFLOW DHOOPCONE VRINDAVAN-160G,आस्था बैकफ्लो धूप कोन वृंदावन 160 ग्राम,2027-02-08,2025-07-09,2025-02-18,2,TI30171AAA2526,ACBA250008,05AELPS3782C1ZD,33074100,DEEPAK TRADERS,file2_2025-apr-sep,166.68,158.74285714285713,79.37142857142857,2.5,2.5,0,5,3.9685714285714284,3.9685714285714284,0.0,166.68
AASTHA BACKFLOW DHOOPCONE VRINDAVAN-160G,आस्था बैकफ्लो धूप कोन वृंदावन 160 ग्राम,2027-02-08,2025-07-09,2025-02-18,4,TI30171AAA2526,ACBA250008,05AELPS3782C1ZD,33074100,DEEPAK TRADERS,file2_2025-apr-sep,333.35,317.4761904761905,79.36904761904762,2.5,2.5,0,5,7.936904761904762,7.936904761904762,0.0,333.35
AASTHA SANDAL DRY DHOOP CONE - 20 GM,आस्था चंदन ड्राई धूप कोन 20 ग्राम,2027-01-10,2025-07-09,2025-01-20,12,TI30171AAA2526,AAXG250001,05AELPS3782C1ZD,33074100,DEEPAK TRADERS,file2_2025-apr-sep,84.67,80.63809523809523,6.719841269841269,2.5,2.5,0,5,2.0159523809523807,2.0159523809523807,0.0,84.67
AASTHA GUGAL DRY DHOOP CONE - 20 GM,आस्था गुगल ड्राई धूप कोन 20 ग्राम,2026-11-21,2025-07-09,2024-12-01,12,TI30171AAA2526,AAXH240011,05AELPS3782C1ZD,33074100,DEEPAK TRADERS,file2_2025-apr-sep,84.67,80.63809523809523,6.719841269841269,2.5,2.5,0,5,2.0159523809523807,2.0159523809523807,0.0,84.67
AASTHA MUSK CONE DHOOP - 80 GM,आस्था मस्क कोन धूप 80 ग्राम,2028-04-02,2025-07-09,2025-04-18,6,TI30171AAA2526,ABKA250004,05AELPS3782C1ZD,33074100,DEEPAK TRADERS,file2_2025-apr-sep,179.74,171.1809523809524,28.530158730158732,2.5,2.5,0,5,4.27952380952381,4.27952380952381,0.0,179.74000000000004
AASTHA RAJNIGANDHA CONE DHOOP - 80 GM,आस्था रजनीगंधा कोन धूप 80 ग्राम,2028-01-13,2025-07-09,2025-01-28,6,TI30171AAA2526,ABJY250001,05AELPS3782C1ZD,33074100,DEEPAK TRADERS,file2_2025-apr-sep,179.74,171.1809523809524,28.530158730158732,2.5,2.5,0,5,4.27952380952381,4.27952380952381,0.0,179.74000000000004
AASTHA CHAMPA CONE DHOOP - 200 GM,आस्था चंपा कोन धूप 200 ग्राम,2026-12-14,2025-07-09,2024-12-24,1,TI30171AAA2526,AAUX240049,05AELPS3782C1ZD,33074100,DEEPAK TRADERS,file2_2025-apr-sep,71.96,68.53333333333333,68.53333333333333,2.5,2.5,0,5,1.7133333333333332,1.7133333333333332,0.0,71.96000000000001
AASTHA CHAMPA CONE DHOOP - 200 GM,आस्था चंपा कोन धूप 200 ग्राम,2027-03-31,2025-07-09,2025-04-30,2,TI30171AAA2526,AAUX250010,05AELPS3782C1ZD,33074100,DEEPAK TRADERS,file2_2025-apr-sep,143.91,137.05714285714285,68.52857142857142,2.5,2.5,0,5,3.426428571428571,3.426428571428571,0.0,143.91
AASTHA KASTURI CONE DHOOP - 200 GM,आस्था कस्तूरी कोन धूप 200 ग्राम,2027-01-31,2025-07-09,2025-02-10,3,TI30171AAA2526,ACAH250006,05AELPS3782C1ZD,33074100,DEEPAK TRADERS,file2_2025-apr-sep,215.87,205.59047619047618,68.53015873015873,2.5,2.5,0,5,5.1397619047619045,5.1397619047619045,0.0,215.87
AASTHA MOGRA CONE DHOOP - 200 GM,आस्था मोगरा कोन धूप 200 ग्राम,2027-05-10,2025-07-09,2025-06-10,3,TI30171AAA2526,ACAI250012,05AELPS3782C1ZD,33074100,DEEPAK TRADERS,file2_2025-apr-sep,215.87,205.59047619047618,68.53015873015873,2.5,2.5,0,5,5.1397619047619045,5.1397619047619045,0.0,215.87
AASTHA BOUQUET CONE DHOOP - 200 GM,आस्था बुके कोन धूप 200 ग्राम,2027-03-07,2025-07-09,2025-03-17,3,TI30171AAA2526,AAWA250004,05AELPS3782C1ZD,33074100,DEEPAK TRADERS,file2_2025-apr-sep,215.87,205.59047619047618,68.53015873015873,2.5,2.5,0,5,5.1397619047619045,5.1397619047619045,0.0,215.87
AASTHA SANDAL CONE DHOOP - 200 GM,आस्था चंदन कोन धूप 200 ग्राम,2027-04-23,2025-07-09,2025-05-23,3,TI30171AAA2526,AAUZ250016,05AELPS3782C1ZD,33074100,DEEPAK TRADERS,file2_2025-apr-sep,215.87,205.59047619047618,68.53015873015873,2.5,2.5,0,5,5.1397619047619045,5.1397619047619045,0.0,215.87
AASTHA ROSE CONE DHOOP - 200 GM,आस्था गुलाब कोन धूप 200 ग्राम,2027-05-19,2025-07-09,2025-06-19,3,TI30171AAA2526,AAUY250019,05AELPS3782C1ZD,33074100,DEEPAK TRADERS,file2_2025-apr-sep,215.87,205.59047619047618,68.53015873015873,2.5,2.5,0,5,5.1397619047619045,5.1397619047619045,0.0,215.87
AASTHA MUSK MELON DRY DHOOP STICK-200G,आस्था मस्क मेलन ड्राई धूप स्टिक 200 ग्राम,2027-02-17,2025-07-09,2025-02-27,3,TI30171AAA2526,ACBO250003,05AELPS3782C1ZD,33074100,DEEPAK TRADERS,file2_2025-apr-sep,222.23,211.64761904761903,70.54920634920634,2.5,2.5,0,5,5.291190476190476,5.291190476190476,0.0,222.23
AASTHA MARIGOLD DRY DHOOP STICK-200G,आस्था गेंदा ड्राई धूप स्टिक 200 ग्राम,2026-02-28,2025-07-09,2025-02-28,3,TI30171AAA2526,ACBN250004,05AELPS3782C1ZD,33074100,DEEPAK TRADERS,file2_2025-apr-sep,222.23,211.64761904761903,70.54920634920634,2.5,2.5,0,5,5.291190476190476,5.291190476190476,0.0,222.23
AASTHA VALLEYOFFLOWER DRY DHOOP STK-200G,आस्था वैली ऑफ फ्लावर ड्राई धूप स्टिक 200 ग्राम,2027-02-16,2025-07-09,2025-02-26,3,TI30171AAA2526,ACBQ250001,05AELPS3782C1ZD,33074100,DEEPAK TRADERS,file2_2025-apr-sep,222.23,211.64761904761903,70.54920634920634,2.5,2.5,0,5,5.291190476190476,5.291190476190476,0.0,222.23
AASTHA LAVENDER DRY DHOOP STICK- 200 G,आस्था लैवेंडर ड्राई धूप स्टिक 200 ग्राम,2027-04-19,2025-07-09,2025-05-19,3,TI30171AAA2526,ABHS250013,05AELPS3782C1ZD,33074100,DEEPAK TRADERS,file2_2025-apr-sep,222.23,211.64761904761903,70.54920634920634,2.5,2.5,0,5,5.291190476190476,5.291190476190476,0.0,222.23
AASTHA RAJNIGANDHA DRY DHOOP STICK-200 G,आस्था रजनीगंधा ड्राई धूप स्टिक 200 ग्राम,2027-04-08,2025-07-09,2025-04-18,3,TI30171AAA2526,ABHR250013,05AELPS3782C1ZD,33074100,DEEPAK TRADERS,file2_2025-apr-sep,222.23,211.64761904761903,70.54920634920634,2.5,2.5,0,5,5.291190476190476,5.291190476190476,0.0,222.23
AASTHA SANDAL DRY DHOOP STICK-200 G,आस्था चंदन ड्राई धूप स्टिक 200 ग्राम,2027-03-28,2025-07-09,2025-04-28,3,TI30171AAA2526,ABHQ250018,05AELPS3782C1ZD,33074100,DEEPAK TRADERS,file2_2025-apr-sep,222.23,211.64761904761903,70.54920634920634,2.5,2.5,0,5,5.291190476190476,5.291190476190476,0.0,222.23
AASTHA ROSE DRY DHOOP STICK-200 G,आस्था गुलाब ड्राई धूप स्टिक 200 ग्राम,2027-05-05,2025-07-09,2025-06-05,6,TI30171AAA2526,ABHP250015,05AELPS3782C1ZD,33074100,DEEPAK TRADERS,file2_2025-apr-sep,444.47,423.3047619047619,70.55079365079365,2.5,2.5,0,5,10.582619047619048,10.582619047619048,0.0,444.47
AASTHA COWS GHEE 100 ML - T,आस्था गाय का घी 100 मि.ली.,2025-12-01,2025-07-09,2025-04-01,48,TI30171AAA2526,NBHO250002,05AELPS3782C1ZD,4059020,DEEPAK TRADERS,file2_2025-apr-sep,4159.95,3714.241071428571,77.38002232142857,6.0,6.0,0,12,222.85446428571427,222.85446428571427,0.0,4159.95
AASTHA COWS GHEE 200 ML - T,आस्था गाय का घी 200 मि.ली.,2026-02-01,2025-07-09,2025-06-01,47,TI30171AAA2526,NBAI250008,05AELPS3782C1ZD,4059020,DEEPAK TRADERS,file2_2025-apr-sep,7069.03,6311.6339285714275,134.2900835866261,6.0,6.0,0,12,378.69803571428565,378.69803571428565,0.0,7069.029999999999
AASTHA GAUMAYA HAWAN KUND -30 N (12PC),आस्था गौमय हवन कुंड 30 नग (12 पैक),2028-03-31,2025-07-09,2025-04-30,12,TI30171AAA2526,ACBS250007,05AELPS3782C1ZD,33074100,DEEPAK TRADERS,file2_2025-apr-sep,2469.1,2351.523809523809,195.96031746031744,2.5,2.5,0,5,58.78809523809523,58.78809523809523,0.0,2469.0999999999995
AASTHA MUSTARD OIL 200 ML (B)-T,आस्था सरसों का तेल 200 मि.ली.,2026-02-05,2025-07-09,2025-02-10,12,TI30171AAA2526,NCAD250001,05AELPS3782C1ZD,15149920,DEEPAK TRADERS,file2_2025-apr-sep,467.46,445.2,37.1,2.5,2.5,0,5,11.13,11.13,0.0,467.46
AASTHA DASANGAM 50 GM,आस्था दशांगम 50 ग्राम,2026-02-18,2025-07-09,2023-03-06,12,TI30171AAA2526,A6Q2300002,05AELPS3782C1ZD,33074100,DEEPAK TRADERS,file2_2025-apr-sep,381.78,363.59999999999997,30.299999999999997,2.5,2.5,0,5,9.089999999999998,9.089999999999998,0.0,381.7799999999999
AASTHA ASHTAGANDHA -25 GM,आस्था अष्टगंध 25 ग्राम,2029-08-15,2025-07-09,2024-09-10,24,TI30171AAA2526,ABVZ240004,05AELPS3782C1ZD,33074900,DEEPAK TRADERS,file2_2025-apr-sep,588.17,560.1619047619047,23.34007936507936,2.5,2.5,0,5,14.004047619047617,14.004047619047617,0.0,588.1699999999998
AASTHA CHANDAN (POUCH)-20G,आस्था चंदन (पाउच) 20 ग्राम,2027-10-02,2025-07-09,2024-10-17,60,TI30171AAA2526,ABVU240009,05AELPS3782C1ZD,33049940,DEEPAK TRADERS,file2_2025-apr-sep,370.2,370.2,6.17,0.0,0.0,0,0,0.0,0.0,0.0,370.2
AASTHA GAUMAYA SAMIDHA 12N -T,आस्था गौमय समिधा 12 नग,2027-02-01,2025-07-09,2025-03-29,24,TI30171AAA2526,GSN2500004,05AELPS3782C1ZD,31010091,DEEPAK TRADERS,file2_2025-apr-sep,966.17,920.1619047619047,38.34007936507936,2.5,2.5,0,5,23.004047619047615,23.004047619047615,0.0,966.1699999999998
AASTHA GHEE BATTI - 30N,आस्था घी बत्ती 30 नग,2027-04-22,2025-07-09,2025-05-22,12,TI30171AAA2526,ABLY250005,05AELPS3782C1ZD,59080010,DEEPAK TRADERS,file2_2025-apr-sep,841.75,751.5624999999999,62.63020833333332,6.0,6.0,0,12,45.09374999999999,45.09374999999999,0.0,841.7499999999999
AASTHA POOJA GOPI CHANDAN 25 GM,आस्था पूजा गोपी चंदन 25 ग्राम,2027-07-17,2025-07-09,2025-01-28,36,TI30171AAA2526,A8D2500003,05AELPS3782C1ZD,33049940,DEEPAK TRADERS,file2_2025-apr-sep,648.72,648.72,18.02,0.0,0.0,0,0,0.0,0.0,0.0,648.72
AASTHA KALAWA -1N,आस्था कलावा 1 नग,2027-08-16,2025-07-09,2024-08-31,12,TI30171AAA2526,ABXB240001,05AELPS3782C1ZD,52042090,DEEPAK TRADERS,file2_2025-apr-sep,90.12,90.12,7.510000000000001,0.0,0.0,0,0,0.0,0.0,0.0,90.12
AASTHA KALAWA -1N,आस्था कलावा 1 नग,2027-08-19,2025-07-09,2024-09-03,24,TI30171AAA2526,ABXB240003,05AELPS3782C1ZD,52042090,DEEPAK TRADERS,file2_2025-apr-sep,180.24,180.24,7.510000000000001,0.0,0.0,0,0,0.0,0.0,0.0,180.24
AASTHA CHANDAN TIKA 25 GM,आस्था चंदन टीका 25 ग्राम,2027-10-29,2025-07-09,2025-05-29,36,TI30171AAA2526,A7D2500014,05AELPS3782C1ZD,33049940,DEEPAK TRADERS,file2_2025-apr-sep,648.72,648.72,18.02,0.0,0.0,0,0,0.0,0.0,0.0,648.72
AASTHA ROLI 25 GM,आस्था रोली 25 ग्राम,2027-10-30,2025-07-09,2025-05-30,36,TI30171AAA2526,A6D2500012,05AELPS3782C1ZD,33049940,DEEPAK TRADERS,file2_2025-apr-sep,648.72,648.72,18.02,0.0,0.0,0,0,0.0,0.0,0.0,648.72
AASTHA ROLI (POUCH)-20G,आस्था रोली (पाउच) 20 ग्राम,2027-09-18,2025-07-09,2024-10-03,60,TI30171AAA2526,ABVT240010,05AELPS3782C1ZD,33049940,DEEPAK TRADERS,file2_2025-apr-sep,370.2,370.2,6.17,0.0,0.0,0,0,0.0,0.0,0.0,370.2
AASTHA SAMBRANI CUP,आस्था संभरणी कप,2030-04-14,2025-07-09,2025-05-14,20,TI30171AAA2526,A5R2500021,05AELPS3782C1ZD,33074100,DEEPAK TRADERS,file2_2025-apr-sep,1410.99,1343.8,67.19,2.5,2.5,0,5,33.595,33.595,0.0,1410.99
AASTHA SAMBRANI STICK (72 PC),आस्था संभरणी स्टिक (72 नग),2030-03-21,2025-07-09,2025-04-21,4,TI30171AAA2526,ABWA250017,05AELPS3782C1ZD,33074100,DEEPAK TRADERS,file2_2025-apr-sep,218.36,207.96190476190478,51.990476190476194,2.5,2.5,0,5,5.19904761904762,5.19904761904762,0.0,218.36000000000004
AASTHA HAWAN STICK SAFFRON SANDAL-20N,आस्था हवन स्टिक केसर चंदन 20 नग,2030-02-13,2025-07-09,2025-03-11,6,TI30171AAA2526,ABXL250007,05AELPS3782C1ZD,33074100,DEEPAK TRADERS,file2_2025-apr-sep,355.57,338.6380952380952,56.439682539682536,2.5,2.5,0,5,8.46595238095238,8.46595238095238,0.0,355.57
AASTHA HAWAN CUP SAFFRON SANDAL,आस्था हवन कप केसर चंदन,2028-03-31,2025-07-09,2025-04-30,6,TI30171AAA2526,ABOJ250015,05AELPS3782C1ZD,33074100,DEEPAK TRADERS,file2_2025-apr-sep,444.47,423.3047619047619,70.55079365079365,2.5,2.5,0,5,10.582619047619048,10.582619047619048,0.0,444.47
TRADITIONAL WHOLE WHEAT ATTA 5 KG(UK),पारंपरिक गेहूं का आटा 5 किग्रा (यूके),2025-11-01,2025-07-16,2025-07-04,1,TI2000AAA2526,PDBKQ25006,05AAECK5765H1ZE,11010000,KANHA JI DISTRIBUTORS,file2_2025-apr-sep,1650.35,1571.7619047619046,1571.7619047619046,2.5,2.5,0,5,39.29404761904762,39.29404761904762,0.0,1650.35
DOODH BISCUIT 35 GM (200 PC),दूध बिस्किट 35 ग्राम (200 नग),2026-01-09,2025-07-16,2025-07-13,1,TI2000AAA2526,GH25/BP1,05AAECK5765H1ZE,19053100,KANHA JI DISTRIBUTORS,file2_2025-apr-sep,851.96,722.0000000000001,722.0000000000001,9.0,9.0,0,18,64.98,64.98,0.0,851.9600000000002
DOODH BISCUIT 70 GM (100 PC),दूध बिस्किट 70 ग्राम (100 नग),2026-01-08,2025-07-16,2025-07-12,1,TI2000AAA2526,GF25/BP1,05AAECK5765H1ZE,19053100,KANHA JI DISTRIBUTORS,file2_2025-apr-sep,853.14,723.0,723.0,9.0,9.0,0,18,65.07,65.07,0.0,853.1399999999999
ATTA NOODLES DESI MASALA 60 GM (96 PC)-T,आटा नूडल्स देसी मसाला 60 ग्राम (96 नग),2026-03-18,2025-07-16,2025-06-21,1,TI2000AAA2526,DM210625,05AAECK5765H1ZE,19022090,KANHA JI DISTRIBUTORS,file2_2025-apr-sep,922.52,823.6785714285713,823.6785714285713,6.0,6.0,0,12,49.420714285714276,49.420714285714276,0.0,922.52
DIVYA ARJUN KWATH 100G,दिव्य अर्जुन क्वाथ 100 ग्राम,2027-03-15,2025-07-16,2025-04-15,1,TI2000AAA2526,AARK250036,05AAECK5765H1ZE,30049011,KANHA JI DISTRIBUTORS,file2_2025-apr-sep,1458.45,1389.0,1389.0,2.5,2.5,0,5,34.725,34.725,0.0,1458.4499999999998
SENDHA NAMAK 1 KG - T,सेंधा नमक 1 किग्रा,2027-02-19,2025-07-16,2025-03-01,1,TI2000AAA2526,SRS25/03,05AAECK5765H1ZE,25010010,KANHA JI DISTRIBUTORS,file2_2025-apr-sep,1009.0,1009.0,1009.0,0.0,0.0,0,0,0.0,0.0,0.0,1009.0
MURMURA 500 GM - T,मुरमुरा 500 ग्राम,2026-06-11,2025-07-16,2025-06-16,1,TI2000AAA2526,VPRM250025,05AAECK5765H1ZE,19041020,KANHA JI DISTRIBUTORS,file2_2025-apr-sep,1090.95,1039.0,1039.0,2.5,2.5,0,5,25.975,25.975,0.0,1090.9499999999998
DIVYA ASHWAGANDHA CHURNA - 100 GM,दिव्य अश्वगंधा चूर्ण 100 ग्राम,2027-03-31,2025-07-16,2025-04-01,25,TI2000AAA2526,AAGC250028,05AAECK5765H1ZE,30049011,KANHA JI DISTRIBUTORS,file2_2025-apr-sep,1968.84,1875.0857142857142,75.00342857142857,2.5,2.5,0,5,46.87714285714285,46.87714285714285,0.0,1968.84
SOOJI - 500 GM,सूजी 500 ग्राम,2025-10-14,2025-07-16,2025-06-16,28,TI2000AAA2526,PDR8250031,05AAECK5765H1ZE,11010000,KANHA JI DISTRIBUTORS,file2_2025-apr-sep,820.85,781.7619047619047,27.92006802721088,2.5,2.5,0,5,19.544047619047618,19.544047619047618,0.0,820.85
SOOJI - 500 GM,सूजी 500 ग्राम,2025-10-18,2025-07-16,2025-06-20,2,TI2000AAA2526,PDR8250032,05AAECK5765H1ZE,11010000,KANHA JI DISTRIBUTORS,file2_2025-apr-sep,58.63,55.838095238095235,27.919047619047618,2.5,2.5,0,5,1.3959523809523808,1.3959523809523808,0.0,58.629999999999995
GYANPATH OPTICLEAR 75 GSM A4,ज्ञानपथ ऑप्टिक्लियर 75 जीएसएम ए4,2026-05-27,2025-07-16,2025-06-27,1,TI2000AAA2526,2500000038,05AAECK5765H1ZE,48201090,KANHA JI DISTRIBUTORS,file2_2025-apr-sep,1976.02,1764.3035714285713,1764.3035714285713,6.0,6.0,0,12,105.85821428571427,105.85821428571427,0.0,1976.0199999999998
SPECIAL CHYAWANPRASH 1 KG,विशेष च्यवनप्राश 1 किग्रा,2027-11-24,2025-07-16,2024-12-09,1,TI2000AAA2526,ACZ2400023,05AAECK5765H1ZE,30049011,KANHA JI DISTRIBUTORS,file2_2025-apr-sep,2928.65,2614.866071428571,2614.866071428571,6.0,6.0,0,12,156.89196428571427,156.89196428571427,0.0,2928.6499999999996
AMLA CANDY 250 G,आंवला कैंडी 250 ग्राम,2026-06-05,2025-07-16,2025-06-05,1,TI2000AAA2526,ABLX250045,05AAECK5765H1ZE,8112010,KANHA JI DISTRIBUTORS,file2_2025-apr-sep,1554.72,1480.6857142857143,1480.6857142857143,2.5,2.5,0,5,37.01714285714286,37.01714285714286,0.0,1554.7200000000003
BROWN BASMATI RICE POUCH 1 KG,भूरा बासमती चावल पाउच 1 किग्रा,2027-05-14,2025-08-21,2025-06-14,1,TI2602AAA2526,E7E2500003,05AAECK5765H1ZE,10063020,KANHA JI DISTRIBUTORS,file2_2025-apr-sep,1966.86,1873.1999999999998,1873.1999999999998,2.5,2.5,0,5,46.83,46.83,0.0,1966.8599999999997
BASMATI RICE 1 KG(SILVER) - (NEW),बासमती चावल 1 किग्रा (सिल्वर) (नया),2027-04-09,2025-08-21,2025-05-09,1,TI2602AAA2526,EKM2500005,05AAECK5765H1ZE,10063020,KANHA JI DISTRIBUTORS,file2_2025-apr-sep,1637.58,1559.6,1559.6,2.5,2.5,0,5,38.99,38.99,0.0,1637.58
AMLA JUICE 1 L (NEW),आंवला रस 1 लीटर (नया),2026-07-05,2025-08-21,2025-07-05,1,TI2602AAA2526,ACCT250076,05AAECK5765H1ZE,30049011,KANHA JI DISTRIBUTORS,file2_2025-apr-sep,1263.38,1128.017857142857,1128.017857142857,6.0,6.0,0,12,67.68107142857143,67.68107142857143,0.0,1263.3799999999999
SUJI ELAICHI RUSK 300 GM - T,सूजी इलायची रस्क 300 ग्राम,2025-12-04,2025-08-21,2025-07-07,1,TI2602AAA2526,GB25/SGB,05AAECK5765H1ZE,19054000,KANHA JI DISTRIBUTORS,file2_2025-apr-sep,1028.16,979.2,979.2,2.5,2.5,0,5,24.48,24.48,0.0,1028.16
MADHURAM 1 KG,मधुरम गुड़ पाउडर 1 किग्रा,2026-07-08,2025-08-21,2025-07-08,1,TI2602AAA2526,AHG2500154,05AAECK5765H1ZE,17011410,KANHA JI DISTRIBUTORS,file2_2025-apr-sep,2181.38,2077.504761904762,2077.504761904762,2.5,2.5,0,5,51.937619047619044,51.937619047619044,0.0,2181.38
MUSTARD OIL 1 L (B)-T,सरसों का तेल 1 लीटर,2026-08-06,2025-08-21,2025-08-11,1,TI2602AAA2526,N1B2500104,05AAECK5765H1ZE,15149920,KANHA JI DISTRIBUTORS,file2_2025-apr-sep,2188.25,2084.047619047619,2084.047619047619,2.5,2.5,0,5,52.10119047619047,52.10119047619047,0.0,2188.2499999999995
MUSTARD OIL 1 L (P)-T,सरसों का तेल 1 लीटर,2026-07-20,2025-08-21,2025-07-25,3,TI2602AAA2526,N2B2500058,05AAECK5765H1ZE,15149920,KANHA JI DISTRIBUTORS,file2_2025-apr-sep,6241.66,5944.438095238095,1981.4793650793652,2.5,2.5,0,5,148.6109523809524,148.6109523809524,0.0,6241.660000000001
DIVYA ARJUNARISHTA - 450ML,दिव्य अर्जुनारिष्ट 450 मि.ली.,2035-05-14,2025-08-21,2025-06-14,1,TI2602AAA2526,AJN250021,05AAECK5765H1ZE,30049011,KANHA JI DISTRIBUTORS,file2_2025-apr-sep,1885.05,1795.2857142857142,1795.2857142857142,2.5,2.5,0,5,44.88214285714285,44.88214285714285,0.0,1885.0499999999997
GILOY JUICE 500 ML,गिलोय रस 500 मि.ली.,2026-07-02,2025-08-21,2025-07-02,1,TI2602AAA2526,PFY2500012,05AAECK5765H1ZE,30049011,KANHA JI DISTRIBUTORS,file2_2025-apr-sep,775.23,692.1696428571428,692.1696428571428,6.0,6.0,0,12,41.53017857142857,41.53017857142857,0.0,775.2299999999999
MUSTARD OIL 1 L (P)-T,सरसों का तेल 1 लीटर,2026-07-20,2025-08-21,2025-07-25,1,TI2602AAA2526,N2B2500058,05AAECK5765H1ZE,15149920,KANHA JI DISTRIBUTORS,file2_2025-apr-sep,2080.55,1981.4761904761906,1981.4761904761906,2.5,2.5,0,5,49.536904761904765,49.536904761904765,0.0,2080.55
FORTIFIED SOYABEAN OIL 1 LTR (P) - T,फोर्टिफाइड सोयाबीन तेल 1 लीटर,2026-04-04,2025-08-21,2025-07-08,1,TI2602AAA2526,BR2B250013,05AAECK5765H1ZE,15079010,KANHA JI DISTRIBUTORS,file2_2025-apr-sep,1777.36,1692.7238095238095,1692.7238095238095,2.5,2.5,0,5,42.31809523809524,42.31809523809524,0.0,1777.3600000000001
ALOEVERA JUICE WITH FIBER 1 L (NEW),एलोवेरा रस (फाइबर युक्त) 1 लीटर (नया),2026-03-02,2025-08-21,2025-06-05,1,TI2602AAA2526,ACCR250072,05AAECK5765H1ZE,30049011,KANHA JI DISTRIBUTORS,file2_2025-apr-sep,1852.97,1654.4374999999998,1654.4374999999998,6.0,6.0,0,12,99.26624999999999,99.26624999999999,0.0,1852.9699999999996
VERMICELLI ROASTED 400 GM - T,भुनी हुई सेवईं 400 ग्राम,2026-07-01,2025-08-21,2025-07-06,1,TI2602AAA2526,BVR4060725,05AAECK5765H1ZE,19021900,KANHA JI DISTRIBUTORS,file2_2025-apr-sep,1641.09,1562.942857142857,1562.942857142857,2.5,2.5,0,5,39.07357142857143,39.07357142857143,0.0,1641.0900000000001
MAKHANA 250 GM,मखाना 250 ग्राम,2026-05-21,2025-08-21,2025-07-25,1,TI2602AAA2526,AALI250040,05AAECK5765H1ZE,8029000,KANHA JI DISTRIBUTORS,file2_2025-apr-sep,6960.24,6628.799999999999,6628.799999999999,2.5,2.5,0,5,165.72,165.72,0.0,6960.24
SESAME OIL 1 L (B)-T,तिल का तेल 1 लीटर,2026-05-02,2025-08-21,2025-08-05,2,TI2602AAA2526,JACQ250065,05AAECK5765H1ZE,15155091,KANHA JI DISTRIBUTORS,file2_2025-apr-sep,5056.6,4815.809523809524,2407.904761904762,2.5,2.5,0,5,120.39523809523808,120.39523809523808,0.0,5056.599999999999
NAVRATNA ATTA 2 KG,नवरत्न आटा 2 किग्रा,2026-02-08,2025-08-21,2025-08-12,1,TI2602AAA2526,AHV2500027,05AAECK5765H1ZE,11010000,KANHA JI DISTRIBUTORS,file2_2025-apr-sep,3083.66,2936.8190476190475,2936.8190476190475,2.5,2.5,0,5,73.42047619047618,73.42047619047618,0.0,3083.66
SHAKTI RICE XXL MINI MOGRA-2 10 KG (T),शक्ति चावल XXL मिनी मोगरा-2 10 किग्रा,2026-08-14,2025-08-21,2024-08-24,1,TI2602AAA2526,E6M2400006,05AAECK5765H1ZE,10063090,KANHA JI DISTRIBUTORS,file2_2025-apr-sep,1491.04,1420.0380952380951,1420.0380952380951,2.5,2.5,0,5,35.50095238095238,35.50095238095238,0.0,1491.04
DIVYA GODHAN ARK - 450ML,दिव्य गोधन अर्क 450 मि.ली.,2026-06-05,2025-08-21,2025-07-05,1,TI2602AAA2526,AGDA250032,05AAECK5765H1ZE,30049011,KANHA JI DISTRIBUTORS,file2_2025-apr-sep,900.0,803.5714285714284,803.5714285714284,6.0,6.0,0,12,48.21428571428571,48.21428571428571,0.0,899.9999999999998
CREAMFEAST CHOCO BISCUIT 32.5 GM,क्रीमफीस्ट चोको बिस्किट 32.5 ग्राम,2026-01-29,2025-08-21,2025-08-02,1,TI2602AAA2526,H225/BP1,05AAECK5765H1ZE,19053100,KANHA JI DISTRIBUTORS,file2_2025-apr-sep,613.41,519.8389830508474,519.8389830508474,9.0,9.0,0,18,46.785508474576275,46.785508474576275,0.0,613.4100000000001
DANT KANTI NATURAL(200GX3)BIG SAVER PACK,दंत कान्ति नेचुरल (200 ग्राम × 3) बड़ा बचत पैक,2027-07-14,2025-08-21,2025-07-24,1,TI2602AAA2526,AAPW250021,05AAECK5765H1ZE,33061020,KANHA JI DISTRIBUTORS,file2_2025-apr-sep,5961.93,5052.483050847458,5052.483050847458,9.0,9.0,0,18,454.7234745762712,454.7234745762712,0.0,5961.93
DANT KANTI NATURAL TOOTHPASTE 100 GM,दंत कान्ति नेचुरल टूथपेस्ट 100 ग्राम,2027-07-05,2025-08-21,2025-07-15,1,TI2602AAA2526,AAQA250077,05AAECK5765H1ZE,33061020,KANHA JI DISTRIBUTORS,file2_2025-apr-sep,7724.56,6546.237288135594,6546.237288135594,9.0,9.0,0,18,589.1613559322035,589.1613559322035,0.0,7724.56
SABZI MASALA 100 GM (30 pcs),सब्जी मसाला 100 ग्राम (30 नग),2026-06-26,2025-08-21,2025-06-26,1,TI2602AAA2526,AFI2500016,05AAECK5765H1ZE,9109100,KANHA JI DISTRIBUTORS,file2_2025-apr-sep,1261.56,1201.4857142857143,1201.4857142857143,2.5,2.5,0,5,30.037142857142857,30.037142857142857,0.0,1261.5600000000002
GILOY JUICE 500 ML,गिलोय रस 500 मि.ली.,2026-07-30,2025-08-21,2025-07-30,1,TI2602AAA2526,PFY2500014,05AAECK5765H1ZE,30049011,KANHA JI DISTRIBUTORS,file2_2025-apr-sep,775.23,692.1696428571428,692.1696428571428,6.0,6.0,0,12,41.53017857142857,41.53017857142857,0.0,775.2299999999999
DIVYA ANU TAILA 20 ML (110 PCS) -T,दिव्य अनुतैल 20 मि.ली. (110 नग),2028-05-10,2025-08-21,2025-06-10,20,TI2603AAA2526,BANT250012,05AAECK5765H1ZE,30049011,KANHA JI DISTRIBUTORS,file2_2025-apr-sep,599.98,571.4095238095238,28.57047619047619,2.5,2.5,0,5,14.285238095238094,14.285238095238094,0.0,599.98
COWS WHOLE MILK POWDER 500-GM,गाय का पूर्ण दूध पाउडर 500 ग्राम,2025-12-05,2025-08-21,2025-07-05,12,TI2603AAA2526,BLB2500007,05AAECK5765H1ZE,4021090,KANHA JI DISTRIBUTORS,file2_2025-apr-sep,2405.47,2290.9238095238093,190.91031746031743,2.5,2.5,0,5,57.27309523809523,57.27309523809523,0.0,2405.47
SHATAVAR CHURNA 100G (Ayu.Medicine),शतावरी चूर्ण 100 ग्राम (आयुर्वेदिक औषधि),2026-06-03,2025-08-21,2025-07-03,10,TI2603AAA2526,ABEE250061,05AAECK5765H1ZE,30049011,KANHA JI DISTRIBUTORS,file2_2025-apr-sep,1439.59,1371.0380952380951,137.1038095238095,2.5,2.5,0,5,34.275952380952376,34.275952380952376,0.0,1439.5899999999997
TRIPHALA CHURNA -100GM,त्रिफला चूर्ण 100 ग्राम,2027-06-01,2025-08-21,2025-07-01,25,TI2603AAA2526,ATPC250076,05AAECK5765H1ZE,30049011,KANHA JI DISTRIBUTORS,file2_2025-apr-sep,749.97,714.2571428571429,28.570285714285713,2.5,2.5,0,5,17.85642857142857,17.85642857142857,0.0,749.9699999999999
CHANDRAPRABHA VATI - 40 TAB,चंद्रप्रभा वटी 40 टैबलेट,2030-04-21,2025-08-21,2025-05-21,20,TI2603AAA2526,BCPV250085,05AAECK5765H1ZE,30049011,KANHA JI DISTRIBUTORS,file2_2025-apr-sep,716.73,682.6,34.13,2.5,2.5,0,5,17.065,17.065,0.0,716.7300000000001
DIVYA TRIPHALA GUGGUL- 40 TAB,दिव्य त्रिफला गुग्गुल 40 टैबलेट,2030-03-31,2025-08-21,2025-04-30,20,TI2603AAA2526,BTPG250017,05AAECK5765H1ZE,30049011,KANHA JI DISTRIBUTORS,file2_2025-apr-sep,666.75,635.0,31.75,2.5,2.5,0,5,15.875,15.875,0.0,666.75
DIVYA KANTHAMRIT CHEWABLE TABLET 80 N -T,दिव्य कंठामृत चबाने योग्य टैबलेट 80 नग,2028-03-15,2025-08-21,2025-04-15,10,TI2603AAA2526,ADKT250014,05AAECK5765H1ZE,30049011,KANHA JI DISTRIBUTORS,file2_2025-apr-sep,562.53,502.2589285714285,50.22589285714285,6.0,6.0,0,12,30.135535714285712,30.135535714285712,0.0,562.53
DIVYA KANTHAMRIT CHEWABLE TABLET 40 N -T,दिव्य कंठामृत चबाने योग्य टैबलेट 40 नग,2028-04-21,2025-08-21,2025-05-21,10,TI2603AAA2526,ADKT250015,05AAECK5765H1ZE,30049011,KANHA JI DISTRIBUTORS,file2_2025-apr-sep,300.04,267.8928571428571,26.78928571428571,6.0,6.0,0,12,16.073571428571427,16.073571428571427,0.0,300.03999999999996
OORJA TEA - 250 GM (POLY) - T,ऊर्जा चाय 250 ग्राम (पॉली पैक),2026-06-17,2025-08-21,2025-06-17,24,TI2603AAA2526,BBNC250014,05AAECK5765H1ZE,9024090,KANHA JI DISTRIBUTORS,file2_2025-apr-sep,1189.94,1133.2761904761905,47.219841269841275,2.5,2.5,0,5,28.331904761904763,28.331904761904763,0.0,1189.94
DIVYA AMLA CHURNA - 100 GM,दिव्य आंवला चूर्ण 100 ग्राम,2027-06-21,2025-08-21,2025-07-21,25,TI2603AAA2526,BAMC250036,05AAECK5765H1ZE,30049011,KANHA JI DISTRIBUTORS,file2_2025-apr-sep,937.39,892.7523809523809,35.710095238095235,2.5,2.5,0,5,22.318809523809524,22.318809523809524,0.0,937.3899999999999
ADVANCE DANT KANTI MANJAN - 100 GM,एडवांस दंत कान्ति मंजन 100 ग्राम,2027-01-26,2025-08-21,2025-08-04,10,TI2603AAA2526,AMC2500014,05AAECK5765H1ZE,33061010,KANHA JI DISTRIBUTORS,file2_2025-apr-sep,957.15,854.5982142857142,85.45982142857142,6.0,6.0,0,12,51.27589285714285,51.27589285714285,0.0,957.1499999999999
DIVYA NARI KANTI 3 U X 20 N-T,दिव्य नारी कान्ति 3 यूनिट × 20 नग,2028-04-19,2025-08-21,2025-05-19,20,TI2603AAA2526,BDNK250005,05AAECK5765H1ZE,30049011,KANHA JI DISTRIBUTORS,file2_2025-apr-sep,4999.9,4464.1964285714275,223.2098214285714,6.0,6.0,0,12,267.85178571428565,267.85178571428565,0.0,4999.9
Divya Renogrit 3 U X 20 N -T,दिव्य रेनोग्रिट 3 यूनिट × 20 नग,2028-05-10,2025-08-21,2025-06-10,20,TI2603AAA2526,BDRT250013,05AAECK5765H1ZE,30049011,KANHA JI DISTRIBUTORS,file2_2025-apr-sep,4249.95,3794.5982142857138,189.7299107142857,6.0,6.0,0,12,227.67589285714283,227.67589285714283,0.0,4249.95
AMLA MURABBA 1 KG,आंवला मुरब्बा 1 किग्रा,2026-07-07,2025-08-21,2025-07-07,3,TI2603AAA2526,ADR2500034,05AAECK5765H1ZE,20079990,KANHA JI DISTRIBUTORS,file2_2025-apr-sep,478.53,427.2589285714285,142.41964285714283,6.0,6.0,0,12,25.635535714285712,25.635535714285712,0.0,478.5299999999999
Mahavat Vidhvansan Ras 5 Gm,महावत विध्वंसन रस 5 ग्राम,2031-05-10,2025-08-21,2021-07-01,25,TI2603AAA2526,BMVR210003,05AAECK5765H1ZE,30049011,KANHA JI DISTRIBUTORS,file2_2025-apr-sep,729.23,694.504761904762,27.780190476190477,2.5,2.5,0,5,17.36261904761905,17.36261904761905,0.0,729.2300000000001
DIVYA GOKHRU KWATH 100 GM (JAR)-T,दिव्य गोखरू क्वाथ 100 ग्राम (जार),2027-06-05,2025-08-21,2025-07-05,20,TI2603AAA2526,AGKK250025,05AAECK5765H1ZE,30049011,KANHA JI DISTRIBUTORS,file2_2025-apr-sep,1333.25,1190.4017857142856,59.52008928571428,6.0,6.0,0,12,71.42410714285714,71.42410714285714,0.0,1333.2499999999998
DRISHTI EYE DROP 10 ML (NEW),दृष्टि नेत्र ड्रॉप 10 मि.ली. (नया),2026-06-02,2025-08-21,2025-07-02,40,TI2603AAA2526,AAST250034,05AAECK5765H1ZE,30049011,KANHA JI DISTRIBUTORS,file2_2025-apr-sep,637.95,569.5982142857142,14.239955357142856,6.0,6.0,0,12,34.175892857142856,34.175892857142856,0.0,637.9499999999998
BADAM PAK 500 G,बादाम पाक 500 ग्राम,2027-06-15,2025-08-21,2025-06-25,6,TI2603AAA2526,ACY2500007,05AAECK5765H1ZE,30049011,KANHA JI DISTRIBUTORS,file2_2025-apr-sep,1315.98,1174.9821428571427,195.8303571428571,6.0,6.0,0,12,70.49892857142856,70.49892857142856,0.0,1315.98
ALMOND (BADAM) 250 GM (MONO),बादाम 250 ग्राम,2026-01-08,2025-08-21,2025-07-12,5,TI2603AAA2526,AART250025,05AAECK5765H1ZE,8021100,KANHA JI DISTRIBUTORS,file2_2025-apr-sep,1632.51,1457.5982142857142,291.51964285714286,6.0,6.0,0,12,87.45589285714286,87.45589285714286,0.0,1632.5099999999998
CASHEW (KAJU) 250 GM (MONO),काजू 250 ग्राम,2026-01-04,2025-08-21,2025-07-08,2,TI2603AAA2526,AARW250018,05AAECK5765H1ZE,8013220,KANHA JI DISTRIBUTORS,file2_2025-apr-sep,654.76,623.5809523809523,311.79047619047617,2.5,2.5,0,5,15.589523809523808,15.589523809523808,0.0,654.76
DIVYA IMMUNOGRIT GOLD CAPSULE 30 N - T,दिव्य इम्यूनोग्रिट गोल्ड कैप्सूल 30 नग,2028-07-01,2025-08-21,2025-08-01,5,TI2603AAA2526,ADGG250004,05AAECK5765H1ZE,30049011,KANHA JI DISTRIBUTORS,file2_2025-apr-sep,4499.99,4017.8482142857138,803.5696428571428,6.0,6.0,0,12,241.07089285714284,241.07089285714284,0.0,4499.99
DIVYA THYROGRIT TABLET 60 N - T,दिव्य थायरोग्रिट टैबलेट 60 नग,2028-05-20,2025-08-21,2025-06-20,10,TI2603AAA2526,BTGT250014,05AAECK5765H1ZE,30049011,KANHA JI DISTRIBUTORS,file2_2025-apr-sep,2250.0,2008.9285714285713,200.89285714285714,6.0,6.0,0,12,120.53571428571428,120.53571428571428,0.0,2250.0
DIVYA PEEDANIL GOLD TABLET (100 PC) - T,दिव्य पीड़ानिल गोल्ड टैबलेट (100 नग),2028-07-01,2025-08-21,2025-08-02,10,TI2603AAA2526,APGT250027,05AAECK5765H1ZE,30049011,KANHA JI DISTRIBUTORS,file2_2025-apr-sep,3600.0,3214.2857142857138,321.4285714285714,6.0,6.0,0,12,192.85714285714283,192.85714285714283,0.0,3599.999999999999
DIVYA SHILAJEET SAT - 20 G,दिव्य शिलाजीत सत 20 ग्राम,2030-05-31,2025-08-21,2025-06-30,10,TI2603AAA2526,BSHS250005,05AAECK5765H1ZE,30049011,KANHA JI DISTRIBUTORS,file2_2025-apr-sep,1083.29,1031.7047619047619,103.1704761904762,2.5,2.5,0,5,25.792619047619045,25.792619047619045,0.0,1083.2900000000002
AASTHA BHIMSENI KAPOOR-200G FREEGANGAJAL,आस्था भीमसेनी कपूर 200 ग्राम (फ्री गंगाजल),2027-03-28,2025-08-03,2025-04-28,5,TI30219AAA2526,ABEB250004,05AELPS3782C1ZD,29142922,DEEPAK TRADERS,file2_2025-apr-sep,1552.05,1315.2966101694915,263.0593220338983,9.0,9.0,0,18,118.37669491525423,118.37669491525423,0.0,1552.0499999999997
AASTHA GANGAJAL -100 ML,आस्था गंगाजल 100 मि.ली.,2030-01-02,2025-08-03,2025-01-28,7,TI30219AAA2526,ABEQ250001,05AELPS3782C1ZD,22019090,DEEPAK TRADERS,file2_2025-apr-sep,0.0,0.0,0.0,9.0,9.0,0,18,0.0,0.0,0.0,0.0
HERBAL WASH DETERGENT POWDER 1 KG,हर्बल वॉश डिटर्जेंट पाउडर 1 किग्रा,2030-06-23,2025-09-04,2025-06-24,1,TI2882AAA2526,AM92500053,05AAECK5765H1ZE,34029011,KANHA JI DISTRIBUTORS,file2_2025-apr-sep,1517.48,1286.0,1286.0,9.0,9.0,0,18,115.74,115.74,0.0,1517.48
HERBO WASH DETERGENT POWDER 1 KG,हर्बो वॉश डिटर्जेंट पाउडर 1 किग्रा,2030-08-11,2025-09-04,2025-08-12,1,TI2882AAA2526,AN52500033,05AAECK5765H1ZE,34029011,KANHA JI DISTRIBUTORS,file2_2025-apr-sep,1842.87,1561.7542372881355,1561.7542372881355,9.0,9.0,0,18,140.5578813559322,140.5578813559322,0.0,1842.8700000000001
KHAND 1 KG,खांड 1 किग्रा,2026-08-20,2025-09-04,2025-08-20,1,TI2882AAA2526,AARQ250067,05AAECK5765H1ZE,17011420,KANHA JI DISTRIBUTORS,file2_2025-apr-sep,2697.03,2568.6,2568.6,2.5,2.5,0,5,64.215,64.215,0.0,2697.03
ATTA NOODLES DESI MASALA 60 GM (96 PC)-T,आटा नूडल्स देसी मसाला 60 ग्राम (96 नग),2026-05-19,2025-09-04,2025-08-22,2,TI2882AAA2526,DM220825,05AAECK5765H1ZE,19022090,KANHA JI DISTRIBUTORS,file2_2025-apr-sep,1845.04,1647.3571428571427,823.6785714285713,6.0,6.0,0,12,98.84142857142855,98.84142857142855,0.0,1845.04
ATTA NOODLES CHATPATA FAMILY PACK 240 GM,आटा नूडल्स चटपटा फैमिली पैक 240 ग्राम,2026-02-12,2025-09-04,2025-05-18,1,TI2882AAA2526,CHF180525,05AAECK5765H1ZE,19022090,KANHA JI DISTRIBUTORS,file2_2025-apr-sep,902.36,805.6785714285713,805.6785714285713,6.0,6.0,0,12,48.34071428571428,48.34071428571428,0.0,902.3599999999999
SUPER DISHWASH BAR-RS10/- (T.O. FREE 3N),सुपर डिशवॉश बार ₹10/- (ट्रेड ऑफर फ्री 3 नग),2028-08-18,2025-09-04,2025-08-19,2,TI2882AAA2526,AAXY250179,05AAECK5765H1ZE,34011941,KANHA JI DISTRIBUTORS,file2_2025-apr-sep,1039.34,880.7966101694915,440.39830508474574,9.0,9.0,0,18,79.27169491525423,79.27169491525423,0.0,1039.34
FORTIFIED SUNFLOWER OIL 1 LTR (P) - T,फोर्टिफाइड सूरजमुखी तेल 1 लीटर,2026-05-22,2025-09-04,2025-08-25,1,TI2882AAA2526,BR2A250028,05AAECK5765H1ZE,15121910,KANHA JI DISTRIBUTORS,file2_2025-apr-sep,1885.09,1795.3238095238094,1795.3238095238094,2.5,2.5,0,5,44.88309523809523,44.88309523809523,0.0,1885.0899999999997
DIVYA SWASARI PRAVAHI - 250 ML - T,दिव्य स्वासारी प्रवाही 250 मि.ली.,2028-06-10,2025-09-04,2025-07-10,1,TI2882AAA2526,BSSP250030,05AAECK5765H1ZE,30049011,KANHA JI DISTRIBUTORS,file2_2025-apr-sep,2635.14,2352.803571428571,2352.803571428571,6.0,6.0,0,12,141.16821428571427,141.16821428571427,0.0,2635.14
IODIZED NAMAK 1 KG (NEW) - T,आयोडीन युक्त नमक 1 किग्रा (नया),2027-03-22,2025-09-04,2025-04-01,1,TI2882AAA2526,BS-25/04,05AAECK5765H1ZE,25010010,KANHA JI DISTRIBUTORS,file2_2025-apr-sep,310.0,310.0,310.0,0.0,0.0,0,0,0.0,0.0,0.0,310.0
PUSHTAHAR DALIA 500 G,पुष्टाहार दलिया 500 ग्राम,2026-05-15,2025-09-04,2025-08-18,1,TI2882AAA2526,PDCQ250063,05AAECK5765H1ZE,11031900,KANHA JI DISTRIBUTORS,file2_2025-apr-sep,1254.96,1195.2,1195.2,2.5,2.5,0,5,29.88,29.88,0.0,1254.9600000000003
LIVAMRIT SYRUP - 200 ML,लिवामृत सिरप 200 मि.ली.,2027-06-01,2025-09-04,2025-07-01,1,TI2882AAA2526,A8B2500076,05AAECK5765H1ZE,30049011,KANHA JI DISTRIBUTORS,file2_2025-apr-sep,2325.77,2076.580357142857,2076.580357142857,6.0,6.0,0,12,124.59482142857141,124.59482142857141,0.0,2325.7699999999995
TRADITIONALWHOLE WHEAT ATTA10KG(10*3)UK,पारंपरिक गेहूं का आटा 10 किग्रा (10×3) (यूके),2025-11-23,2025-09-04,2025-07-26,2,TI2882AAA2526,PDCDR25004,05AAECK5765H1ZE,11010000,KANHA JI DISTRIBUTORS,file2_2025-apr-sep,2367.92,2255.1619047619047,1127.5809523809523,2.5,2.5,0,5,56.37904761904761,56.37904761904761,0.0,2367.9199999999996
TRADITIONAL WHOLE WHEAT ATTA5KG(5*6)UK,पारंपरिक गेहूं का आटा 5 किग्रा (5×6) (यूके),2025-12-06,2025-09-04,2025-08-08,1,TI2882AAA2526,PDCDS25003,05AAECK5765H1ZE,11010000,KANHA JI DISTRIBUTORS,file2_2025-apr-sep,1237.76,1178.8190476190475,1178.8190476190475,2.5,2.5,0,5,29.470476190476187,29.470476190476187,0.0,1237.7599999999998
PATANJALI MUSTARD OIL 770 GM PP,पतंजलि सरसों का तेल 770 ग्राम पीपी,2026-07-31,2025-09-04,2025-07-31,2,TI2882AAA2526,OCDH250005,05AAECK5765H1ZE,15149920,KANHA JI DISTRIBUTORS,file2_2025-apr-sep,3455.77,3291.2095238095235,1645.6047619047617,2.5,2.5,0,5,82.28023809523809,82.28023809523809,0.0,3455.7699999999995
SUGAR 1 KG,चीनी 1 किग्रा,2027-07-05,2025-09-04,2025-07-15,1,TI2882AAA2526,BAGQ250053,05AAECK5765H1ZE,17011490,KANHA JI DISTRIBUTORS,file2_2025-apr-sep,1938.83,1846.5047619047618,1846.5047619047618,2.5,2.5,0,5,46.162619047619046,46.162619047619046,0.0,1938.83
DOODH BISCUIT 35 GM (200 PC),दूध बिस्किट 35 ग्राम (200 नग),2026-02-19,2025-09-04,2025-08-23,1,TI2882AAA2526,HR25/AV9,05AAECK5765H1ZE,19053100,KANHA JI DISTRIBUTORS,file2_2025-apr-sep,851.96,722.0000000000001,722.0000000000001,9.0,9.0,0,18,64.98,64.98,0.0,851.9600000000002
CREAMFEAST ELAICHI BISCUIT 32.5 GM,क्रीमफीस्ट इलायची बिस्किट 32.5 ग्राम,2026-02-06,2025-09-04,2025-08-10,1,TI2882AAA2526,HE25/BP1,05AAECK5765H1ZE,19053100,KANHA JI DISTRIBUTORS,file2_2025-apr-sep,613.41,519.8389830508474,519.8389830508474,9.0,9.0,0,18,46.785508474576275,46.785508474576275,0.0,613.4100000000001
DIVYA ARJUN KWATH 100G,दिव्य अर्जुन क्वाथ 100 ग्राम,2027-07-02,2025-09-04,2025-08-02,1,TI2882AAA2526,AARK250046,05AAECK5765H1ZE,30049011,KANHA JI DISTRIBUTORS,file2_2025-apr-sep,1458.45,1389.0,1389.0,2.5,2.5,0,5,34.725,34.725,0.0,1458.4499999999998
DIVYA ARSHKALP VATI - 40 TAB,दिव्य अर्शकल्प वटी 40 टैबलेट,2028-06-24,2025-09-04,2025-07-25,20,TI2882AAA2526,BAKV250069,05AAECK5765H1ZE,30049011,KANHA JI DISTRIBUTORS,file2_2025-apr-sep,749.95,669.5982142857142,33.47991071428571,6.0,6.0,0,12,40.175892857142856,40.175892857142856,0.0,749.9499999999998
SWET MUSHLI CHURNA 100G (Ayu.Medicine),श्वेत मूसली चूर्ण 100 ग्राम (आयुर्वेदिक औषधि),2027-05-16,2025-09-04,2025-06-16,5,TI2882AAA2526,ABFF250031,05AAECK5765H1ZE,30049011,KANHA JI DISTRIBUTORS,file2_2025-apr-sep,1709.44,1628.0380952380951,325.60761904761904,2.5,2.5,0,5,40.70095238095237,40.70095238095237,0.0,1709.44
KESH KANTI HERBAL MEHANDI (NAT. BLACK)-T,केश कान्ति हर्बल मेहंदी (नेचुरल ब्लैक),2026-06-15,2025-09-04,2025-06-20,40,TI2882AAA2526,ANBL250156,05AAECK5765H1ZE,33059090,KANHA JI DISTRIBUTORS,file2_2025-apr-sep,636.73,539.6016949152543,13.490042372881357,9.0,9.0,0,18,48.56415254237289,48.56415254237289,0.0,636.73
BANDHANI HING 50 GM (NEW) - T,बंधनी हींग 50 ग्राम (नया),2026-12-29,2025-09-04,2025-07-07,12,TI2882AAA2526,CASY250010,05AAECK5765H1ZE,13019013,KANHA JI DISTRIBUTORS,file2_2025-apr-sep,972.86,926.5333333333333,77.21111111111111,2.5,2.5,0,5,23.16333333333333,23.16333333333333,0.0,972.8599999999999
