item_name,hindi_name,exp_date,invoice_date,mfg_date,quantity,sgst_rate,invoice_no,cgst_rate,batch_no,Item_Net_Amount,supplier_gstin,total_gst_rate,hsn_code,igst_rate,mrp,igst_amount,supplier_name,data_source
APPLE VINEGAR 500 ML,सेब का सिरका 500 मि.ली.,2025-09-05,2024-04-04,2024-03-14,1,9,TI53AAA2425,9,AB52400009,2463.27,05AAECK5765H1ZE,18,22090090,0,130,0,KANHA JI DISTRIBUTORS,file1_2024-2025
DOODH BISCUIT 35 GM (200 PC),दूध बिस्किट 35 ग्राम (200 नग),2024-09-14,2024-04-04,2024-03-18,1,9,TI53AAA2425,9,CL24/BP1,844.88,05AAECK5765H1ZE,18,19053100,0,5,0,KANHA JI DISTRIBUTORS,file1_2024-2025
ALOEVERA KANTI BODY CLN.150G MNTHLY PACK,एलोवेरा कान्ति बॉडी क्लीन्ज़र 150 ग्राम मासिक पैक,2026-02-07,2024-04-04,2024-02-08,1,9,TI53AAA2425,9,AAUI240007,2228.31,05AAECK5765H1ZE,18,34011941,0,115,0,KANHA JI DISTRIBUTORS,file1_2024-2025
HALDICHNDN KANTI BODYCLN.150G MNTHLY PAC,हल्दी-चंदन कान्ति बॉडी क्लीन्ज़र 150 ग्राम मासिक पैक,2026-01-22,2024-04-04,2024-01-23,1,9,TI53AAA2425,9,AAUH240007,2409.62,05AAECK5765H1ZE,18,34011941,0,130,0,KANHA JI DISTRIBUTORS,file1_2024-2025
DOODH BISCUIT 70 GM (100 PC),दूध बिस्किट 70 ग्राम (100 नग),2024-09-09,2024-04-04,2024-03-13,1,9,TI53AAA2425,9,CG24/BP1,844.88,05AAECK5765H1ZE,18,19053100,0,10,0,KANHA JI DISTRIBUTORS,file1_2024-2025
FORTIFIED SOYABEAN OIL 1 LTR (P) - T,फोर्टिफाइड सोयाबीन तेल 1 लीटर,2024-12-17,2024-04-04,2024-03-22,1,2.5,TI53AAA2425,2.5,BR2B240017,1334.47,05AAECK5765H1ZE,5,15079010,0,125,0,KANHA JI DISTRIBUTORS,file1_2024-2025
SESAME OIL 1 L (B)-T,तिल का तेल 1 लीटर,2024-11-17,2024-04-04,2024-02-21,1,2.5,TI53AAA2425,2.5,JACQ240015,3450.89,05AAECK5765H1ZE,5,15155091,0,340,0,KANHA JI DISTRIBUTORS,file1_2024-2025
HERBO WASH DETERGENT POWDER 1 KG-T,हर्बो वॉश डिटर्जेंट पाउडर 1 किग्रा,2029-02-20,2024-04-04,2024-02-22,1,9,TI53AAA2425,9,BN52400009,1826.35,05AAECK5765H1ZE,18,34029011,0,85,0,KANHA JI DISTRIBUTORS,file1_2024-2025
HERBAL WASH DETERGENT POWDER 1 KG-T,हर्बल वॉश डिटर्जेंट पाउडर 1 किग्रा,2029-02-06,2024-04-04,2024-02-08,1,9,TI53AAA2425,9,BM92400015,1503.91,05AAECK5765H1ZE,18,34029011,0,70,0,KANHA JI DISTRIBUTORS,file1_2024-2025
MUSTARD OIL 5 L (J)-T,सरसों का तेल 5 लीटर,2025-02-13,2024-04-04,2024-02-19,1,2.5,TI53AAA2425,2.5,N3B2400005,2653.01,05AAECK5765H1ZE,5,15149920,0,725,0,KANHA JI DISTRIBUTORS,file1_2024-2025
MUSTARD OIL 1 L (P)-T,सरसों का तेल 1 लीटर,2025-03-06,2024-04-04,2024-03-11,4,2.5,TI53AAA2425,2.5,N2B2400018,6033.89,05AAECK5765H1ZE,5,15149920,0,140,0,KANHA JI DISTRIBUTORS,file1_2024-2025
MUSTARD OIL 1 L (B)-T,सरसों का तेल 1 लीटर,2025-03-06,2024-04-04,2024-03-11,1,2.5,TI53AAA2425,2.5,N1B2400030,1562.4,05AAECK5765H1ZE,5,15149920,0,145,0,KANHA JI DISTRIBUTORS,file1_2024-2025
TRADITIONAL WHOLE WHEAT ATTA 10 KG(UK),पारंपरिक गेहूं का आटा 10 किग्रा (यूके),2024-06-15,2024-04-04,2024-02-16,2,2.5,TI53AAA2425,2.5,PDBKP24005,3677.31,05AAECK5765H1ZE,5,11010000,0,410,0,KANHA JI DISTRIBUTORS,file1_2024-2025
TURMERIC POWDER 200 GM,हल्दी पाउडर 200 ग्राम,2025-02-15,2024-04-04,2024-02-21,1,2.5,TI53AAA2425,2.5,AJC2400008,1368.88,05AAECK5765H1ZE,5,9103030,0,68,0,KANHA JI DISTRIBUTORS,file1_2024-2025
NEEM KANTI BODY CLNSR.150GM MONTHLY PACK,नीम कान्ति बॉडी क्लीन्ज़र 150 ग्राम मासिक पैक,2026-02-27,2024-04-04,2024-02-28,1,9,TI53AAA2425,9,AAUG240011,2228.31,05AAECK5765H1ZE,18,34011941,0,115,0,KANHA JI DISTRIBUTORS,file1_2024-2025
KESH KANTI ADV. H.H. EXPERT SHAMPO-100ML,केश कान्ति एडवांस हेयर एक्सपर्ट शैम्पू 100 मि.ली.,2026-02-08,2024-04-04,2024-02-09,1,9,TI53AAA2425,9,AAWT240002,3090.45,05AAECK5765H1ZE,18,33051090,0,120,0,KANHA JI DISTRIBUTORS,file1_2024-2025
KESH KANTI ADVANCE H.HAIR EXPERTOIL100ML,केश कान्ति एडवांस हेयर एक्सपर्ट ऑयल 100 मि.ली.,2025-12-31,2024-04-04,2024-01-11,1,9,TI53AAA2425,9,AATV240002,6897.56,05AAECK5765H1ZE,18,33059019,0,400,0,KANHA JI DISTRIBUTORS,file1_2024-2025
PUSHTAHAR DALIA 500 G,पुष्टाहार दलिया 500 ग्राम,2024-12-15,2024-04-04,2024-03-20,1,2.5,TI53AAA2425,2.5,PDCQ240019,1141.88,05AAECK5765H1ZE,5,11031900,0,45,0,KANHA JI DISTRIBUTORS,file1_2024-2025
KHAND 1 KG,खांड 1 किग्रा,2025-03-15,2024-04-04,2024-03-20,1,2.5,TI53AAA2425,2.5,AARQ240011,2553.71,05AAECK5765H1ZE,5,17011420,0,100,0,KANHA JI DISTRIBUTORS,file1_2024-2025
KESH KANTI REETHA HAIR CLEANSER 180 ML,केश कान्ति रीठा हेयर क्लींज़र 180 मि.ली.,2026-01-26,2024-04-04,2024-02-06,1,9,TI53AAA2425,9,ABAB240002,3344.98,05AAECK5765H1ZE,18,33051090,0,120,0,KANHA JI DISTRIBUTORS,file1_2024-2025
ATTA NOODLES CHATPATA-60 GM (96 PC) - T,आटा नूडल्स चटपटा 60 ग्राम (96 नग),2024-11-19,2024-04-04,2024-02-23,1,6,TI53AAA2425,6,CH230224,917.15,05AAECK5765H1ZE,12,19022090,0,12,0,KANHA JI DISTRIBUTORS,file1_2024-2025
TUVAR DAL 1000 GM (R1),अरहर दाल 1000 ग्राम,2024-11-15,2024-04-04,2024-02-19,1,2.5,TI53AAA2425,2.5,BPRAD24005,1930.85,05AAECK5765H1ZE,5,7136000,0,225,0,KANHA JI DISTRIBUTORS,file1_2024-2025
SABZI MASALA 100 GM (30 pcs),सब्जी मसाला 100 ग्राम (30 नग),2025-03-07,2024-04-04,2024-03-12,1,2.5,TI53AAA2425,2.5,AFI2400009,1308.47,05AAECK5765H1ZE,5,9109100,0,65,0,KANHA JI DISTRIBUTORS,file1_2024-2025
DANT KANTI NATURAL(200GX3)BIG SAVER PACK,दंत कान्ति नेचुरल (200 ग्राम × 3) बड़ा बचत पैक,2026-02-18,2024-04-04,2024-02-29,1,9,TI53AAA2425,9,AAPW240008,5610,05AAECK5765H1ZE,18,33061020,0,280,0,KANHA JI DISTRIBUTORS,file1_2024-2025
DIVYA GODHAN ARK - 450ML,दिव्य गोधन अर्क 450 मि.ली.,2025-01-28,2024-04-04,2024-02-03,1,6,TI53AAA2425,6,AGDA240007,816.7,05AAECK5765H1ZE,12,30049011,0,50,0,KANHA JI DISTRIBUTORS,file1_2024-2025
GONYLE FLOOR CLEANER - 5 LTR,गोनाइल फ्लोर क्लीनर 5 लीटर,2025-02-27,2024-04-04,2024-03-04,1,9,TI53AAA2425,9,0161/23-24,1066.6,05AAECK5765H1ZE,18,38084000,0,330,0,KANHA JI DISTRIBUTORS,file1_2024-2025
GILOY JUICE 500 ML,गिलोय रस 500 मि.ली.,2025-03-01,2024-04-04,2024-03-01,1,6,TI53AAA2425,6,PFY2400004,854.52,05AAECK5765H1ZE,12,30049011,0,90,0,KANHA JI DISTRIBUTORS,file1_2024-2025
ALOEVERA JUICE 1 L (FIBRE),एलोवेरा रस (फाइबर युक्त) 1 लीटर,2024-12-02,2024-04-04,2024-03-07,1,6,TI53AAA2425,6,PGD2400100,1754.68,05AAECK5765H1ZE,12,30049011,0,210,0,KANHA JI DISTRIBUTORS,file1_2024-2025
BURA 1 KG,बूरा 1 किग्रा,2024-12-01,2024-04-04,2024-03-06,1,2.5,TI53AAA2425,2.5,AKI2400028,2020.41,05AAECK5765H1ZE,5,17029090,0,75,0,KANHA JI DISTRIBUTORS,file1_2024-2025
SABUDANA 500 GM,साबूदाना 500 ग्राम,2024-09-08,2024-04-04,2024-03-12,10,2.5,TI53AAA2425,2.5,AALX240014,592.1,05AAECK5765H1ZE,5,19030000,0,70,0,KANHA JI DISTRIBUTORS,file1_2024-2025
Divya Jwar Nashak Vati 40 Tab,दिव्य ज्वर नाशक वटी 40 टैबलेट,2026-11-19,2024-04-04,2023-12-05,20,6,TI54AAA2425,6,AJNV230018,916.61,05AAECK5765H1ZE,12,30049011,0,55,0,KANHA JI DISTRIBUTORS,file1_2024-2025
DIVYA ASHWAGANDHA CHURNA - 100 GM,दिव्य अश्वगंधा चूर्ण 100 ग्राम,2026-01-23,2024-04-04,2024-02-03,25,2.5,TI54AAA2425,2.5,AAGC240013,1735.39,05AAECK5765H1ZE,5,30049011,0,85,0,KANHA JI DISTRIBUTORS,file1_2024-2025
ALOE SOFT MOISTURIZING CREAM-50 G,एलो सॉफ्ट मॉइस्चराइजिंग क्रीम 50 ग्राम,2026-01-09,2024-04-04,2024-01-10,24,9,TI54AAA2425,9,ABHW240001,1874.08,05AAECK5765H1ZE,18,33049930,0,100,0,KANHA JI DISTRIBUTORS,file1_2024-2025
DIVYA SHILAJEET DROPS 30 ML - T,दिव्य शिलाजीत ड्रॉप्स 30 मि.ली.,2025-12-30,2024-04-04,2024-01-10,20,6,TI54AAA2425,6,BSJD240001,2041.76,05AAECK5765H1ZE,12,30049011,0,125,0,KANHA JI DISTRIBUTORS,file1_2024-2025
ROSE FACE WASH 60 G,गुलाब फेस वॉश 60 ग्राम,2025-04-09,2024-04-04,2023-10-17,12,9,TI54AAA2425,9,AIO2300004,499.95,05AAECK5765H1ZE,18,34013090,0,55,0,KANHA JI DISTRIBUTORS,file1_2024-2025
SAUNDARYA ALOEVERA GEL K.CHANDAN 60 ML,सौंदर्य एलोवेरा जेल केसर-चंदन 60 मि.ली.,2025-08-08,2024-04-04,2024-02-15,24,9,TI54AAA2425,9,AAHU240004,1163.62,05AAECK5765H1ZE,18,33049910,0,60,0,KANHA JI DISTRIBUTORS,file1_2024-2025
BEAUTY CREAM ADV.- 50 G,ब्यूटी क्रीम एडवांस 50 ग्राम,2025-11-19,2024-04-04,2023-11-20,36,9,TI54AAA2425,9,ABED230015,2648.16,05AAECK5765H1ZE,18,33049910,0,95,0,KANHA JI DISTRIBUTORS,file1_2024-2025
CRACK HEAL CREAM 50 G,क्रैक हील क्रीम 50 ग्राम,2026-01-11,2024-04-04,2024-01-12,36,9,TI54AAA2425,9,AAE2400001,1672.7,05AAECK5765H1ZE,18,33049990,0,60,0,KANHA JI DISTRIBUTORS,file1_2024-2025
Divya Gulab Jal 120 ml-DUP,दिव्य गुलाब जल 120 मि.ली.,2025-01-28,2024-04-04,2024-02-03,30,9,TI54AAA2425,9,BGLJ240013,857.39,05AAECK5765H1ZE,18,33030020,0,35,0,KANHA JI DISTRIBUTORS,file1_2024-2025
DRISHTI EYE DROP 10 ML (NEW),दृष्टि नेत्र ड्रॉप 10 मि.ली. (नया),2025-03-18,2024-04-04,2024-03-18,40,6,TI54AAA2425,6,AAST240009,633.02,05AAECK5765H1ZE,12,30049011,0,20,0,KANHA JI DISTRIBUTORS,file1_2024-2025
KESH KANTI HERBAL MEHANDI (NAT. BLACK)-T,केश कान्ति हर्बल मेहंदी (नेचुरल ब्लैक),2024-12-26,2024-04-04,2024-01-01,20,9,TI54AAA2425,9,ANBL240021,315.77,05AAECK5765H1ZE,18,33059090,0,20,0,KANHA JI DISTRIBUTORS,file1_2024-2025
BOROSAFE ANTISEPTIC 50 GM CREAM,बोरोज़सेफ एंटीसेप्टिक क्रीम 50 ग्राम,2025-11-24,2024-04-04,2023-12-05,36,9,TI54AAA2425,9,AJG2300009,1254.53,05AAECK5765H1ZE,18,33049910,0,45,0,KANHA JI DISTRIBUTORS,file1_2024-2025
BADAM PAK 250 G,बादाम पाक 250 ग्राम,2026-01-04,2024-04-04,2024-01-05,6,6,TI54AAA2425,6,ACX2400001,688.4,05AAECK5765H1ZE,12,30049011,0,145,0,KANHA JI DISTRIBUTORS,file1_2024-2025
BADAM PAK 500 G,बादाम पाक 500 ग्राम,2026-02-08,2024-04-04,2024-02-19,6,6,TI54AAA2425,6,ACY2400003,1305.56,05AAECK5765H1ZE,12,30049011,0,275,0,KANHA JI DISTRIBUTORS,file1_2024-2025
DIVYA DHARA 10 ML (800 PC),दिव्य धारा 10 मि.ली. (800 नग),2026-11-22,2024-04-04,2023-12-08,10,6,TI54AAA2425,6,ADYD230046,367.47,05AAECK5765H1ZE,12,30049011,0,45,0,KANHA JI DISTRIBUTORS,file1_2024-2025
KESH KANTI ADVANCE H.HAIR EXPERTOIL 30ML,केश कान्ति एडवांस हेयर एक्सपर्ट ऑयल 30 मि.ली.,2025-12-26,2024-04-04,2023-12-27,6,9,TI54AAA2425,9,AAUK230011,416.38,05AAECK5765H1ZE,18,33059019,0,100,0,KANHA JI DISTRIBUTORS,file1_2024-2025
MOISTURIZER CREAM-50 G,मॉइस्चराइज़र क्रीम 50 ग्राम,2026-01-03,2024-04-04,2024-01-04,24,9,TI54AAA2425,9,ABHI240001,1874.08,05AAECK5765H1ZE,18,33049930,0,100,0,KANHA JI DISTRIBUTORS,file1_2024-2025
SAUNDARYA FACE WASH 100 G,सौंदर्य फेस वॉश 100 ग्राम,2026-01-13,2024-04-04,2024-01-24,24,9,TI54AAA2425,9,ANT2400006,1909.06,05AAECK5765H1ZE,18,34013090,0,105,0,KANHA JI DISTRIBUTORS,file1_2024-2025
ROGHAN BADAM SHIRIN - 150 ML - T,रोगन बादाम शिरीन 150 मि.ली.,2026-10-09,2024-04-04,2023-10-25,6,2.5,TI54AAA2425,2.5,BRBS230030,1935,05AAECK5765H1ZE,5,30049011,0,450,0,KANHA JI DISTRIBUTORS,file1_2024-2025
ROGHAN BADAM SHIRIN - 60 ML - T,रोगन बादाम शिरीन 60 मि.ली.,2026-11-04,2024-04-04,2023-11-20,12,2.5,TI54AAA2425,2.5,BRBS230034,1634.03,05AAECK5765H1ZE,5,30049011,0,190,0,KANHA JI DISTRIBUTORS,file1_2024-2025
Punarnavadi Mandoor 60 Tab,पुनर्नवादि मांडूर 60 टैबलेट,2033-11-24,2024-04-04,2024-01-16,20,2.5,TI54AAA2425,2.5,BPNM240008,916.65,05AAECK5765H1ZE,5,30049011,0,55,0,KANHA JI DISTRIBUTORS,file1_2024-2025
DIVYA MEDHA VATI EX.POWER 30X4 TAB,दिव्य मेधा वटी एक्स्ट्रा पावर 30×4 टैबलेट,2029-02-04,2024-04-04,2024-03-02,20,6,TI54AAA2425,6,BMDE240019,4083.3,05AAECK5765H1ZE,12,30049011,0,250,0,KANHA JI DISTRIBUTORS,file1_2024-2025
TRADITIONAL WHOLE WHEAT ATTA 10 KG(UK),पारंपरिक गेहूं का आटा 10 किग्रा (यूके),2024-06-15,2024-04-10,2024-02-16,1,2.5,TI182AAA2425,2.5,PDBKP24005,1838.66,05AAECK5765H1ZE,5,11010000,0,410,0,KANHA JI DISTRIBUTORS,file1_2024-2025
MAKHANA 250 GM,मखाना 250 ग्राम,2025-01-09,2024-04-10,2024-03-15,1,2.5,TI182AAA2425,2.5,AALI240021,5262.77,05AAECK5765H1ZE,5,8029000,0,370,0,KANHA JI DISTRIBUTORS,file1_2024-2025
SOOJI - 500 GM,सूजी 500 ग्राम,2024-07-25,2024-04-10,2024-03-27,1,2.5,TI182AAA2425,2.5,PDR8240019,801.21,05AAECK5765H1ZE,5,11010000,0,35,0,KANHA JI DISTRIBUTORS,file1_2024-2025
RICE BRAN OIL 1 LTR (P),चावल की भूसी का तेल 1 लीटर,2024-12-26,2024-04-10,2024-03-31,1,2.5,TI182AAA2425,2.5,ORE2400025,1346.81,05AAECK5765H1ZE,5,15159040,0,125,0,KANHA JI DISTRIBUTORS,file1_2024-2025
NAMKEEN BISCUIT 70G,नमकीन बिस्किट 70 ग्राम,2024-09-04,2024-04-10,2024-03-08,1,9,TI182AAA2425,9,CC24/BP1,422.44,05AAECK5765H1ZE,18,19059020,0,10,0,KANHA JI DISTRIBUTORS,file1_2024-2025
GONYLE FLOOR CLEANER - 1 LTR,गोनाइल फ्लोर क्लीनर 1 लीटर,2025-03-03,2024-04-10,2024-03-08,1,9,TI182AAA2425,9,0629/23-24,618.63,05AAECK5765H1ZE,18,38084000,0,70,0,KANHA JI DISTRIBUTORS,file1_2024-2025
COW GHEE 1L WITH ASTHA GOLDEN DHOOP 16N,गाय का घी 1 लीटर + आस्था गोल्डन धूप 16 नग,2024-12-06,2024-04-10,2024-03-11,1,6,TI182AAA2425,6,FBRI240018,8879.43,05AAECK5765H1ZE,12,4059020,0,665,0,KANHA JI DISTRIBUTORS,file1_2024-2025
KESH KANTI ADV.H.HAIR EXPERTOIL-30ML T.O,केश कान्ति एडवांस हेयर एक्सपर्ट ऑयल 30 मि.ली. (ट्रेड ऑफर),2026-03-27,2024-04-10,2024-03-27,1,9,TI182AAA2425,9,ABHX240003,4163.84,05AAECK5765H1ZE,18,33059019,0,100,0,KANHA JI DISTRIBUTORS,file1_2024-2025
SAUNDARYA ALOEVERA GEL 150MLB2G1 GEL F.W,सौंदर्य एलोवेरा जेल 150 मि.ली. (खरीदो 2 पाओ 1),2025-08-19,2024-04-10,2024-02-26,12,9,TI183AAA2425,9,ABEC240057,1939.26,05AAECK5765H1ZE,18,33049990,0,200,0,KANHA JI DISTRIBUTORS,file1_2024-2025
K.K. COLOR DARK BROWN (CREAM & DEV)-T,के.के. कलर गाढ़ा भूरा (क्रीम एवं डेवलपर),2025-02-24,2024-04-10,2024-03-01,20,9,TI183AAA2425,9,ACDD240008,552.71,05AAECK5765H1ZE,18,33059090,0,35,0,KANHA JI DISTRIBUTORS,file1_2024-2025
SUN SCREEN CREAM SPF30- 50GM,सनस्क्रीन क्रीम SPF 30 - 50 ग्राम,2026-03-13,2024-04-10,2024-03-23,36,9,TI183AAA2425,9,AJW2400003,2787.69,05AAECK5765H1ZE,18,33049910,0,100,0,KANHA JI DISTRIBUTORS,file1_2024-2025
DIVYA KANTHAMRIT CHEWABLE TABLET 40 N -T,दिव्य कंठामृत चबाने योग्य टैबलेट 40 नग,2027-01-17,2024-04-10,2024-02-02,20,6,TI183AAA2425,6,ADKT240007,653.41,05AAECK5765H1ZE,12,30049011,0,40,0,KANHA JI DISTRIBUTORS,file1_2024-2025
DIVYA KANTHAMRIT CHEWABLE TABLET 80 N -T,दिव्य कंठामृत चबाने योग्य टैबलेट 80 नग,2027-01-05,2024-04-10,2024-01-21,20,6,TI183AAA2425,6,ADKT240006,1225.06,05AAECK5765H1ZE,12,30049011,0,75,0,KANHA JI DISTRIBUTORS,file1_2024-2025
DIVYA MUKTA VATI EXTRA POWER 30X4 TAB,दिव्य मुक्तावटी एक्स्ट्रा पावर 30,2029-02-07,2024-04-10,2024-03-05,20,6,TI183AAA2425,6,AMUE240029,3674.94,05AAECK5765H1ZE,12,30049011,0,225,0,KANHA JI DISTRIBUTORS,file1_2024-2025
Chandraprabha Vati 40 Tab,चंद्रप्रभा वटी 40 टैबलेट,2028-12-20,2024-04-10,2024-01-16,20,2.5,TI183AAA2425,2.5,BCPV240008,716.73,05AAECK5765H1ZE,5,30049011,0,43,0,KANHA JI DISTRIBUTORS,file1_2024-2025
Gokshuradi Guggul 40 Tab,गोक्षुरादि गुग्गुल 40 टैबलेट,2028-10-21,2024-04-10,2023-11-17,20,2.5,TI183AAA2425,2.5,BGKG230068,666.75,05AAECK5765H1ZE,5,30049011,0,40,0,KANHA JI DISTRIBUTORS,file1_2024-2025
Arjun Kwath 100 Gm,अर्जुन क्वाथ 100 ग्राम,2026-01-25,2024-04-10,2024-02-05,1,2.5,TI183AAA2425,2.5,AARK240027,1041.6,05AAECK5765H1ZE,5,30049011,0,25,0,KANHA JI DISTRIBUTORS,file1_2024-2025
AASTHA BOUQUET CONE DHOOP - 200 GM,आस्था बुके कोन धूप 200 ग्राम,2026-01-27,2024-04-20,2024-02-07,3,2.5,TI30031AAA2425,2.5,AAWA240005,215.87,05AELPS3782C1ZD,5,33074100,0,120,0,DEEPAK TRADERS,file1_2024-2025
AASTHA BOUQUET CONE DHOOP - 200 GM,आस्था बुके कोन धूप 200 ग्राम,2026-03-08,2024-04-20,2024-03-18,3,2.5,TI30031AAA2425,2.5,AAWA240012,215.87,05AELPS3782C1ZD,5,33074100,0,120,0,DEEPAK TRADERS,file1_2024-2025
AASTHA CHAMPA CONE DHOOP - 200 GM,आस्था चंपा कोन धूप 200 ग्राम,2026-02-28,2024-04-20,2024-03-10,4,2.5,TI30031AAA2425,2.5,AAUX240010,287.83,05AELPS3782C1ZD,5,33074100,0,120,0,DEEPAK TRADERS,file1_2024-2025
AASTHA CAMPHOR 25 GM,आस्था कपूर 25 ग्राम,2033-09-04,2024-04-20,2023-10-27,36,9,TI30031AAA2425,9,A9D2300073,1310.51,05AELPS3782C1ZD,18,29142922,0,60,0,DEEPAK TRADERS,file1_2024-2025
AASTHA ROSE DRY DHOOP STICK-200 G,आस्था गुलाब ड्राई धूप स्टिक 200 ग्राम,2026-01-19,2024-04-20,2024-01-30,4,2.5,TI30031AAA2425,2.5,ABHP240003,296.31,05AELPS3782C1ZD,5,33074100,0,120,0,DEEPAK TRADERS,file1_2024-2025
AASTHA SPECIAL ROSE DHOOP -10 N,आस्था स्पेशल गुलाब धूप 10 नग,2026-01-12,2024-04-20,2024-01-23,24,2.5,TI30031AAA2425,2.5,AABL240001,148.18,05AELPS3782C1ZD,5,33074100,0,10,0,DEEPAK TRADERS,file1_2024-2025
AASTHA SPECIAL ROSE DHOOP -10 N,आस्था स्पेशल गुलाब धूप 10 नग,2026-02-23,2024-04-20,2024-03-05,12,2.5,TI30031AAA2425,2.5,AABL240009,74.09,05AELPS3782C1ZD,5,33074100,0,10,0,DEEPAK TRADERS,file1_2024-2025
AASTHA SPECIAL GUGAL DHOOP -10 N,आस्था स्पेशल गुगल धूप 10 नग,2026-02-27,2024-04-20,2024-03-09,36,2.5,TI30031AAA2425,2.5,AABM240005,222.26,05AELPS3782C1ZD,5,33074100,0,10,0,DEEPAK TRADERS,file1_2024-2025
AASTHA COWS GHEE 200 ML - T,आस्था गाय का घी 200 मि.ली.,2024-10-28,2024-04-20,2024-02-01,30,6,TI30031AAA2425,6,NBAI240001,4102.22,05AELPS3782C1ZD,12,4059020,0,150,0,DEEPAK TRADERS,file1_2024-2025
AASTHA COWS GHEE 100 ML - T,आस्था गाय का घी 100 मि.ली.,2024-10-28,2024-04-20,2024-02-01,12,6,TI30031AAA2425,6,NBHO240002,918.09,05AELPS3782C1ZD,12,4059020,0,95,0,DEEPAK TRADERS,file1_2024-2025
AASTHA LONG COTTONWICK -30 GM,आस्था लंबी रूई बत्ती 30 ग्राम,2027-02-25,2024-04-20,2024-03-12,24,0,TI30031AAA2425,0,ABRP240001,696.72,05AELPS3782C1ZD,0,59080010,0,40,0,DEEPAK TRADERS,file1_2024-2025
AASTHA SANDAL DRY DHOOP STICK-200 G,आस्था चंदन ड्राई धूप स्टिक 200 ग्राम,2026-02-24,2024-04-20,2024-03-06,4,2.5,TI30031AAA2425,2.5,ABHQ240007,296.31,05AELPS3782C1ZD,5,33074100,0,120,0,DEEPAK TRADERS,file1_2024-2025
AASTHA RAJNIGANDHA DRY DHOOP STICK-200 G,आस्था रजनीगंधा ड्राई धूप स्टिक 200 ग्राम,2025-10-21,2024-04-20,2023-11-01,4,2.5,TI30031AAA2425,2.5,ABHR230019,296.31,05AELPS3782C1ZD,5,33074100,0,120,0,DEEPAK TRADERS,file1_2024-2025
RED CHILLI POWDER 100 GM,लाल मिर्च पाउडर 100 ग्राम,2025-02-20,2024-05-02,2024-02-26,1,2.5,TI622AAA2425,2.5,ABKC240002,2589.11,05AAECK5765H1ZE,5,9109100,0,65,0,KANHA JI DISTRIBUTORS,file1_2024-2025
SESAME OIL 1 L (B)-T,तिल का तेल 1 लीटर,2024-12-15,2024-05-02,2024-03-20,1,2.5,TI622AAA2425,2.5,JACQ240021,3450.89,05AAECK5765H1ZE,5,15155091,0,340,0,KANHA JI DISTRIBUTORS,file1_2024-2025
SUPER DISHWASH BAR-RS10/- (T.O. FREE 3N),सुपर डिशवॉश बार ₹10/- (ट्रेड ऑफर फ्री 3 नग),2027-04-10,2024-05-02,2024-04-10,2,9,TI622AAA2425,9,AAXY240078,1031.05,05AAECK5765H1ZE,18,34011941,0,10,0,KANHA JI DISTRIBUTORS,file1_2024-2025
KESH KANTI HERBAL MEHNDI-150 G,केश कान्ति हर्बल मेहंदी 150 ग्राम,2025-12-13,2024-05-02,2023-12-14,1,9,TI622AAA2425,9,ABNV230006,3004.79,05AAECK5765H1ZE,18,33059090,0,70,0,KANHA JI DISTRIBUTORS,file1_2024-2025
ALOEVERA JUICE 1 L (FIBRE),एलोवेरा रस (फाइबर युक्त) 1 लीटर,2024-12-27,2024-05-02,2024-04-01,1,6,TI622AAA2425,6,PGD2400142,1754.68,05AAECK5765H1ZE,12,30049011,0,210,0,KANHA JI DISTRIBUTORS,file1_2024-2025
AMLA JUICE 1 L,आंवला रस 1 लीटर,2025-03-23,2024-05-02,2024-03-28,1,6,TI622AAA2425,6,AGH2400080,1169.83,05AAECK5765H1ZE,12,30049011,0,140,0,KANHA JI DISTRIBUTORS,file1_2024-2025
AMLA ALOEVERA JUICE WHEAT GRASS 500ML,आंवला-एलोवेरा रस गेहूं घास युक्त 500 मि.ली.,2025-03-16,2024-05-02,2024-03-16,1,6,TI622AAA2425,6,ARW2400015,949.54,05AAECK5765H1ZE,12,30049011,0,100,0,KANHA JI DISTRIBUTORS,file1_2024-2025
TRADITIONAL WHOLE WHEAT ATTA 5 KG(UK),पारंपरिक गेहूं का आटा 5 किग्रा (यूके),2024-07-16,2024-05-02,2024-03-18,1,2.5,TI622AAA2425,2.5,PDBKQ24006,1542.66,05AAECK5765H1ZE,5,11010000,0,215,0,KANHA JI DISTRIBUTORS,file1_2024-2025
TRADITIONAL WHOLE WHEAT ATTA 10 KG(UK),पारंपरिक गेहूं का आटा 10 किग्रा (यूके),2024-06-15,2024-05-02,2024-02-16,1,2.5,TI622AAA2425,2.5,PDBKP24005,1838.66,05AAECK5765H1ZE,5,11010000,0,410,0,KANHA JI DISTRIBUTORS,file1_2024-2025
DIVYA ABHYARISHTA 450ML,दिव्य अभयारिष्ट 450 मि.ली.,2034-02-28,2024-05-02,2024-03-02,1,2.5,TI622AAA2425,2.5,ABY240012,1933.35,05AAECK5765H1ZE,5,30049011,0,145,0,KANHA JI DISTRIBUTORS,file1_2024-2025
ATTA NOODLES DESI MASALA 60 GM (96 PC)-T,आटा नूडल्स देसी मसाला 60 ग्राम (96 नग),2024-12-28,2024-05-02,2024-04-02,1,6,TI622AAA2425,6,DM020424,917.15,05AAECK5765H1ZE,12,19022090,0,12,0,KANHA JI DISTRIBUTORS,file1_2024-2025
DALIA 500 G,दलिया 500 ग्राम,2024-07-16,2024-05-02,2024-03-18,1,2.5,TI622AAA2425,2.5,PDCS240084,761.36,05AAECK5765H1ZE,5,11031900,0,30,0,KANHA JI DISTRIBUTORS,file1_2024-2025
NARIYAL BISCUIT 75 GM,नारियल बिस्किट 75 ग्राम,2024-10-05,2024-05-02,2024-04-08,1,9,TI622AAA2425,9,DC24/AV9,844.88,05AAECK5765H1ZE,18,19053100,0,10,0,KANHA JI DISTRIBUTORS,file1_2024-2025
DOODH BISCUIT 35 GM (200 PC),दूध बिस्किट 35 ग्राम (200 नग),2024-10-05,2024-05-02,2024-04-08,1,9,TI622AAA2425,9,DC24/BP1,844.88,05AAECK5765H1ZE,18,19053100,0,5,0,KANHA JI DISTRIBUTORS,file1_2024-2025
DOODH BISCUIT 70 GM (100 PC),दूध बिस्किट 70 ग्राम (100 नग),2024-10-09,2024-05-02,2024-04-12,1,9,TI622AAA2425,9,DG24/AV9,844.88,05AAECK5765H1ZE,18,19053100,0,10,0,KANHA JI DISTRIBUTORS,file1_2024-2025
NAMKEEN BISCUIT 35 GM,नमकीन बिस्किट 35 ग्राम,2024-09-06,2024-05-02,2024-03-10,1,9,TI622AAA2425,9,CC24/BP1,422.44,05AAECK5765H1ZE,18,19059020,0,5,0,KANHA JI DISTRIBUTORS,file1_2024-2025
CREAMFEAST CHOCO BISCUIT 35 GM,क्रीमफीस्ट चोको बिस्किट 35 ग्राम,2024-09-14,2024-05-02,2024-03-18,1,9,TI622AAA2425,9,CL24/BP1,584.52,05AAECK5765H1ZE,18,19053100,0,5,0,KANHA JI DISTRIBUTORS,file1_2024-2025
CREAMFEAST ELAICHI BISCUIT 35 GM,क्रीमफीस्ट इलायची बिस्किट 35 ग्राम,2024-10-02,2024-05-02,2024-04-05,1,9,TI622AAA2425,9,D524/BP1,584.52,05AAECK5765H1ZE,18,19053100,0,5,0,KANHA JI DISTRIBUTORS,file1_2024-2025
HIGH KICK KRACKER BISCUIT 66.6GM,हाई किक क्रैकर बिस्किट 66.6 ग्राम,2024-09-30,2024-05-02,2024-04-03,1,9,TI622AAA2425,9,DD24/BP1,506.93,05AAECK5765H1ZE,18,19059020,0,10,0,KANHA JI DISTRIBUTORS,file1_2024-2025
MARIE BISCUIT 75 GM (48 PC),मैरी बिस्किट 75 ग्राम (48 नग),2024-10-09,2024-05-02,2024-04-12,1,9,TI622AAA2425,9,DG24/BP1,405.54,05AAECK5765H1ZE,18,19053100,0,10,0,KANHA JI DISTRIBUTORS,file1_2024-2025
JEERA BISCUIT 70 GM,जीरा बिस्किट 70 ग्राम,2024-10-07,2024-05-02,2024-04-10,1,9,TI622AAA2425,9,DE24/BP1,608.31,05AAECK5765H1ZE,18,19053100,0,10,0,KANHA JI DISTRIBUTORS,file1_2024-2025
CRUNCHY COCONUT COOKIES 40 GM,क्रंची कोकोनट कुकीज़ 40 ग्राम,2024-09-07,2024-05-02,2024-03-11,1,9,TI622AAA2425,9,CF24/BP1,584.52,05AAECK5765H1ZE,18,19053100,0,5,0,KANHA JI DISTRIBUTORS,file1_2024-2025
ATTA NOODLES YUMMY MASALA 60 GM (96PC)-T,आटा नूडल्स यम्मी मसाला 60 ग्राम (96 नग),2024-12-02,2024-05-02,2024-03-07,1,6,TI622AAA2425,6,YM070324,917.15,05AAECK5765H1ZE,12,19022090,0,12,0,KANHA JI DISTRIBUTORS,file1_2024-2025
SUJI ELAICHI RUSK 300 GM - T,सूजी इलायची रस्क 300 ग्राम,2024-08-14,2024-05-02,2024-03-17,1,2.5,TI622AAA2425,2.5,CL24/SG,1019.59,05AAECK5765H1ZE,5,19054000,0,50,0,KANHA JI DISTRIBUTORS,file1_2024-2025
ALOEVERA KANTI BODY CLEANSER-45G(216U),एलोवेरा कान्ति बॉडी क्लीन्ज़र 45 ग्राम (216 नग),2026-01-22,2024-05-02,2024-01-23,1,9,TI622AAA2425,9,AAVU240003,1780.17,05AAECK5765H1ZE,18,34011941,0,10,0,KANHA JI DISTRIBUTORS,file1_2024-2025
COCONUT OIL 200 ML (J),नारियल तेल 200 मि.ली.,2025-04-28,2024-05-02,2024-02-03,1,2.5,TI622AAA2425,2.5,AAU2400005,2003.66,05AAECK5765H1ZE,5,15131900,0,70,0,KANHA JI DISTRIBUTORS,file1_2024-2025
CORIANDER POWDER 200 GM,धनिया पाउडर 200 ग्राम,2025-02-28,2024-05-02,2024-03-05,1,2.5,TI622AAA2425,2.5,AJE2400006,1194.95,05AAECK5765H1ZE,5,9092200,0,60,0,KANHA JI DISTRIBUTORS,file1_2024-2025
BANDHANI HING 50 GM (NEW) - T,बंधनी हींग 50 ग्राम (नया),2025-08-12,2024-05-02,2024-02-19,12,2.5,TI623AAA2425,2.5,CASY240008,1097.08,05AAECK5765H1ZE,5,13019013,0,120,0,KANHA JI DISTRIBUTORS,file1_2024-2025
COWS WHOLE MILK POWDER 500-GM,गाय का पूर्ण दूध पाउडर 500 ग्राम,2024-10-07,2024-05-02,2024-04-10,12,2.5,TI623AAA2425,2.5,BLB2400007,2385.18,05AAECK5765H1ZE,5,4021090,0,235,0,KANHA JI DISTRIBUTORS,file1_2024-2025
ALOEVERA GEL FACE WASH 60 ML,एलोवेरा जेल फेस वॉश 60 मि.ली.,2025-11-18,2024-05-02,2023-11-29,36,9,TI623AAA2425,9,AATK230034,1908.92,05AAECK5765H1ZE,18,34013090,0,70,0,KANHA JI DISTRIBUTORS,file1_2024-2025
Divya Arshkalp Vati 40 Tab,दिव्य अर्शकल्प वटी 40 टैबलेट,2027-01-05,2024-05-02,2024-01-21,20,6,TI623AAA2425,6,BAKV240016,749.95,05AAECK5765H1ZE,12,30049011,0,45,0,KANHA JI DISTRIBUTORS,file1_2024-2025
VIRGIN COCONUT OIL 500 ML (B) - T,वर्जिन नारियल तेल 500 मि.ली.,2025-06-04,2024-05-02,2024-03-11,6,2.5,TI623AAA2425,2.5,C9G2400002,1471.68,05AAECK5765H1ZE,5,15131900,0,290,0,KANHA JI DISTRIBUTORS,file1_2024-2025
Vriddhivadhika Vati 80 Tab,वृद्धिवाधिक वटी 80 टैबलेट,2028-11-08,2024-05-02,2023-12-05,20,2.5,TI623AAA2425,2.5,BVVV230031,749.91,05AAECK5765H1ZE,5,30049011,0,45,0,KANHA JI DISTRIBUTORS,file1_2024-2025
Sitopaladi Churna 25 Gm,सितोपलादि चूर्ण 25 ग्राम,2025-11-27,2024-05-02,2023-12-08,50,2.5,TI623AAA2425,2.5,ASPC230031,1250.03,05AAECK5765H1ZE,5,30049011,0,30,0,KANHA JI DISTRIBUTORS,file1_2024-2025
Divya Swasari Ras 10 Gm,दिव्य स्वासारी रस 10 ग्राम,2029-01-07,2024-05-02,2024-02-03,25,6,TI623AAA2425,6,ASSR240001,520.8,05AAECK5765H1ZE,12,30049011,0,25,0,KANHA JI DISTRIBUTORS,file1_2024-2025
Bilwadi Churna 100 Gm,बिल्वादि चूर्ण 100 ग्राम,2025-11-27,2024-05-02,2023-12-08,25,2.5,TI623AAA2425,2.5,ABWC230016,1145.81,05AAECK5765H1ZE,5,30049011,0,55,0,KANHA JI DISTRIBUTORS,file1_2024-2025
TRIPHALA CHURNA -100GM,त्रिफला चूर्ण 100 ग्राम,2026-02-21,2024-05-02,2024-03-03,25,2.5,TI623AAA2425,2.5,ATPC240041,625.01,05AAECK5765H1ZE,5,30049011,0,30,0,KANHA JI DISTRIBUTORS,file1_2024-2025
FORTIFIED SOYABEAN OIL 1 LTR (P) - T,फोर्टिफाइड सोयाबीन तेल 1 लीटर,2025-01-01,2024-05-15,2024-04-06,1,2.5,TI865AAA2425,2.5,BR2B240021,1334.47,05AAECK5765H1ZE,5,15079010,0,125,0,KANHA JI DISTRIBUTORS,file1_2024-2025
MADHURAM 1 KG,मधुरम गुड़ पाउडर 1 किग्रा,2025-03-31,2024-05-15,2024-04-05,1,2.5,TI865AAA2425,2.5,AHG2400081,2044.04,05AAECK5765H1ZE,5,17011410,0,85,0,KANHA JI DISTRIBUTORS,file1_2024-2025
NAVRATNA ATTA 2 KG,नवरत्न आटा 2 किग्रा,2024-10-02,2024-05-15,2024-04-05,1,2.5,TI865AAA2425,2.5,AHV2400014,2933.49,05AAECK5765H1ZE,5,11010000,0,165,0,KANHA JI DISTRIBUTORS,file1_2024-2025
IODIZED NAMAK 1 KG (NEW) - T,आयोडीन युक्त नमक 1 किग्रा (नया),2026-02-19,2024-05-15,2024-03-01,1,0,TI865AAA2425,0,BS24,260,05AAECK5765H1ZE,0,25010010,0,22,0,KANHA JI DISTRIBUTORS,file1_2024-2025
SENDHA NAMAK 1 KG - T,सेंधा नमक 1 किग्रा,2026-02-19,2024-05-15,2024-03-01,1,0,TI865AAA2425,0,SRS24,1009,05AAECK5765H1ZE,0,25010010,0,60,0,KANHA JI DISTRIBUTORS,file1_2024-2025
OATS 500GM - T,ओट्स 500 ग्राम,2025-04-07,2024-05-15,2024-04-07,1,2.5,TI865AAA2425,2.5,ANO070424,1685.88,05AAECK5765H1ZE,5,11041200,0,100,0,KANHA JI DISTRIBUTORS,file1_2024-2025
COWS GHEE 1 L - T,गाय का घी 1 लीटर,2025-01-30,2024-05-15,2024-05-05,1,6,TI865AAA2425,6,FAWC240056,8879.43,05AAECK5765H1ZE,12,4059020,0,665,0,KANHA JI DISTRIBUTORS,file1_2024-2025
COWS GHEE 500 ML - T,गाय का घी 500 मि.ली.,2025-01-25,2024-05-15,2024-04-30,1,6,TI865AAA2425,6,FAWD240019,9480.42,05AAECK5765H1ZE,12,4059020,0,355,0,KANHA JI DISTRIBUTORS,file1_2024-2025
DIGESTIVE BISCUIT 100 GM,डाइजेस्टिव बिस्किट 100 ग्राम,2024-10-29,2024-05-15,2024-05-02,1,9,TI865AAA2425,9,E224/AV9,764.07,05AAECK5765H1ZE,18,19053100,0,20,0,KANHA JI DISTRIBUTORS,file1_2024-2025
MUSTARD OIL 1 L (P)-T,सरसों का तेल 1 लीटर,2025-04-18,2024-05-15,2024-04-23,2,2.5,TI865AAA2425,2.5,N2B2400029,3016.94,05AAECK5765H1ZE,5,15149920,0,140,0,KANHA JI DISTRIBUTORS,file1_2024-2025
MUSTARD OIL 5 L (J)-T,सरसों का तेल 5 लीटर,2025-03-26,2024-05-15,2024-03-31,1,2.5,TI865AAA2425,2.5,O3B2400004,2653.01,05AAECK5765H1ZE,5,15149920,0,725,0,KANHA JI DISTRIBUTORS,file1_2024-2025
GONYLE FLOOR CLEANER - 1 LTR,गोनाइल फ्लोर क्लीनर 1 लीटर,2025-04-04,2024-05-15,2024-04-09,1,9,TI865AAA2425,9,0975/24-25,618.63,05AAECK5765H1ZE,18,38084000,0,70,0,KANHA JI DISTRIBUTORS,file1_2024-2025
FORTIFIED SUNFLOWER OIL 1 LTR (P) - T,फोर्टिफाइड सूरजमुखी तेल 1 लीटर,2025-01-22,2024-05-15,2024-04-27,1,2.5,TI865AAA2425,2.5,BR2A240022,1334.47,05AAECK5765H1ZE,5,15121910,0,125,0,KANHA JI DISTRIBUTORS,file1_2024-2025
BANDHANI HING 25 G (NEW) - T,बंधनी हींग 25 ग्राम (नया),2025-08-19,2024-05-15,2024-02-26,24,2.5,TI866AAA2425,2.5,CASX240009,1188.68,05AAECK5765H1ZE,5,13019013,0,65,0,KANHA JI DISTRIBUTORS,file1_2024-2025
JAU ATTA 500 GM,जौ का आटा 500 ग्राम,2024-10-28,2024-05-15,2024-05-01,6,2.5,TI866AAA2425,2.5,AAMA240011,228.38,05AAECK5765H1ZE,5,11029090,0,45,0,KANHA JI DISTRIBUTORS,file1_2024-2025
DIVYA PEEDANIL GOLD TABLET (100 PC) - T,दिव्य पीड़ानिल गोल्ड टैबलेट (100 नग),2027-02-15,2024-05-15,2024-03-02,20,6,TI866AAA2425,6,APGT240010,6666.69,05AAECK5765H1ZE,12,30049011,0,400,0,KANHA JI DISTRIBUTORS,file1_2024-2025
DIVYA SHUDDHI CHURNA 100 GM - T,दिव्य शुद्धि चूर्ण 100 ग्राम,2026-03-22,2024-05-15,2024-04-01,25,6,TI866AAA2425,6,ADSC240016,2604.28,05AAECK5765H1ZE,12,30049011,0,125,0,KANHA JI DISTRIBUTORS,file1_2024-2025
TEJUS TAILUM 100 ML,तेजस तैलम 100 मि.ली.,2026-02-07,2024-05-15,2024-02-08,25,9,TI866AAA2425,9,AAO2400004,1578.25,05AAECK5765H1ZE,18,33059019,0,75,0,KANHA JI DISTRIBUTORS,file1_2024-2025
AMLA HAIR OIL - 50 ML,आंवला हेयर ऑयल 50 मि.ली.,2025-11-18,2024-05-15,2023-11-29,24,9,TI866AAA2425,9,AQO2300005,504.95,05AAECK5765H1ZE,18,33059019,0,25,0,KANHA JI DISTRIBUTORS,file1_2024-2025
KESH KANTI ALMOND HAIR OIL-200 ML,केश कान्ति बादाम हेयर ऑयल 200 मि.ली.,2026-03-29,2024-05-15,2024-03-29,24,9,TI866AAA2425,9,ABQQ240003,2468.55,05AAECK5765H1ZE,18,33059019,0,130,0,KANHA JI DISTRIBUTORS,file1_2024-2025
BANDHANI HING POWDER 50 GM -T,बंधनी हींग पाउडर 50 ग्राम,2024-11-29,2024-05-15,2023-06-08,24,2.5,TI866AAA2425,2.5,CAUE230006,1827,05AAECK5765H1ZE,5,13019013,0,90,0,KANHA JI DISTRIBUTORS,file1_2024-2025
EYEGRIT EYE DROP 10 ML,आईग्रिट आई ड्रॉप 10 मि.ली.,2026-04-15,2024-05-15,2024-04-15,40,6,TI866AAA2425,6,ABQR240006,1333.25,05AAECK5765H1ZE,12,30049011,0,40,0,KANHA JI DISTRIBUTORS,file1_2024-2025
ASHVAGANDHA -11 GM (STRIP),अश्वगंधा स्ट्रिप 11 ग्राम,2026-03-04,2024-05-15,2024-03-14,20,6,TI866AAA2425,6,AASZ240014,1310.25,05AAECK5765H1ZE,12,30049011,0,90,0,KANHA JI DISTRIBUTORS,file1_2024-2025
ASHVASHILA -11 GM (STRIP),अश्वशिला स्ट्रिप 11 ग्राम,2026-03-11,2024-05-15,2024-03-21,20,6,TI866AAA2425,6,AASP240017,1455.96,05AAECK5765H1ZE,12,30049011,0,100,0,KANHA JI DISTRIBUTORS,file1_2024-2025
KALA CHANA 1000 GM (R1),काला चना 1000 ग्राम,2025-01-06,2024-05-22,2024-04-11,1,2.5,TI994AAA2425,2.5,BPRKC24008,943.95,05AAECK5765H1ZE,5,7135000,0,110,0,KANHA JI DISTRIBUTORS,file1_2024-2025
KABULI CHANA 1000 GM (R1),काबुली चना 1000 ग्राम,2024-12-23,2024-05-22,2024-03-28,1,2.5,TI994AAA2425,2.5,BPKCC24005,1716.33,05AAECK5765H1ZE,5,7132010,0,200,0,KANHA JI DISTRIBUTORS,file1_2024-2025
RAJMA 1000 GM (R1),राजमा 1000 ग्राम,2024-12-01,2024-05-22,2024-03-06,1,2.5,TI994AAA2425,2.5,BPRRC24003,1836.45,05AAECK5765H1ZE,5,7133200,0,214,0,KANHA JI DISTRIBUTORS,file1_2024-2025
TRADITIONAL W.W CHAKKI ATTA W.BRAN 10K-T,पारंपरिक गेहूं चक्की आटा चोकर सहित 10 किग्रा,2024-09-04,2024-05-22,2024-05-07,2,2.5,TI994AAA2425,2.5,PPRT070524,3644.66,05AAECK5765H1ZE,5,11010000,0,410,0,KANHA JI DISTRIBUTORS,file1_2024-2025
MAKHANA 250 GM,मखाना 250 ग्राम,2025-01-23,2024-05-22,2024-03-29,1,2.5,TI994AAA2425,2.5,AALI240028,5262.77,05AAECK5765H1ZE,5,8029000,0,370,0,KANHA JI DISTRIBUTORS,file1_2024-2025
RICE BRAN OIL 1 LTR (P),चावल की भूसी का तेल 1 लीटर,2024-12-26,2024-05-22,2024-03-31,1,2.5,TI994AAA2425,2.5,ORE2400025,1346.81,05AAECK5765H1ZE,5,15159040,0,125,0,KANHA JI DISTRIBUTORS,file1_2024-2025
SUPER DISHWASH BAR-RS10/- (T.O. FREE 3N),सुपर डिशवॉश बार ₹10/- (ट्रेड ऑफर फ्री 3 नग),2027-04-24,2024-05-22,2024-04-24,1,9,TI994AAA2425,9,AAXY240087,515.53,05AAECK5765H1ZE,18,34011941,0,10,0,KANHA JI DISTRIBUTORS,file1_2024-2025
ALOEVERA JUICE 1 L (FIBRE),एलोवेरा रस (फाइबर युक्त) 1 लीटर,2025-01-21,2024-05-22,2024-04-26,1,6,TI994AAA2425,6,PGD2400177,1754.68,05AAECK5765H1ZE,12,30049011,0,210,0,KANHA JI DISTRIBUTORS,file1_2024-2025
MUSTARD OIL 1 L (P)-T,सरसों का तेल 1 लीटर,2025-05-06,2024-05-22,2024-05-11,1,2.5,TI994AAA2425,2.5,O2B2400013,1508.47,05AAECK5765H1ZE,5,15149920,0,140,0,KANHA JI DISTRIBUTORS,file1_2024-2025
MUSTARD OIL 5 L (J)-T,सरसों का तेल 5 लीटर,2025-03-26,2024-05-22,2024-03-31,1,2.5,TI994AAA2425,2.5,O3B2400004,2653.01,05AAECK5765H1ZE,5,15149920,0,725,0,KANHA JI DISTRIBUTORS,file1_2024-2025
VERMICELLI ROASTED 400 GM - T,भुनी हुई सेवईं 400 ग्राम,2025-03-05,2024-05-22,2024-03-10,1,2.5,TI994AAA2425,2.5,CVR4100324,1507.07,05AAECK5765H1ZE,5,19021900,0,44,0,KANHA JI DISTRIBUTORS,file1_2024-2025
DOODH BISCUIT 70 GM (100 PC),दूध बिस्किट 70 ग्राम (100 नग),2024-11-03,2024-05-22,2024-05-07,1,9,TI994AAA2425,9,EA24/BP1,844.88,05AAECK5765H1ZE,18,19053100,0,10,0,KANHA JI DISTRIBUTORS,file1_2024-2025
MARIE BISCUIT 75 GM (48 PC),मैरी बिस्किट 75 ग्राम (48 नग),2024-10-24,2024-05-22,2024-04-27,1,9,TI994AAA2425,9,DV24/BP1,405.54,05AAECK5765H1ZE,18,19053100,0,10,0,KANHA JI DISTRIBUTORS,file1_2024-2025
ATTA NOODLES CHATPATA-60 GM (96 PC) - T,आटा नूडल्स चटपटा 60 ग्राम (96 नग),2024-12-29,2024-05-22,2024-04-03,1,6,TI994AAA2425,6,CH030424,917.15,05AAECK5765H1ZE,12,19022090,0,12,0,KANHA JI DISTRIBUTORS,file1_2024-2025
DIVYA NARI KANTI 3 U X 20 N-T,दिव्य नारी कान्ति 3 यूनिट × 20 नग,2027-03-02,2024-05-22,2024-03-02,20,6,TI994AAA2425,6,BDNK240004,4999.9,05AAECK5765H1ZE,12,30049011,0,300,0,KANHA JI DISTRIBUTORS,file1_2024-2025
HERBAL KAJAL 3 G (NEW),हर्बल काजल 3 ग्राम (नया),2026-02-02,2024-05-22,2024-02-13,12,9,TI994AAA2425,9,AASQ240011,909.07,05AAECK5765H1ZE,18,33042000,0,90,0,KANHA JI DISTRIBUTORS,file1_2024-2025
BARLEY DALIA 500 G,जौ का दलिया 500 ग्राम,2024-11-09,2024-05-29,2024-05-13,1,2.5,TI1122AAA2425,2.5,PDCU240033,1395.45,05AAECK5765H1ZE,5,11031900,0,55,0,KANHA JI DISTRIBUTORS,file1_2024-2025
MALKA MASOOR 1000 GM (R1),मालका मसूर दाल 1000 ग्राम,2025-01-05,2024-05-29,2024-04-10,1,2.5,TI1122AAA2425,2.5,BPRMM24011,1072.68,05AAECK5765H1ZE,5,7134000,0,125,0,KANHA JI DISTRIBUTORS,file1_2024-2025
DANT KANTI DENTAL CREAM (ADV) 2X100-GM,दंत कान्ति डेंटल क्रीम (एडवांस) 100 ग्राम × 2,2025-09-04,2024-05-29,2024-03-13,1,9,TI1122AAA2425,9,AF82400004,4363.84,05AAECK5765H1ZE,18,33061020,0,160,0,KANHA JI DISTRIBUTORS,file1_2024-2025
AMLA JUICE 1 L,आंवला रस 1 लीटर,2025-04-18,2024-05-29,2024-04-18,1,6,TI1122AAA2425,6,AGH2400092,1169.83,05AAECK5765H1ZE,12,30049011,0,140,0,KANHA JI DISTRIBUTORS,file1_2024-2025
KESH KANTI ADV. H.H. EXPERT SHAMPO-100ML,केश कान्ति एडवांस हेयर एक्सपर्ट शैम्पू 100 मि.ली.,2026-04-13,2024-05-29,2024-05-10,1,9,TI1122AAA2425,9,AAWT240004,3090.45,05AAECK5765H1ZE,18,33051090,0,120,0,KANHA JI DISTRIBUTORS,file1_2024-2025
GUAVA BEVERAGE (TETRAPACK) 65ML,अमरूद पेय (टेट्रापैक) 65 मि.ली.,2024-09-14,2024-05-29,2024-03-18,1,6,TI1122AAA2425,6,PDBFX24004,674.69,05AAECK5765H1ZE,12,22029020,0,10,0,KANHA JI DISTRIBUTORS,file1_2024-2025
LITCHI BEVERAGE (TETRAPACK) 65ML,लीची पेय (टेट्रापैक) 65 मि.ली.,2024-09-11,2024-05-29,2024-03-15,1,6,TI1122AAA2425,6,PDBFY24003,674.69,05AAECK5765H1ZE,12,22029020,0,10,0,KANHA JI DISTRIBUTORS,file1_2024-2025
MANGO BEVERAGE (TETRAPACK) 65ML,आम पेय (टेट्रापैक) 65 मि.ली.,2024-09-12,2024-05-29,2024-03-16,1,6,TI1122AAA2425,6,PDBFW24005,674.69,05AAECK5765H1ZE,12,22029020,0,10,0,KANHA JI DISTRIBUTORS,file1_2024-2025
Divya Sarvakalp Kwath 100 Gm,दिव्य सर्वकल्प क्वाथ 100 ग्राम,2026-02-28,2024-05-29,2024-03-10,50,6,TI1122AAA2425,6,ASKK240017,1458.24,05AAECK5765H1ZE,12,30049011,0,35,0,KANHA JI DISTRIBUTORS,file1_2024-2025
TRIPHALA CHURNA -100GM,त्रिफला चूर्ण 100 ग्राम,2026-03-26,2024-05-29,2024-04-05,25,2.5,TI1122AAA2425,2.5,ATPC240053,625.01,05AAECK5765H1ZE,5,30049011,0,30,0,KANHA JI DISTRIBUTORS,file1_2024-2025
KESH KANTI HERBAL MEHANDI (NAT. BLACK)-T,केश कान्ति हर्बल मेहंदी (नेचुरल ब्लैक),2025-03-27,2024-05-29,2024-04-01,20,9,TI1122AAA2425,9,ANBL240076,315.77,05AAECK5765H1ZE,18,33059090,0,20,0,KANHA JI DISTRIBUTORS,file1_2024-2025
SAUMYA EYE DROP 10 ML,सौम्या आई ड्रॉप 10 मि.ली.,2026-04-02,2024-05-29,2024-04-12,40,6,TI1122AAA2425,6,AAAQ240006,1107.9,05AAECK5765H1ZE,12,30049011,0,35,0,KANHA JI DISTRIBUTORS,file1_2024-2025
HERBAL WASH DETERGENT POWDER 1 KG,हर्बल वॉश डिटर्जेंट पाउडर 1 किग्रा,2029-04-09,2024-05-29,2024-04-10,1,9,TI1122AAA2425,9,AM92400034,1503.91,05AAECK5765H1ZE,18,34029011,0,70,0,KANHA JI DISTRIBUTORS,file1_2024-2025
SABUDANA 500 GM,साबूदाना 500 ग्राम,2024-11-05,2024-06-05,2024-05-09,1,2.5,TI1258AAA2425,2.5,AALX240028,1184.19,05AAECK5765H1ZE,5,19030000,0,70,0,KANHA JI DISTRIBUTORS,file1_2024-2025
TRADITIONAL WHOLE WHEAT ATTA 5 KG(UK),पारंपरिक गेहूं का आटा 5 किग्रा (यूके),2024-09-13,2024-06-05,2024-05-16,1,2.5,TI1258AAA2425,2.5,PDBKQ24010,1542.66,05AAECK5765H1ZE,5,11010000,0,215,0,KANHA JI DISTRIBUTORS,file1_2024-2025
TRADITIONAL WHOLE WHEAT ATTA 10 KG(UK),पारंपरिक गेहूं का आटा 10 किग्रा (यूके),2024-09-13,2024-06-05,2024-05-16,2,2.5,TI1258AAA2425,2.5,PDBKP24011,3677.31,05AAECK5765H1ZE,5,11010000,0,410,0,KANHA JI DISTRIBUTORS,file1_2024-2025
SUGAR 5 KG,चीनी 5 किग्रा,2026-04-05,2024-06-05,2024-04-15,1,2.5,TI1258AAA2425,2.5,BAIW240027,1564.35,05AAECK5765H1ZE,5,17011490,0,285,0,KANHA JI DISTRIBUTORS,file1_2024-2025
COWS GHEE 1 L - T,गाय का घी 1 लीटर,2024-10-28,2024-06-05,2024-02-01,1,6,TI1258AAA2425,6,FAWC240026,8901.65,05AAECK5765H1ZE,12,4059020,0,650,0,KANHA JI DISTRIBUTORS,file1_2024-2025
ALOEVERA JUICE 1 L (FIBRE),एलोवेरा रस (फाइबर युक्त) 1 लीटर,2025-01-28,2024-06-05,2024-05-03,1,6,TI1258AAA2425,6,PGD2400188,1754.68,05AAECK5765H1ZE,12,30049011,0,210,0,KANHA JI DISTRIBUTORS,file1_2024-2025
MUSTARD OIL 1 L (B)-T,सरसों का तेल 1 लीटर,2025-05-16,2024-06-05,2024-05-21,1,2.5,TI1258AAA2425,2.5,N1B2400057,1562.4,05AAECK5765H1ZE,5,15149920,0,145,0,KANHA JI DISTRIBUTORS,file1_2024-2025
MUSTARD OIL 1 L (P)-T,सरसों का तेल 1 लीटर,2025-05-26,2024-06-05,2024-05-31,1,2.5,TI1258AAA2425,2.5,N2B2400041,1616.2,05AAECK5765H1ZE,5,15149920,0,150,0,KANHA JI DISTRIBUTORS,file1_2024-2025
ATTA NOODLES DESI MASALA 60 GM (96 PC)-T,आटा नूडल्स देसी मसाला 60 ग्राम (96 नग),2025-02-10,2024-06-05,2024-05-16,1,6,TI1258AAA2425,6,DM160524,917.15,05AAECK5765H1ZE,12,19022090,0,12,0,KANHA JI DISTRIBUTORS,file1_2024-2025
DOODH BISCUIT 70 GM (100 PC),दूध बिस्किट 70 ग्राम (100 नग),2024-11-21,2024-06-05,2024-05-25,1,9,TI1258AAA2425,9,ES24/BP1,844.88,05AAECK5765H1ZE,18,19053100,0,10,0,KANHA JI DISTRIBUTORS,file1_2024-2025
DOODH BISCUIT 35 GM (200 PC),दूध बिस्किट 35 ग्राम (200 नग),2024-11-21,2024-06-05,2024-05-25,1,9,TI1258AAA2425,9,ES24/BP1,844.88,05AAECK5765H1ZE,18,19053100,0,5,0,KANHA JI DISTRIBUTORS,file1_2024-2025
DATES (KHAJUR) 500 GM,खजूर 500 ग्राम,2024-11-04,2024-06-05,2024-05-08,4,6,TI1258AAA2425,6,AAYC240022,1134.87,05AAECK5765H1ZE,12,20019000,0,320,0,KANHA JI DISTRIBUTORS,file1_2024-2025
AMLA HAIR OIL - 50 ML,आंवला हेयर ऑयल 50 मि.ली.,2025-07-09,2024-06-05,2023-07-20,20,9,TI1258AAA2425,9,AQO2300003,420.79,05AAECK5765H1ZE,18,33059019,0,25,0,KANHA JI DISTRIBUTORS,file1_2024-2025
ANTI WRINKLE CREAM 50 G,एंटी रिंकल क्रीम 50 ग्राम,2026-04-25,2024-06-05,2024-04-25,24,9,TI1258AAA2425,9,AAR2400004,2787.55,05AAECK5765H1ZE,18,33049910,0,150,0,KANHA JI DISTRIBUTORS,file1_2024-2025
Amla Churna 100 Gm,आंवला चूर्ण 100 ग्राम,2026-03-26,2024-06-05,2024-04-05,25,2.5,TI1258AAA2425,2.5,BAMC240013,729.23,05AAECK5765H1ZE,5,30049011,0,35,0,KANHA JI DISTRIBUTORS,file1_2024-2025
NAMKEEN CLASSIC PEANUT 35 GM - T,नमकीन क्लासिक मूंगफली 35 ग्राम,2024-09-02,2024-06-05,2024-05-05,30,6,TI1258AAA2425,6,FB05705E24,227.81,05AAECK5765H1ZE,12,21069099,0,10,0,KANHA JI DISTRIBUTORS,file1_2024-2025
NAMKEEN HING CHANA 35 GM (300 PC) - T,नमकीन हींग चना 35 ग्राम (300 नग),2024-11-02,2024-06-05,2024-05-06,30,6,TI1258AAA2425,6,UK07506E24,227.81,05AAECK5765H1ZE,12,21069099,0,10,0,KANHA JI DISTRIBUTORS,file1_2024-2025
ANARDANA GOLI 100 G,अनारदाना गोली 100 ग्राम,2025-04-09,2024-06-05,2024-04-09,12,6,TI1258AAA2425,6,AEB2400011,384.53,05AAECK5765H1ZE,12,30049011,0,45,0,KANHA JI DISTRIBUTORS,file1_2024-2025
AMLA CANDY 250 G,आंवला कैंडी 250 ग्राम,2025-04-28,2024-06-05,2024-04-28,12,2.5,TI1258AAA2425,2.5,ABLX240037,771.24,05AAECK5765H1ZE,5,8112010,0,90,0,KANHA JI DISTRIBUTORS,file1_2024-2025
AMLA CHATPATA CANDY 250 G,आंवला चटपटा कैंडी 250 ग्राम,2025-04-23,2024-06-05,2024-04-23,12,2.5,TI1258AAA2425,2.5,AMV2400024,813.98,05AAECK5765H1ZE,5,8112010,0,95,0,KANHA JI DISTRIBUTORS,file1_2024-2025
HERBAL SHAVING CREAM-80G T.O,हर्बल शेविंग क्रीम 80 ग्राम (ट्रेड ऑफर),2026-05-28,2024-06-12,2024-05-28,12,9,TI1380AAA2425,9,ABPI240001,757.56,05AAECK5765H1ZE,18,33071010,0,75,0,KANHA JI DISTRIBUTORS,file1_2024-2025
HERBAL FACIAL FOAM 60 GM,हर्बल फेशियल फोम 60 ग्राम,2026-04-15,2024-06-12,2024-04-25,24,9,TI1380AAA2425,9,AJN2400004,1272.62,05AAECK5765H1ZE,18,34013090,0,70,0,KANHA JI DISTRIBUTORS,file1_2024-2025
DIVYA PEEDANIL TAILA 100 ML-T,दिव्य पीड़ानिल तैल 100 मि.ली.,2027-03-26,2024-06-12,2024-04-10,25,6,TI1380AAA2425,6,BDPN240025,1770.72,05AAECK5765H1ZE,12,30049011,0,85,0,KANHA JI DISTRIBUTORS,file1_2024-2025
SOYA BARI CHURA GRANULES 200G+10% - 60ND,सोया बारी चूरा ग्रैन्यूल्स 200 ग्राम + 10% (60 नग),2024-12-31,2024-06-12,2024-01-01,7,6,TI1380AAA2425,6,TC14N,336.02,05AAECK5765H1ZE,12,21061000,0,60,0,KANHA JI DISTRIBUTORS,file1_2024-2025
Baheda Churna 10 Gm,बहेड़ा चूर्ण 10 ग्राम,2025-05-21,2024-06-12,2023-06-01,25,2.5,TI1380AAA2425,2.5,ABHC230003,208.43,05AAECK5765H1ZE,5,30049011,0,10,0,KANHA JI DISTRIBUTORS,file1_2024-2025
MAHA NARAYAN TAILA 100 ML - T,महा नारायण तैल 100 मि.ली.,2027-03-10,2024-06-12,2024-03-10,25,2.5,TI1380AAA2425,2.5,BMNT240007,4270.87,05AAECK5765H1ZE,5,30049011,0,205,0,KANHA JI DISTRIBUTORS,file1_2024-2025
DIVYA MADHUNASHNI VATI EX.POWER 30X4 TAB,दिव्य मधुनाशिनी वटी एक्स्ट्रा पावर 30×4 टैबलेट,2027-02-18,2024-06-12,2024-03-05,20,6,TI1380AAA2425,6,BMNE240102,3749.98,05AAECK5765H1ZE,12,30049011,0,225,0,KANHA JI DISTRIBUTORS,file1_2024-2025
DIVYA MADHU KALP VATI 80 TABLETS -T,दिव्य मधु कल्प वटी 80 टैबलेट,2027-02-18,2024-06-12,2024-03-05,20,6,TI1380AAA2425,6,BMKV240004,1249.92,05AAECK5765H1ZE,12,30049011,0,75,0,KANHA JI DISTRIBUTORS,file1_2024-2025
MUNAKKA RAISIN 250 GM (MONO),मुनक्का किशमिश 250 ग्राम,2024-11-24,2024-06-12,2024-05-28,2,2.5,TI1380AAA2425,2.5,AARU240008,480.04,05AAECK5765H1ZE,5,8062090,0,270,0,KANHA JI DISTRIBUTORS,file1_2024-2025
DIVYA ASHWAGANDHA CHURNA - 100 GM,दिव्य अश्वगंधा चूर्ण 100 ग्राम,2026-03-05,2024-06-12,2024-03-15,25,2.5,TI1380AAA2425,2.5,AAGC240026,1770.83,05AAECK5765H1ZE,5,30049011,0,85,0,KANHA JI DISTRIBUTORS,file1_2024-2025
Divya Arshkalp Vati 40 Tab,दिव्य अर्शकल्प वटी 40 टैबलेट,2027-01-18,2024-06-12,2024-02-03,20,6,TI1380AAA2425,6,BAKV240028,749.95,05AAECK5765H1ZE,12,30049011,0,45,0,KANHA JI DISTRIBUTORS,file1_2024-2025
GILOY GHAN VATI 60 PC (NEW),गिलोय घन वटी 60 नग (नया),2026-04-14,2024-06-12,2024-04-24,24,6,TI1380AAA2425,6,AAI2400029,1899.07,05AAECK5765H1ZE,12,30049011,0,100,0,KANHA JI DISTRIBUTORS,file1_2024-2025
DIVYA JATYADI TAILA 100 ML - T,दिव्य जात्यादि तैल 100 मि.ली.,2027-01-20,2024-06-12,2024-02-05,25,2.5,TI1380AAA2425,2.5,BJYT240004,2500.05,05AAECK5765H1ZE,5,30049011,0,120,0,KANHA JI DISTRIBUTORS,file1_2024-2025
SOYA CHUNKS 220 GM - T,सोया चंक्स 220 ग्राम,2025-05-04,2024-06-12,2024-05-09,20,6,TI1380AAA2425,6,SCP240002,928.03,05AAECK5765H1ZE,12,21061000,0,55,0,KANHA JI DISTRIBUTORS,file1_2024-2025
ADVANCE DANT KANTI MANJAN - 100 GM,एडवांस दंत कान्ति मंजन 100 ग्राम,2025-10-21,2024-06-12,2024-04-29,20,6,TI1380AAA2425,6,AMC2400007,1897.73,05AAECK5765H1ZE,12,33061010,0,110,0,KANHA JI DISTRIBUTORS,file1_2024-2025
NAMKEEN CLASSIC PEANUT 35 GM - T,नमकीन क्लासिक मूंगफली 35 ग्राम,2024-09-02,2024-06-12,2024-05-05,20,6,TI1380AAA2425,6,FB05705E24,151.87,05AAECK5765H1ZE,12,21069099,0,10,0,KANHA JI DISTRIBUTORS,file1_2024-2025
NAMKEEN HING CHANA 35 GM (300 PC) - T,नमकीन हींग चना 35 ग्राम (300 नग),2024-11-02,2024-06-12,2024-05-06,10,6,TI1380AAA2425,6,UK07506E24,75.94,05AAECK5765H1ZE,12,21069099,0,10,0,KANHA JI DISTRIBUTORS,file1_2024-2025
KARELA JAMUN 50-50 JUICE - 500 ML,करेला-जामुन 50-50 रस 500 मि.ली.,2025-05-30,2024-06-12,2024-05-30,1,6,TI1381AAA2425,6,ABPB240008,1424.24,05AAECK5765H1ZE,12,30049011,0,150,0,KANHA JI DISTRIBUTORS,file1_2024-2025
ATTA DOODH RUSK 300 GM - T,आटा दूध रस्क 300 ग्राम,2024-08-11,2024-06-12,2024-03-14,1,2.5,TI1381AAA2425,2.5,CI24/SG,960.12,05AAECK5765H1ZE,5,19054000,0,50,0,KANHA JI DISTRIBUTORS,file1_2024-2025
ATTA DOODH RUSK 182 G - T,आटा दूध रस्क 182 ग्राम,2024-09-17,2024-06-12,2024-04-20,1,2.5,TI1381AAA2425,2.5,DO24/SGB,768.1,05AAECK5765H1ZE,5,19054000,0,30,0,KANHA JI DISTRIBUTORS,file1_2024-2025
CREAMFEAST ELAICHI BISCUIT 35 GM,क्रीमफीस्ट इलायची बिस्किट 35 ग्राम,2024-12-01,2024-06-12,2024-06-04,1,9,TI1381AAA2425,9,F424/BP1,584.52,05AAECK5765H1ZE,18,19053100,0,5,0,KANHA JI DISTRIBUTORS,file1_2024-2025
HERBAL WASH DETERGENT CAKE-145G(Rs.10/-),हर्बल वॉश डिटर्जेंट केक 145 ग्राम (₹10/-),2027-04-02,2024-06-12,2024-04-02,3,9,TI1381AAA2425,9,ABOY240011,1706.26,05AAECK5765H1ZE,18,34029011,0,10,0,KANHA JI DISTRIBUTORS,file1_2024-2025
HERBAL WASH DETERGENT CAKE-225 G,हर्बल वॉश डिटर्जेंट केक 225 ग्राम,2027-02-26,2024-06-12,2024-02-27,2,9,TI1381AAA2425,9,ABOX240003,1579.87,05AAECK5765H1ZE,18,34029011,0,20,0,KANHA JI DISTRIBUTORS,file1_2024-2025
AMRIT RASAYAN 1 KG,अमृत रसायन 1 किग्रा,2027-04-28,2024-06-12,2024-05-13,1,6,TI1381AAA2425,6,ADD2400006,2658.7,05AAECK5765H1ZE,12,30049011,0,280,0,KANHA JI DISTRIBUTORS,file1_2024-2025
NAVRATNA ATTA 2 KG,नवरत्न आटा 2 किग्रा,2024-11-03,2024-06-12,2024-05-07,1,2.5,TI1381AAA2425,2.5,AHV2400018,2933.49,05AAECK5765H1ZE,5,11010000,0,165,0,KANHA JI DISTRIBUTORS,file1_2024-2025
KARELA AMLA JUICE 500 ML,करेला-आंवला रस 500 मि.ली.,2025-05-09,2024-06-12,2024-05-09,1,6,TI1381AAA2425,6,PGC2400010,712.19,05AAECK5765H1ZE,12,30049011,0,75,0,KANHA JI DISTRIBUTORS,file1_2024-2025
JAMUN VINEGAR 500 ML,जामुन का सिरका 500 मि.ली.,2025-05-08,2024-06-12,2024-05-08,1,9,TI1381AAA2425,9,AGB2400009,757.98,05AAECK5765H1ZE,18,22090090,0,80,0,KANHA JI DISTRIBUTORS,file1_2024-2025
SUPER DISH WASH BAR PACK OF 4 @ Rs. 30/-,सुपर डिश वॉश बार पैक (4 नग) ₹30/-,2027-05-23,2024-06-12,2024-05-23,2,9,TI1381AAA2425,9,ABOU240006,1186.22,05AAECK5765H1ZE,18,34011941,0,30,0,KANHA JI DISTRIBUTORS,file1_2024-2025
SUPER DISHWASH BAR-RS10/- (T.O. FREE 3N),सुपर डिशवॉश बार ₹10/- (ट्रेड ऑफर फ्री 3 नग),2027-05-15,2024-06-12,2024-05-15,2,9,TI1381AAA2425,9,AAXY240102,1031.05,05AAECK5765H1ZE,18,34011941,0,10,0,KANHA JI DISTRIBUTORS,file1_2024-2025
MANGO PANNA 750 ML,आम पन्ना 750 मि.ली.,2025-05-14,2024-06-12,2024-05-14,1,9,TI1381AAA2425,9,AGO2400007,1225.12,05AAECK5765H1ZE,18,21069011,0,150,0,KANHA JI DISTRIBUTORS,file1_2024-2025
MIXED FRUITS BEVERAGE (TETRAPACK) 1000ML,मिश्रित फलों का पेय (टेट्रापैक) 1000 मि.ली.,2024-10-27,2024-06-12,2024-04-30,1,6,TI1381AAA2425,6,PDBEW24006,1023.3,05AAECK5765H1ZE,12,22029020,0,125,0,KANHA JI DISTRIBUTORS,file1_2024-2025
GONYLE FLOOR CLEANER - 1 LTR,गोनाइल फ्लोर क्लीनर 1 लीटर,2025-05-23,2024-06-12,2024-05-28,1,9,TI1381AAA2425,9,1501/24-25,618.63,05AAECK5765H1ZE,18,38084000,0,70,0,KANHA JI DISTRIBUTORS,file1_2024-2025
CHANA DAL 1000 GM (R1),चना दाल 1000 ग्राम,2025-02-11,2024-06-19,2024-05-17,1,2.5,TI1501AAA2425,2.5,BPRCD24012,986.9,05AAECK5765H1ZE,5,7139010,0,115,0,KANHA JI DISTRIBUTORS,file1_2024-2025
SENDHA NAMAK 1 KG - T,सेंधा नमक 1 किग्रा,2026-02-19,2024-06-19,2024-03-01,1,0,TI1501AAA2425,0,SRS24,1009,05AAECK5765H1ZE,0,25010010,0,60,0,KANHA JI DISTRIBUTORS,file1_2024-2025
REETHA POWDER 100 G,रीठा पाउडर 100 ग्राम,2026-04-22,2024-06-19,2024-04-22,1,2.5,TI1501AAA2425,2.5,ABNY240006,1099.98,05AAECK5765H1ZE,5,12119029,0,55,0,KANHA JI DISTRIBUTORS,file1_2024-2025
KESH KANTI REETHA HAIR CLEANSER 180 ML,केश कान्ति रीठा हेयर क्लींज़र 180 मि.ली.,2026-03-30,2024-06-19,2024-04-09,1,9,TI1501AAA2425,9,ABAB240006,3344.98,05AAECK5765H1ZE,18,33051090,0,120,0,KANHA JI DISTRIBUTORS,file1_2024-2025
MUSTARD OIL 1 L (P)-T,सरसों का तेल 1 लीटर,2025-05-28,2024-06-19,2024-06-02,2,2.5,TI1501AAA2425,2.5,O2B2400017,3232.4,05AAECK5765H1ZE,5,15149920,0,150,0,KANHA JI DISTRIBUTORS,file1_2024-2025
HERBAL HANDWASH (ANTI BACTERIAL) 250 ML,हर्बल हैंडवॉश (एंटी बैक्टीरियल) 250 मि.ली.,2026-05-18,2024-06-19,2024-05-18,1,9,TI1501AAA2425,9,ABF2400014,1363.62,05AAECK5765H1ZE,18,34013019,0,60,0,KANHA JI DISTRIBUTORS,file1_2024-2025
POHA 1 KG -T,पोहा 1 किग्रा,2024-11-13,2024-06-19,2024-05-17,1,2.5,TI1501AAA2425,2.5,BPRP170524,1473.15,05AAECK5765H1ZE,5,19041020,0,85,0,KANHA JI DISTRIBUTORS,file1_2024-2025
WHITE LILY ADVANCE BEAUTY BAR-75 G,व्हाइट लिली एडवांस ब्यूटी बार 75 ग्राम,2026-04-29,2024-06-19,2024-04-29,1,9,TI1501AAA2425,9,ABSH240001,4449.06,05AAECK5765H1ZE,18,34011941,0,40,0,KANHA JI DISTRIBUTORS,file1_2024-2025
TRADITIONAL WHOLE WHEAT ATTA 10 KG(UK),पारंपरिक गेहूं का आटा 10 किग्रा (यूके),2024-10-09,2024-06-19,2024-06-11,1,2.5,TI1501AAA2425,2.5,PDBKP24012,1838.66,05AAECK5765H1ZE,5,11010000,0,410,0,KANHA JI DISTRIBUTORS,file1_2024-2025
TRADITIONAL WHOLE WHEAT ATTA 5 KG(UK),पारंपरिक गेहूं का आटा 5 किग्रा (यूके),2024-09-13,2024-06-19,2024-05-16,1,2.5,TI1501AAA2425,2.5,PDBKQ24010,1542.66,05AAECK5765H1ZE,5,11010000,0,215,0,KANHA JI DISTRIBUTORS,file1_2024-2025
GULAB SHARBAT 750 ML,गुलाब शरबत 750 मि.ली.,2025-06-07,2024-06-19,2024-06-07,1,9,TI1501AAA2425,9,AGK2400039,1026.76,05AAECK5765H1ZE,18,21069011,0,130,0,KANHA JI DISTRIBUTORS,file1_2024-2025
DIVYA THYROGRIT TABLET 60 N - T,दिव्य थायरोग्रिट टैबलेट 60 नग,2027-03-26,2024-06-19,2024-04-10,20,6,TI1501AAA2425,6,BTGT240006,4999.9,05AAECK5765H1ZE,12,30049011,0,300,0,KANHA JI DISTRIBUTORS,file1_2024-2025
BOROSAFE ANTISEPTIC 50 GM CREAM,बोरोज़सेफ एंटीसेप्टिक क्रीम 50 ग्राम,2026-01-17,2024-06-19,2024-01-28,12,9,TI1501AAA2425,9,AJG2400001,418.18,05AAECK5765H1ZE,18,33049910,0,45,0,KANHA JI DISTRIBUTORS,file1_2024-2025
SHEETAL HAIR OIL - 50 ML,शीतल हेयर ऑयल 50 मि.ली.,2025-01-09,2024-06-19,2023-01-20,10,9,TI1501AAA2425,9,A2K2300001,294.65,05AAECK5765H1ZE,18,33059011,0,35,0,KANHA JI DISTRIBUTORS,file1_2024-2025
SWARNA KANTI CREAM-15 G,स्वर्ण कान्ति क्रीम 15 ग्राम,2026-02-11,2024-06-19,2024-02-22,3,9,TI1501AAA2425,9,ALK2400001,926.88,05AAECK5765H1ZE,18,33049910,0,399,0,KANHA JI DISTRIBUTORS,file1_2024-2025
SWET MUSHLI CHURNA 100G (Ayu.Medicine),श्वेत मूसली चूर्ण 100 ग्राम (आयुर्वेदिक औषधि),2026-03-21,2024-06-19,2024-03-21,6,2.5,TI1501AAA2425,2.5,ABFF240019,2261.2,05AAECK5765H1ZE,5,30049011,0,475,0,KANHA JI DISTRIBUTORS,file1_2024-2025
DIVYA ANU TAILA 20 ML (120 PCS) -T,दिव्य अनुतैल 20 मि.ली. (120 नग),2027-01-21,2024-06-19,2024-02-06,20,2.5,TI1501AAA2425,2.5,BANT240008,666.75,05AAECK5765H1ZE,5,30049011,0,40,0,KANHA JI DISTRIBUTORS,file1_2024-2025
Divya Gulab Jal 120 ml-DUP,दिव्य गुलाब जल 120 मि.ली.,2025-04-05,2024-06-19,2024-04-10,30,9,TI1501AAA2425,9,BGLJ240032,875.09,05AAECK5765H1ZE,18,33030020,0,35,0,KANHA JI DISTRIBUTORS,file1_2024-2025
Chitrakadi Vati 60 Tab,चित्रकादि वटी 60 टैबलेट,2027-03-21,2024-06-19,2024-04-05,20,2.5,TI1501AAA2425,2.5,BCKV240009,1000.02,05AAECK5765H1ZE,5,30049011,0,60,0,KANHA JI DISTRIBUTORS,file1_2024-2025
DIVYA DHARA 10 ML (800 PC),दिव्य धारा 10 मि.ली. (800 नग),2027-02-28,2024-06-19,2024-03-15,20,6,TI1501AAA2425,6,ADYD240006,749.95,05AAECK5765H1ZE,12,30049011,0,45,0,KANHA JI DISTRIBUTORS,file1_2024-2025
DALIA 500 G,दलिया 500 ग्राम,2024-10-18,2024-07-10,2024-06-20,1,2.5,TI1867AAA2425,2.5,PDCS240172,870.03,05AAECK5765H1ZE,5,11031900,0,34,0,KANHA JI DISTRIBUTORS,file1_2024-2025
HONEY 500 G,शहद 500 ग्राम,2025-09-09,2024-07-10,2024-03-18,1,2.5,TI1867AAA2425,2.5,BCM2400018,3358.95,05AAECK5765H1ZE,5,4090000,0,210,0,KANHA JI DISTRIBUTORS,file1_2024-2025
DISHWASH BAR-600G (500G+100G)+SCRUB PAD,डिशवॉश बार 600 ग्राम (500+100 ग्राम) + स्क्रब पैड,2027-06-10,2024-07-10,2024-06-10,1,9,TI1867AAA2425,9,AAYX240023,1173.3,05AAECK5765H1ZE,18,34011990,0,60,0,KANHA JI DISTRIBUTORS,file1_2024-2025
SESAME OIL 1 L (B)-T,तिल का तेल 1 लीटर,2025-03-02,2024-07-10,2024-06-05,1,2.5,TI1867AAA2425,2.5,JACQ240029,3377.93,05AAECK5765H1ZE,5,15155091,0,330,0,KANHA JI DISTRIBUTORS,file1_2024-2025
SPECIAL CHYAWANPRASH 1 KG,विशेष च्यवनप्राश 1 किग्रा,2026-06-25,2024-07-10,2023-07-11,1,6,TI1867AAA2425,6,ACZ2300008,2928.65,05AAECK5765H1ZE,12,30049011,0,360,0,KANHA JI DISTRIBUTORS,file1_2024-2025
ALOEVERA JUICE 1 L (FIBRE),एलोवेरा रस (फाइबर युक्त) 1 लीटर,2025-03-01,2024-07-10,2024-06-04,2,6,TI1867AAA2425,6,PGD2400236,3537.53,05AAECK5765H1ZE,12,30049011,0,210,0,KANHA JI DISTRIBUTORS,file1_2024-2025
NARIYAL BISCUIT 75 GM,नारियल बिस्किट 75 ग्राम,2024-12-07,2024-07-10,2024-06-10,1,9,TI1867AAA2425,9,FE24/AV9,853.14,05AAECK5765H1ZE,18,19053100,0,10,0,KANHA JI DISTRIBUTORS,file1_2024-2025
TRADITIONAL WHOLE WHEAT ATTA 10 KG(UK),पारंपरिक गेहूं का आटा 10 किग्रा (यूके),2024-10-19,2024-07-10,2024-06-21,2,2.5,TI1867AAA2425,2.5,PDBKP24013,3677.31,05AAECK5765H1ZE,5,11010000,0,410,0,KANHA JI DISTRIBUTORS,file1_2024-2025
MUSTARD OIL 1 L (P)-T,सरसों का तेल 1 लीटर,2025-06-15,2024-07-10,2024-06-20,1,2.5,TI1867AAA2425,2.5,O2B2400020,1630.82,05AAECK5765H1ZE,5,15149920,0,150,0,KANHA JI DISTRIBUTORS,file1_2024-2025
RICE BRAN OIL 1 LTR (P),चावल की भूसी का तेल 1 लीटर,2025-02-01,2024-07-10,2024-05-07,1,2.5,TI1867AAA2425,2.5,ORE2400030,1359.04,05AAECK5765H1ZE,5,15159040,0,125,0,KANHA JI DISTRIBUTORS,file1_2024-2025
FORTIFIED SUNFLOWER OIL 1 LTR (P) - T,फोर्टिफाइड सूरजमुखी तेल 1 लीटर,2025-02-22,2024-07-10,2024-05-28,1,2.5,TI1867AAA2425,2.5,BR2A240028,1346.56,05AAECK5765H1ZE,5,15121910,0,125,0,KANHA JI DISTRIBUTORS,file1_2024-2025
DIVYA SWASARI PRAVAHI - 250 ML - T,दिव्य स्वासारी प्रवाही 250 मि.ली.,2027-02-18,2024-07-10,2024-03-05,1,6,TI1867AAA2425,6,BSSP240023,2606.46,05AAECK5765H1ZE,12,30049011,0,85,0,KANHA JI DISTRIBUTORS,file1_2024-2025
HALDI CH. KANTI BODY CLEANSER-45G(216U),हल्दी चंदन कान्ति बॉडी क्लीन्ज़र 45 ग्राम (216 नग),2026-02-04,2024-07-10,2024-02-05,1,9,TI1867AAA2425,9,AAVV240005,1794.36,05AAECK5765H1ZE,18,34011941,0,10,0,KANHA JI DISTRIBUTORS,file1_2024-2025
DIVYA GODHAN ARK - 450ML,दिव्य गोधन अर्क 450 मि.ली.,2025-04-05,2024-07-10,2024-04-10,1,6,TI1867AAA2425,6,AGDA240018,833.28,05AAECK5765H1ZE,12,30049011,0,50,0,KANHA JI DISTRIBUTORS,file1_2024-2025
SUPER STEEL SCRUB - T,सुपर स्टील स्क्रब,2029-02-12,2024-07-10,2024-03-10,1,9,TI1867AAA2425,9,202403,1289.27,05AAECK5765H1ZE,18,73231000,0,10,0,KANHA JI DISTRIBUTORS,file1_2024-2025
SUPER DISHWASH SCRUB PAD Rs 10/- T,सुपर डिशवॉश स्क्रब पैड ₹10/-,2029-02-27,2024-07-10,2024-03-25,1,9,TI1867AAA2425,9,IL21,1529.28,05AAECK5765H1ZE,18,39249090,0,10,0,KANHA JI DISTRIBUTORS,file1_2024-2025
SOYAVITA MASALA SOYA KATORI 60 GM -T,सोयाविटा मसाला सोया कटोरी 60 ग्राम,2025-01-31,2024-07-10,2024-05-06,1,6,TI1867AAA2425,6,UK12406E24,637.95,05AAECK5765H1ZE,12,21069099,0,20,0,KANHA JI DISTRIBUTORS,file1_2024-2025
SOYAVITA MASALA SOYA KATORI 27 GM -T,सोयाविटा मसाला सोया कटोरी 27 ग्राम,2024-11-25,2024-07-10,2024-02-29,1,6,TI1867AAA2425,6,UK12029B24,1148.31,05AAECK5765H1ZE,12,21069099,0,10,0,KANHA JI DISTRIBUTORS,file1_2024-2025
UBTAN FACEWASH 100G (TO. BUY 2GET1 FREE),उबटन फेसवॉश 100 ग्राम (खरीदो 2 पाओ 1 मुफ्त),2026-05-30,2024-07-10,2024-05-30,1,9,TI1867AAA2425,9,ABSN240001,5432.53,05AAECK5765H1ZE,18,34013090,0,400,0,KANHA JI DISTRIBUTORS,file1_2024-2025
AAROGYA BISCUIT 75 GM,आरोग्य बिस्किट 75 ग्राम,2024-11-30,2024-07-10,2024-06-03,1,9,TI1867AAA2425,9,F324/BP1,853.14,05AAECK5765H1ZE,18,19053100,0,10,0,KANHA JI DISTRIBUTORS,file1_2024-2025
SOOJI - 500 GM,सूजी 500 ग्राम,2024-10-16,2024-07-10,2024-06-18,1,2.5,TI1867AAA2425,2.5,PDR8240038,868.77,05AAECK5765H1ZE,5,11010000,0,35,0,KANHA JI DISTRIBUTORS,file1_2024-2025
SABZI MASALA 100 GM (30 pcs),सब्जी मसाला 100 ग्राम (30 नग),2025-05-09,2024-07-10,2024-05-09,1,2.5,TI1867AAA2425,2.5,AFI2400015,1359.69,05AAECK5765H1ZE,5,9109100,0,65,0,KANHA JI DISTRIBUTORS,file1_2024-2025
HALDI CHANDAN KANTI BODY CLN-(4X1) 75 GM,हल्दी-चंदन कान्ति बॉडी क्लीन्ज़र (4×1) 75 ग्राम,2026-02-28,2024-07-10,2024-02-01,1,9,TI1867AAA2425,9,ASY2400007,2441.33,05AAECK5765H1ZE,18,34011941,0,87,0,KANHA JI DISTRIBUTORS,file1_2024-2025
NEEM KANTI BODY CLN.75G-C.O B4G1 FREE,नीम कान्ति बॉडी क्लीन्ज़र 75 ग्राम (खरीदो 4 पाओ 1 मुफ्त),2026-06-18,2024-07-10,2024-06-18,1,9,TI1867AAA2425,9,ABRO240013,2637.16,05AAECK5765H1ZE,18,34011941,0,88,0,KANHA JI DISTRIBUTORS,file1_2024-2025
SUPER DISHWASH BAR-225 G B3G1 FREE,सुपर डिशवॉश बार 225 ग्राम (खरीदो 3 पाओ 1 मुफ्त),2027-06-08,2024-07-10,2024-06-08,2,9,TI1867AAA2425,9,AAXW240035,1346.9,05AAECK5765H1ZE,18,34011990,0,72,0,KANHA JI DISTRIBUTORS,file1_2024-2025
COWS GHEE 1 L - T,गाय का घी 1 लीटर,2025-03-19,2024-07-10,2024-06-22,5,6,TI1867AAA2425,6,FAWC240079,45954.72,05AAECK5765H1ZE,12,4059020,0,665,0,KANHA JI DISTRIBUTORS,file1_2024-2025
GILOY JUICE 500 ML,गिलोय रस 500 मि.ली.,2025-03-21,2024-07-10,2024-03-21,1,6,TI1867AAA2425,6,PFY2400008,861.37,05AAECK5765H1ZE,12,30049011,0,90,0,KANHA JI DISTRIBUTORS,file1_2024-2025
COWS GHEE 500 ML - T,गाय का घी 500 मि.ली.,2025-03-04,2024-07-10,2024-06-07,1,6,TI1867AAA2425,6,FAWD240023,9812.88,05AAECK5765H1ZE,12,4059020,0,355,0,KANHA JI DISTRIBUTORS,file1_2024-2025
SAMAK RICE 500 GM,सामक चावल 500 ग्राम,2025-06-13,2024-07-10,2024-06-18,1,2.5,TI1867AAA2425,2.5,AANF240016,1279.53,05AAECK5765H1ZE,5,10063090,0,75,0,KANHA JI DISTRIBUTORS,file1_2024-2025
HIGH KICK KRACKER BISCUIT 200GM,हाई किक क्रैकर बिस्किट 200 ग्राम,2024-08-27,2024-07-10,2024-02-29,1,9,TI1867AAA2425,9,BB24/BP1,578.58,05AAECK5765H1ZE,18,19059020,0,30,0,KANHA JI DISTRIBUTORS,file1_2024-2025
CREAMFEAST ORANGE BISCUIT 120 GM,क्रीमफीस्ट ऑरेंज बिस्किट 120 ग्राम,2024-07-29,2024-07-10,2024-01-31,1,9,TI1867AAA2425,9,AF24/BP1,578.58,05AAECK5765H1ZE,18,19053100,0,20,0,KANHA JI DISTRIBUTORS,file1_2024-2025
SOYAVITA SOYA KATORI 27 GM -T,सोयाविटा सोया कटोरी 27 ग्राम,2024-11-01,2024-07-10,2024-02-05,1,6,TI1867AAA2425,6,UK12105B24,1148.31,05AAECK5765H1ZE,12,21069099,0,10,0,KANHA JI DISTRIBUTORS,file1_2024-2025
IODIZED NAMAK 1 KG (NEW) - T,आयोडीन युक्त नमक 1 किग्रा (नया),2026-03-22,2024-07-10,2024-04-01,1,0,TI1867AAA2425,0,BS24,260,05AAECK5765H1ZE,0,25010010,0,22,0,KANHA JI DISTRIBUTORS,file1_2024-2025
SOYAVITA SOYA KATORI 60 GM -T,सोयाविटा सोया कटोरी 60 ग्राम,2024-11-26,2024-07-10,2024-03-01,1,6,TI1867AAA2425,6,UK12501C24,637.95,05AAECK5765H1ZE,12,21069099,0,20,0,KANHA JI DISTRIBUTORS,file1_2024-2025
EVA YOGA MAT (6MM) - T,ईवा योगा मैट (6 मि.मी.),2026-05-22,2024-07-10,2024-06-01,10,9,TI1868AAA2425,9,23252614,4992.34,05AAECK5765H1ZE,18,95069190,0,649,0,KANHA JI DISTRIBUTORS,file1_2024-2025
MIX DRY FRUITS WITH BERRIES & SEED 500 G,मिक्स ड्राई फ्रूट्स विद बेरीज़ एंड सीड 500 ग्राम,2024-12-23,2024-07-10,2024-06-26,6,6,TI1868AAA2425,6,ABOK240007,2454.55,05AAECK5765H1ZE,12,8135020,0,450,0,KANHA JI DISTRIBUTORS,file1_2024-2025
PATANJALI DARK SOYA SAUCE 200G,पतंजलि डार्क सोया सॉस 200 ग्राम,2025-12-10,2024-07-10,2024-06-18,12,6,TI1868AAA2425,6,ABGA240002,499.97,05AAECK5765H1ZE,12,21031000,0,50,0,KANHA JI DISTRIBUTORS,file1_2024-2025
RAW PEANUTS 500 GM (10 PCS),कच्ची मूंगफली 500 ग्राम (10 नग),2024-12-11,2024-07-10,2024-06-14,5,2.5,TI1868AAA2425,2.5,ABVQ240001,493.34,05AAECK5765H1ZE,5,12024210,0,110,0,KANHA JI DISTRIBUTORS,file1_2024-2025
ROASTED DIET-FLAXSEED BLCK SALT 150 GM-T,रोस्टेड डाइट फ्लैक्ससीड ब्लैक सॉल्ट 150 ग्राम,2024-09-09,2024-07-10,2024-03-13,15,6,TI1868AAA2425,6,FSA0730124,777.67,05AAECK5765H1ZE,12,21069099,0,65,0,KANHA JI DISTRIBUTORS,file1_2024-2025
DIVYA DHARA 10 ML (800 PC),दिव्य धारा 10 मि.ली. (800 नग),2027-02-28,2024-07-10,2024-03-15,30,6,TI1868AAA2425,6,ADYD240006,1124.93,05AAECK5765H1ZE,12,30049011,0,45,0,KANHA JI DISTRIBUTORS,file1_2024-2025
Sanjeevani Vati 80 Tab,संजीवनी वटी 80 टैबलेट,2027-01-05,2024-07-10,2024-01-21,20,2.5,TI1868AAA2425,2.5,BSJV240003,749.91,05AAECK5765H1ZE,5,30049011,0,45,0,KANHA JI DISTRIBUTORS,file1_2024-2025
KESH KANTI HERBAL MEHANDI (DARK BROWN)-T,केश कान्ति हर्बल मेहंदी (डार्क ब्राउन),2025-03-27,2024-07-10,2024-04-01,40,9,TI1868AAA2425,9,ADBR240024,636.73,05AAECK5765H1ZE,18,33059090,0,20,0,KANHA JI DISTRIBUTORS,file1_2024-2025
Dalchini Churna 100 Gm,दालचीनी चूर्ण 100 ग्राम,2026-02-21,2024-07-10,2024-03-03,24,2.5,TI1868AAA2425,2.5,ADCC240014,1300.07,05AAECK5765H1ZE,5,30049011,0,65,0,KANHA JI DISTRIBUTORS,file1_2024-2025
Divya Udarkalp Churna 100 Gm,दिव्य उदरकल्प चूर्ण 100 ग्राम,2026-03-26,2024-07-10,2024-04-05,25,6,TI1868AAA2425,6,BUKC240014,1354.08,05AAECK5765H1ZE,12,30049011,0,65,0,KANHA JI DISTRIBUTORS,file1_2024-2025
GASHER CHURAN - 100 GM - T,गैशर चूर्ण 100 ग्राम,2026-03-26,2024-07-10,2024-04-05,25,6,TI1868AAA2425,6,BGHC240014,2187.36,05AAECK5765H1ZE,12,30049011,0,105,0,KANHA JI DISTRIBUTORS,file1_2024-2025
NAMKEEN HING CHANA 35 GM (300 PC) - T,नमकीन हींग चना 35 ग्राम (300 नग),2024-11-02,2024-07-10,2024-05-06,100,6,TI1868AAA2425,6,UK07506E24,759.36,05AAECK5765H1ZE,12,21069099,0,10,0,KANHA JI DISTRIBUTORS,file1_2024-2025
HERBAL HEALTH FOOD BAR 35GM - T,हर्बल हेल्थ फूड बार 35 ग्राम,2025-01-30,2024-07-10,2024-02-05,30,9,TI1868AAA2425,9,AU52400002,731.36,05AAECK5765H1ZE,18,17049090,0,30,0,KANHA JI DISTRIBUTORS,file1_2024-2025
GOLD TEA - 10 GM (RS.5) (MT) - T,गोल्ड टी 10 ग्राम (₹5),2025-01-18,2024-07-10,2024-01-19,30,2.5,TI1868AAA2425,2.5,BBNN240001,128.21,05AAECK5765H1ZE,5,9024090,0,5,0,KANHA JI DISTRIBUTORS,file1_2024-2025
OORJA TEA - 15 GM (RS.5) (MT) - T,ऊर्जा टी 15 ग्राम (₹5),2025-02-11,2024-07-10,2024-02-12,30,2.5,TI1868AAA2425,2.5,BBNB240002,128.21,05AAECK5765H1ZE,5,9024090,0,5,0,KANHA JI DISTRIBUTORS,file1_2024-2025
ATTA NOODLES CHATPATA-60 GM (96 PC) - T,आटा नूडल्स चटपटा 60 ग्राम (96 नग),2025-03-02,2024-08-08,2024-06-05,1,6,TI2351AAA2425,6,CH050624,925.75,05AAECK5765H1ZE,12,19022090,0,12,0,KANHA JI DISTRIBUTORS,file1_2024-2025
ATTA NOODLES DESI MASALA 60 GM (96 PC)-T,आटा नूडल्स देसी मसाला 60 ग्राम (96 नग),2025-04-08,2024-08-08,2024-07-12,1,6,TI2351AAA2425,6,DM120724,925.75,05AAECK5765H1ZE,12,19022090,0,12,0,KANHA JI DISTRIBUTORS,file1_2024-2025
NAVRATNA ATTA 2 KG,नवरत्न आटा 2 किग्रा,2024-12-22,2024-08-08,2024-06-25,1,2.5,TI2351AAA2425,2.5,AHV2400022,2959.95,05AAECK5765H1ZE,5,11010000,0,165,0,KANHA JI DISTRIBUTORS,file1_2024-2025
DOODH BISCUIT 35 GM (200 PC),दूध बिस्किट 35 ग्राम (200 नग),2025-01-11,2024-08-08,2024-07-15,2,9,TI2351AAA2425,9,GJ24/AV9,1703.92,05AAECK5765H1ZE,18,19053100,0,5,0,KANHA JI DISTRIBUTORS,file1_2024-2025
DIGESTIVE COOKIES (WHOLE WHEAT) 250 GM,साबुत गेहूं डाइजेस्टिव कुकीज़ 250 ग्राम,2025-01-13,2024-08-08,2024-07-17,1,9,TI2351AAA2425,9,GL24/BP1,803.34,05AAECK5765H1ZE,18,19053100,0,50,0,KANHA JI DISTRIBUTORS,file1_2024-2025
RAGI COOKIES DIGESTIVE 200 GM,रागी डाइजेस्टिव कुकीज़ 200 ग्राम,2024-12-19,2024-08-08,2024-07-22,1,9,TI2351AAA2425,9,GO24/BP1,1205.02,05AAECK5765H1ZE,18,19053100,0,75,0,KANHA JI DISTRIBUTORS,file1_2024-2025
CORIANDER POWDER 500 GM,धनिया पाउडर 500 ग्राम,2025-07-17,2024-08-08,2024-07-17,1,2.5,TI2351AAA2425,2.5,ALE2400007,1118.03,05AAECK5765H1ZE,5,9092200,0,135,0,KANHA JI DISTRIBUTORS,file1_2024-2025
BESAN 500 G,बेसन 500 ग्राम,2024-12-14,2024-08-08,2024-07-17,1,2.5,TI2351AAA2425,2.5,PDCR240086,1109.81,05AAECK5765H1ZE,5,11061090,0,70,0,KANHA JI DISTRIBUTORS,file1_2024-2025
TRADITIONAL WHOLE WHEAT ATTA 5 KG(UK),पारंपरिक गेहूं का आटा 5 किग्रा (यूके),2024-11-01,2024-08-08,2024-07-04,1,2.5,TI2351AAA2425,2.5,PDBKQ24013,1542.74,05AAECK5765H1ZE,5,11010000,0,215,0,KANHA JI DISTRIBUTORS,file1_2024-2025
SHAKTI RICE XXL MINI MOGRA-2 10 KG (T),शक्ति चावल XXL मिनी मोगरा-2 10 किग्रा,2026-06-29,2024-08-08,2024-07-09,1,2.5,TI2351AAA2425,2.5,E6M2400005,1457.74,05AAECK5765H1ZE,5,10063090,0,720,0,KANHA JI DISTRIBUTORS,file1_2024-2025
SESAME OIL 1 L (B)-T,तिल का तेल 1 लीटर,2025-03-31,2024-08-08,2024-07-04,1,2.5,TI2351AAA2425,2.5,JACQ240035,3019.72,05AAECK5765H1ZE,5,15155091,0,295,0,KANHA JI DISTRIBUTORS,file1_2024-2025
AMLA JUICE 1 L,आंवला रस 1 लीटर,2025-07-02,2024-08-08,2024-07-02,1,6,TI2351AAA2425,6,AGH2400134,1179.18,05AAECK5765H1ZE,12,30049011,0,140,0,KANHA JI DISTRIBUTORS,file1_2024-2025
ALOEVERA JUICE 1 L (FIBRE),एलोवेरा रस (फाइबर युक्त) 1 लीटर,2025-03-30,2024-08-08,2024-07-03,1,6,TI2351AAA2425,6,PGD2400320,1768.77,05AAECK5765H1ZE,12,30049011,0,210,0,KANHA JI DISTRIBUTORS,file1_2024-2025
GILOY JUICE 500 ML,गिलोय रस 500 मि.ली.,2025-06-07,2024-08-08,2024-06-07,1,6,TI2351AAA2425,6,PFY2400010,861.37,05AAECK5765H1ZE,12,30049011,0,90,0,KANHA JI DISTRIBUTORS,file1_2024-2025
GONYLE FLOOR CLEANER - 1 LTR,गोनाइल फ्लोर क्लीनर 1 लीटर,2025-07-15,2024-08-08,2024-07-20,1,9,TI2351AAA2425,9,2292/24-25,623.89,05AAECK5765H1ZE,18,38084000,0,70,0,KANHA JI DISTRIBUTORS,file1_2024-2025
MAKHANA 250 GM,मखाना 250 ग्राम,2025-04-24,2024-08-08,2024-06-28,1,2.5,TI2351AAA2425,2.5,AALI240050,6457.92,05AAECK5765H1ZE,5,8029000,0,450,0,KANHA JI DISTRIBUTORS,file1_2024-2025
CREAMFEAST CHOCO BISCUIT 35 GM,क्रीमफीस्ट चोको बिस्किट 35 ग्राम,2025-01-06,2024-08-08,2024-07-10,1,9,TI2351AAA2425,9,GR94/BP1,589.62,05AAECK5765H1ZE,18,19053100,0,5,0,KANHA JI DISTRIBUTORS,file1_2024-2025
CREAMFEAST ORANGE BISCUIT 35 GM,क्रीमफीस्ट ऑरेंज बिस्किट 35 ग्राम,2025-01-21,2024-08-08,2024-07-25,1,9,TI2351AAA2425,9,GS24/BP1,589.62,05AAECK5765H1ZE,18,19053100,0,5,0,KANHA JI DISTRIBUTORS,file1_2024-2025
SUPER DISHWASH BAR-RS10/- (T.O. FREE 3N),सुपर डिशवॉश बार ₹10/- (ट्रेड ऑफर फ्री 3 नग),2027-07-02,2024-08-08,2024-07-02,2,9,TI2351AAA2425,9,AAXY240141,1039.34,05AAECK5765H1ZE,18,34011941,0,10,0,KANHA JI DISTRIBUTORS,file1_2024-2025
URAD CHILKA 1000 GM (R1),उड़द दाल छिलका 1000 ग्राम,2024-11-09,2024-08-08,2024-05-13,1,2.5,TI2351AAA2425,2.5,BPRUC24005,1514.73,05AAECK5765H1ZE,5,7133110,0,175,0,KANHA JI DISTRIBUTORS,file1_2024-2025
PUSHTAHAR DALIA 500 G,पुष्टाहार दलिया 500 ग्राम,2025-04-06,2024-08-08,2024-07-10,1,2.5,TI2351AAA2425,2.5,PDCQ240051,1151.64,05AAECK5765H1ZE,5,11031900,0,45,0,KANHA JI DISTRIBUTORS,file1_2024-2025
BURA 1 KG,बूरा 1 किग्रा,2025-03-30,2024-08-08,2024-07-03,1,2.5,TI2351AAA2425,2.5,AKI2400080,2038.68,05AAECK5765H1ZE,5,17029090,0,75,0,KANHA JI DISTRIBUTORS,file1_2024-2025
MUSTARD OIL 5 L (J)-T,सरसों का तेल 5 लीटर,2025-07-21,2024-08-08,2024-07-26,1,2.5,TI2351AAA2425,2.5,N3B2400025,2862.17,05AAECK5765H1ZE,5,15149920,0,775,0,KANHA JI DISTRIBUTORS,file1_2024-2025
SENDHA NAMAK 1 KG - T,सेंधा नमक 1 किग्रा,2026-05-22,2024-08-08,2024-06-01,1,0,TI2351AAA2425,0,SRS24,1009,05AAECK5765H1ZE,0,25010010,0,60,0,KANHA JI DISTRIBUTORS,file1_2024-2025
HERBAL HANDWASH (ANTI BACTERIAL) 750 ML,हर्बल हैंडवॉश (एंटी बैक्टीरियल) 750 मि.ली.,2026-06-25,2024-08-08,2024-07-05,1,9,TI2351AAA2425,9,AAIX240047,1008.33,05AAECK5765H1ZE,18,34013019,0,110,0,KANHA JI DISTRIBUTORS,file1_2024-2025
MUSTARD OIL 1 L (P)-T,सरसों का तेल 1 लीटर,2025-07-19,2024-08-08,2024-07-24,4,2.5,TI2351AAA2425,2.5,N2B2400055,6523.27,05AAECK5765H1ZE,5,15149920,0,150,0,KANHA JI DISTRIBUTORS,file1_2024-2025
DIVYA SWASARI PRAVAHI - 250 ML - T,दिव्य स्वासारी प्रवाही 250 मि.ली.,2027-04-05,2024-08-08,2024-04-20,1,6,TI2351AAA2425,6,BSSP240028,2493.12,05AAECK5765H1ZE,12,30049011,0,85,0,KANHA JI DISTRIBUTORS,file1_2024-2025
DIVYA MUKTA VATI EXTRA POWER 30X4 TAB,दिव्य मुक्तावटी एक्स्ट्रा पावर 30×4 टैबलेट,2029-05-10,2024-08-08,2024-06-05,20,6,TI2351AAA2425,6,AMUE240079,3749.98,05AAECK5765H1ZE,12,30049011,0,225,0,KANHA JI DISTRIBUTORS,file1_2024-2025
KESH KANTI HERBAL MEHANDI (NAT. BLACK)-T,केश कान्ति हर्बल मेहंदी (नेचुरल ब्लैक),2025-05-27,2024-08-08,2024-06-01,40,9,TI2352AAA2425,9,ANBL240144,636.73,05AAECK5765H1ZE,18,33059090,0,20,0,KANHA JI DISTRIBUTORS,file1_2024-2025
DIVYA SHUDDHI CHURNA 100 GM - T,दिव्य शुद्धि चूर्ण 100 ग्राम,2026-05-26,2024-08-08,2024-06-05,25,6,TI2352AAA2425,6,ADSC240027,2604.28,05AAECK5765H1ZE,12,30049011,0,125,0,KANHA JI DISTRIBUTORS,file1_2024-2025
DIVYA MADHUGRIT 60 N - T,दिव्य मधुग्रिट 60 नग,2027-05-18,2024-08-08,2024-06-02,20,6,TI2352AAA2425,6,BMDT240049,4999.9,05AAECK5765H1ZE,12,30049011,0,300,0,KANHA JI DISTRIBUTORS,file1_2024-2025
DIVYA MADHUNASHNI VATI EX.POWER 30X4 TAB,दिव्य मधुनाशिनी वटी एक्स्ट्रा पावर 30×4 टैबलेट,2027-05-18,2024-08-08,2024-06-02,20,6,TI2352AAA2425,6,BMNE240160,3749.98,05AAECK5765H1ZE,12,30049011,0,225,0,KANHA JI DISTRIBUTORS,file1_2024-2025
DIVYA MEDHA VATI EX.POWER 30X4 TAB,दिव्य मेधा वटी एक्स्ट्रा पावर 30×4 टैबलेट,2029-03-25,2024-08-08,2024-04-20,20,6,TI2352AAA2425,6,BMDE240056,4166.62,05AAECK5765H1ZE,12,30049011,0,250,0,KANHA JI DISTRIBUTORS,file1_2024-2025
Mahayograj Guggul 60 Tab,महायोगराज गुग्गुल 60 टैबलेट,2029-04-14,2024-08-08,2024-05-10,20,2.5,TI2352AAA2425,2.5,BMYG240006,1500.03,05AAECK5765H1ZE,5,30049011,0,90,0,KANHA JI DISTRIBUTORS,file1_2024-2025
TRIPHALA CHURNA -100GM,त्रिफला चूर्ण 100 ग्राम,2026-05-26,2024-08-08,2024-06-05,25,2.5,TI2352AAA2425,2.5,ATPC240079,625.01,05AAECK5765H1ZE,5,30049011,0,30,0,KANHA JI DISTRIBUTORS,file1_2024-2025
ANTI WRINKLE CREAM 50 G,एंटी रिंकल क्रीम 50 ग्राम,2026-06-13,2024-08-08,2024-06-13,12,9,TI2352AAA2425,9,AAR2400006,1405.66,05AAECK5765H1ZE,18,33049910,0,150,0,KANHA JI DISTRIBUTORS,file1_2024-2025
DIVYA KAYAKALP TAILA ADVANCE 100 ML,दिव्य कायाकल्प तैल एडवांस 100 मि.ली.,2027-03-10,2024-08-08,2024-03-10,25,6,TI2352AAA2425,6,BKTA240007,4166.68,05AAECK5765H1ZE,12,30049011,0,200,0,KANHA JI DISTRIBUTORS,file1_2024-2025
Divya Swasari Kwath 100 Gm,दिव्य स्वासारी क्वाथ 100 ग्राम,2026-02-23,2024-08-08,2024-03-05,25,6,TI2352AAA2425,6,ASSK240010,1666.56,05AAECK5765H1ZE,12,30049011,0,80,0,KANHA JI DISTRIBUTORS,file1_2024-2025
Triphala Guggul 40 Tab,त्रिफला गुग्गुल 40 टैबलेट,2029-04-14,2024-08-08,2024-05-10,20,2.5,TI2352AAA2425,2.5,BTPG240026,666.75,05AAECK5765H1ZE,5,30049011,0,40,0,KANHA JI DISTRIBUTORS,file1_2024-2025
EARGRIT EARDROP 15 ML,ईयरग्रिट ईयरड्रॉप 15 मि.ली.,2025-04-05,2024-08-08,2024-04-05,20,6,TI2352AAA2425,6,AAWB240006,1515.36,05AAECK5765H1ZE,12,30049011,0,95,0,KANHA JI DISTRIBUTORS,file1_2024-2025
SAUNDARYA ALOEVERA GEL 150 ML,सौंदर्य एलोवेरा जेल 150 मि.ली.,2025-12-25,2024-08-08,2024-07-03,20,9,TI2352AAA2425,9,AAHP240112,1629.82,05AAECK5765H1ZE,18,33049910,0,100,0,KANHA JI DISTRIBUTORS,file1_2024-2025
Trikatu Churna 10 Gm,त्रिकटु चूर्ण 10 ग्राम,2026-01-10,2024-08-16,2024-01-21,25,2.5,TI2506AAA2425,2.5,ATKC240004,416.59,05AAECK5765H1ZE,5,30049011,0,20,0,KANHA JI DISTRIBUTORS,file1_2024-2025
BALM 25 GM (144 PC),बाम 25 ग्राम (144 नग),2027-07-01,2024-08-16,2024-07-01,48,6,TI2506AAA2425,6,AV12400024,1929.45,05AAECK5765H1ZE,12,30049011,0,60,0,KANHA JI DISTRIBUTORS,file1_2024-2025
DIVYA MAHAMANJISTHADI KW. PRA.- 450ML,दिव्य महामंजिष्ठादि क्वाथ प्रायोगिक 450 मि.ली.,2034-03-20,2024-08-16,2024-05-11,1,2.5,TI2506AAA2425,2.5,MMP240007,1755,05AAECK5765H1ZE,5,30049011,0,135,0,KANHA JI DISTRIBUTORS,file1_2024-2025
TRADITIONAL WHOLE WHEAT ATTA 10 KG(UK),पारंपरिक गेहूं का आटा 10 किग्रा (यूके),2024-11-21,2024-08-16,2024-07-24,2,2.5,TI2507AAA2425,2.5,PDBKP24016,3677.31,05AAECK5765H1ZE,5,11010000,0,410,0,KANHA JI DISTRIBUTORS,file1_2024-2025
MADHURAM 1 KG,मधुरम गुड़ पाउडर 1 किग्रा,2025-07-22,2024-08-16,2024-07-22,1,2.5,TI2507AAA2425,2.5,AHG2400166,2291.63,05AAECK5765H1ZE,5,17011410,0,85,0,KANHA JI DISTRIBUTORS,file1_2024-2025
DOODH BISCUIT 70 GM (100 PC),दूध बिस्किट 70 ग्राम (100 नग),2025-01-22,2024-08-16,2024-07-26,2,9,TI2507AAA2425,9,GT24/BP1,1706.28,05AAECK5765H1ZE,18,19053100,0,10,0,KANHA JI DISTRIBUTORS,file1_2024-2025
AASTHA ROLI (POUCH)-20G,आस्था रोली (पाउच) 20 ग्राम,2027-06-27,2024-08-14,2024-07-12,96,0,TI30189AAA2425,0,ABVT240002,592.32,05AELPS3782C1ZD,0,33049940,0,15,0,DEEPAK TRADERS,file1_2024-2025
AASTHA CHANDAN (POUCH)-20G,आस्था चंदन (पाउच) 20 ग्राम,2027-07-07,2024-08-14,2024-07-22,96,0,TI30189AAA2425,0,ABVU240001,592.32,05AELPS3782C1ZD,0,33049940,0,15,0,DEEPAK TRADERS,file1_2024-2025
AASTHA SINDOOR (POUCH) -20G,आस्था सिंदूर (पाउच) 20 ग्राम,2027-07-20,2024-08-14,2024-08-04,96,0,TI30189AAA2425,0,ABVV240001,720.96,05AELPS3782C1ZD,0,33049940,0,15,0,DEEPAK TRADERS,file1_2024-2025
AASTHA PREMIUM SANDAL DHOOP - 20 N,आस्था प्रीमियम चंदन धूप 20 नग,2026-05-06,2024-08-14,2024-05-16,30,2.5,TI30189AAA2425,2.5,AAWE240025,642.92,05AELPS3782C1ZD,5,33074100,0,35,0,DEEPAK TRADERS,file1_2024-2025
AASTHA PREMIUM DELUXE DHOOP - 20 N,आस्था प्रीमियम डीलक्स धूप 20 नग,2026-06-14,2024-08-14,2024-06-24,30,2.5,TI30189AAA2425,2.5,AAWF240003,642.92,05AELPS3782C1ZD,5,33074100,0,35,0,DEEPAK TRADERS,file1_2024-2025
AASTHA CHAMPA CONE DHOOP - 200 GM,आस्था चंपा कोन धूप 200 ग्राम,2026-07-07,2024-08-14,2024-07-17,6,2.5,TI30189AAA2425,2.5,AAUX240028,431.74,05AELPS3782C1ZD,5,33074100,0,120,0,DEEPAK TRADERS,file1_2024-2025
AASTHA ROSE CONE DHOOP - 200 GM,आस्था गुलाब कोन धूप 200 ग्राम,2026-06-21,2024-08-14,2024-07-01,6,2.5,TI30189AAA2425,2.5,AAUY240036,431.74,05AELPS3782C1ZD,5,33074100,0,120,0,DEEPAK TRADERS,file1_2024-2025
AASTHA BOUQUET CONE DHOOP - 200 GM,आस्था बुके कोन धूप 200 ग्राम,2026-06-16,2024-08-14,2024-06-26,6,2.5,TI30189AAA2425,2.5,AAWA240023,431.74,05AELPS3782C1ZD,5,33074100,0,120,0,DEEPAK TRADERS,file1_2024-2025
AASTHA BAMBOOLESS AGARBATI BUDDHA -80G,आस्था बांस रहित अगरबत्ती बुद्धा 80 ग्राम,2027-06-30,2024-08-14,2024-07-15,6,2.5,TI30189AAA2425,2.5,ABTT240020,196.06,05AELPS3782C1ZD,5,33074100,0,60,0,DEEPAK TRADERS,file1_2024-2025
AASTHA BAMBOOLESS AGARBATI SANDAL-80G,आस्था बांस रहित अगरबत्ती चंदन 80 ग्राम,2027-07-19,2024-08-14,2024-08-03,6,2.5,TI30189AAA2425,2.5,ABWJ240001,196.06,05AELPS3782C1ZD,5,33074100,0,60,0,DEEPAK TRADERS,file1_2024-2025
AASTHA BAMBOOLESS AGARBATI WHITEROSE-80G,आस्था बांस रहित अगरबत्ती सफेद गुलाब 80 ग्राम,2027-07-18,2024-08-14,2024-08-02,6,2.5,TI30189AAA2425,2.5,ABWK240001,196.06,05AELPS3782C1ZD,5,33074100,0,60,0,DEEPAK TRADERS,file1_2024-2025
AASTHA ASHTAGANDHA -25 GM,आस्था अष्टगंधा 25 ग्राम,2029-06-15,2024-08-14,2024-07-11,12,2.5,TI30189AAA2425,2.5,ABVZ240002,294.08,05AELPS3782C1ZD,5,33074900,0,45,0,DEEPAK TRADERS,file1_2024-2025
AASTHA ROYAL 3-IN-1 - 16 GM,आस्था रॉयल 3-इन-1 अगरबत्ती 16 ग्राम,2027-05-30,2024-08-14,2024-06-14,24,2.5,TI30189AAA2425,2.5,ABBQ240003,148.18,05AELPS3782C1ZD,5,33074100,0,12,0,DEEPAK TRADERS,file1_2024-2025
AASTHA ROYAL BLACK PEARL AGARBATTI- 16 G,आस्था रॉयल ब्लैक पर्ल अगरबत्ती 16 ग्राम,2027-02-06,2024-08-14,2024-02-22,24,2.5,TI30189AAA2425,2.5,ABBF240001,148.18,05AELPS3782C1ZD,5,33074100,0,12,0,DEEPAK TRADERS,file1_2024-2025
AASTHA ROYAL DIVISHA AGARBATTI - 16 GM,आस्था रॉयल दिविशा अगरबत्ती 16 ग्राम,2027-02-18,2024-08-14,2024-03-05,24,2.5,TI30189AAA2425,2.5,AAYF240003,148.18,05AELPS3782C1ZD,5,33074100,0,12,0,DEEPAK TRADERS,file1_2024-2025
AASTHA ROYAL JASMINE AGARBATTI - 16 GM,आस्था रॉयल चमेली अगरबत्ती 16 ग्राम,2027-04-21,2024-08-14,2024-05-06,24,2.5,TI30189AAA2425,2.5,ABBI240002,148.18,05AELPS3782C1ZD,5,33074100,0,12,0,DEEPAK TRADERS,file1_2024-2025
AASTHA ROYAL KASTURI AGARBATTI - 16 GM,आस्था रॉयल कस्तूरी अगरबत्ती 16 ग्राम,2027-04-07,2024-08-14,2024-04-22,24,2.5,TI30189AAA2425,2.5,AAWX240002,148.18,05AELPS3782C1ZD,5,33074100,0,12,0,DEEPAK TRADERS,file1_2024-2025
AASTHA ROYAL ROSE AGARBATTI - 16 GM,आस्था रॉयल गुलाब अगरबत्ती 16 ग्राम,2027-04-19,2024-08-14,2024-05-04,24,2.5,TI30189AAA2425,2.5,AAWV240005,148.18,05AELPS3782C1ZD,5,33074100,0,12,0,DEEPAK TRADERS,file1_2024-2025
AASTHA COTTON WICKS PLAIN 25 GM,आस्था कपास रूई बत्ती 25 ग्राम,2027-06-06,2024-08-14,2024-06-21,16,0,TI30189AAA2425,0,A0M2400038,463.36,05AELPS3782C1ZD,0,33049940,0,40,0,DEEPAK TRADERS,file1_2024-2025
AASTHA AIR FRESHNER (PBSMRF)MIX 250 ML-T,आस्था एयर फ्रेशनर (पीबीएसएमआरएफ) मिक्स 250 मि.ली.,2026-09-15,2024-08-14,2023-10-01,12,9,TI30189AAA2425,9,AF2023-50,1268.88,05AELPS3782C1ZD,18,33079090,0,185,0,DEEPAK TRADERS,file1_2024-2025
Avipattikar Churna 100 Gm,अविपत्तिकर चूर्ण 100 ग्राम,2026-05-01,2024-08-22,2024-05-11,25,2.5,TI2601AAA2425,2.5,BAVC240013,1250.03,05AAECK5765H1ZE,5,30049011,0,60,0,KANHA JI DISTRIBUTORS,file1_2024-2025
COWS GHEE 500 ML - T,गाय का घी 500 मि.ली.,2025-05-11,2024-08-22,2024-08-14,1,6,TI2601AAA2425,6,FAWD240034,9812.88,05AAECK5765H1ZE,12,4059020,0,355,0,KANHA JI DISTRIBUTORS,file1_2024-2025
DANT KANTI NATURAL(200GX3)BIG SAVER PACK,दंत कान्ति नेचुरल (200 ग्राम × 3) बड़ा बचत पैक,2026-06-22,2024-08-22,2024-07-02,2,9,TI2601AAA2425,9,AAPW240019,11317.8,05AAECK5765H1ZE,18,33061020,0,280,0,KANHA JI DISTRIBUTORS,file1_2024-2025
MOONG CHILKA 1000 GM (R1),मूंग दाल छिलका 1000 ग्राम,2025-05-02,2024-08-22,2024-08-05,2,2.5,TI2601AAA2425,2.5,BPRMC24016,2596.65,05AAECK5765H1ZE,5,7133190,0,150,0,KANHA JI DISTRIBUTORS,file1_2024-2025
GONYLE FLOOR CLEANER - 1 LTR,गोनाइल फ्लोर क्लीनर 1 लीटर,2025-08-03,2024-08-22,2024-08-08,1,9,TI2601AAA2425,9,2465/24-25,623.89,05AAECK5765H1ZE,18,38084000,0,70,0,KANHA JI DISTRIBUTORS,file1_2024-2025
TRIPHALA CHURNA -100GM,त्रिफला चूर्ण 100 ग्राम,2026-05-26,2024-08-22,2024-06-05,25,2.5,TI2601AAA2425,2.5,ATPC240079,612.41,05AAECK5765H1ZE,5,30049011,0,30,0,KANHA JI DISTRIBUTORS,file1_2024-2025
Chandraprabha Vati 40 Tab,चंद्रप्रभा वटी 40 टैबलेट,2029-02-17,2024-08-22,2024-03-15,20,2.5,TI2601AAA2425,2.5,BCPV240073,716.73,05AAECK5765H1ZE,5,30049011,0,43,0,KANHA JI DISTRIBUTORS,file1_2024-2025
ASHVASHILA -11 GM (STRIP),अश्वशिला स्ट्रिप 11 ग्राम,2026-06-25,2024-08-22,2024-07-05,20,6,TI2601AAA2425,6,AASP240030,1435.68,05AAECK5765H1ZE,12,30049011,0,100,0,KANHA JI DISTRIBUTORS,file1_2024-2025
DIVYA LIVAMRIT ADVANCE 60 N - T,दिव्य लिवामृत एडवांस 60 नग,2027-04-26,2024-08-22,2024-05-11,20,6,TI2601AAA2425,6,ALAT240026,3920,05AAECK5765H1ZE,12,30049011,0,240,0,KANHA JI DISTRIBUTORS,file1_2024-2025
K.K. COLOR NATURAL BLACK (CREAM & DEV)-T,के.के. कलर नेचुरल ब्लैक (क्रीम एवं डेवलपर),2025-05-27,2024-08-22,2024-06-01,20,9,TI2601AAA2425,9,ACBD240038,636.73,05AAECK5765H1ZE,18,33059090,0,40,0,KANHA JI DISTRIBUTORS,file1_2024-2025
LIVAMRIT SYRUP - 200 ML,लिवामृत सिरप 200 मि.ली.,2026-07-08,2024-08-22,2024-07-08,24,6,TI2601AAA2425,6,A8B2400076,1688.33,05AAECK5765H1ZE,12,30049011,0,90,0,KANHA JI DISTRIBUTORS,file1_2024-2025
BROWN BASMATI RICE POUCH 1 KG,भूरा बासमती चावल पाउच 1 किग्रा,2026-07-06,2024-08-22,2024-07-16,1,2.5,TI2601AAA2425,2.5,E7E2400005,2018.31,05AAECK5765H1ZE,5,10063020,0,140,0,KANHA JI DISTRIBUTORS,file1_2024-2025
ALOEVERA JUICE 1 L (FIBRE),एलोवेरा रस (फाइबर युक्त) 1 लीटर,2025-04-20,2024-08-29,2024-07-24,1,6,TI2741AAA2425,6,PGD2400360,1768.77,05AAECK5765H1ZE,12,30049011,0,210,0,KANHA JI DISTRIBUTORS,file1_2024-2025
SUGAR 1 KG,चीनी 1 किग्रा,2026-07-07,2024-08-29,2024-07-17,1,2.5,TI2741AAA2425,2.5,BAGQ240067,1800.54,05AAECK5765H1ZE,5,17011490,0,65,0,KANHA JI DISTRIBUTORS,file1_2024-2025
COCONUT OIL 200 ML (B) TRADE OFFER,नारियल तेल 200 मि.ली. (बी) ट्रेड ऑफर,2025-09-05,2024-08-29,2024-06-12,1,2.5,TI2741AAA2425,2.5,ABUJ240007,2866.25,05AAECK5765H1ZE,5,15131900,0,70,0,KANHA JI DISTRIBUTORS,file1_2024-2025
TURMERIC POWDER 500 GM,हल्दी पाउडर 500 ग्राम,2025-07-11,2024-08-29,2024-07-11,1,2.5,TI2741AAA2425,2.5,ALC2400024,1656.3,05AAECK5765H1ZE,5,9103030,0,200,0,KANHA JI DISTRIBUTORS,file1_2024-2025
KARELA JAMUN 50-50 JUICE - 500 ML,करेला-जामुन 50-50 रस 500 मि.ली.,2025-08-07,2024-08-29,2024-08-07,2,6,TI2741AAA2425,6,ABPB240013,2871.32,05AAECK5765H1ZE,12,30049011,0,150,0,KANHA JI DISTRIBUTORS,file1_2024-2025
Punarnavadi Mandoor 60 Tab,पुनर्नवादि मांडूर 60 टैबलेट,2034-05-11,2024-08-29,2024-07-02,20,2.5,TI2741AAA2425,2.5,BPNM240032,916.65,05AAECK5765H1ZE,5,30049011,0,55,0,KANHA JI DISTRIBUTORS,file1_2024-2025
Divya Sarvakalp Kwath 100 Gm,दिव्य सर्वकल्प क्वाथ 100 ग्राम,2026-04-30,2024-08-29,2024-05-10,50,6,TI2741AAA2425,6,ASKK240022,1458.24,05AAECK5765H1ZE,12,30049011,0,35,0,KANHA JI DISTRIBUTORS,file1_2024-2025
GILOY GHAN VATI 60 PC (NEW),गिलोय घन वटी 60 नग (नया),2026-07-06,2024-08-29,2024-07-16,24,6,TI2741AAA2425,6,AAI2400052,1875.96,05AAECK5765H1ZE,12,30049011,0,100,0,KANHA JI DISTRIBUTORS,file1_2024-2025
BANDHANI HING 50 GM (NEW) - T,बंधनी हींग 50 ग्राम (नया),2025-11-30,2024-08-29,2024-05-06,12,2.5,TI2741AAA2425,2.5,CASY240013,1061.3,05AAECK5765H1ZE,5,13019013,0,120,0,KANHA JI DISTRIBUTORS,file1_2024-2025
KESH K. HERBAL MEHANDI (BURGUNDY) 15GM-T,केश कान्ति हर्बल मेहंदी (बरगंडी) 15 ग्राम,2025-02-24,2024-08-29,2024-03-01,20,9,TI2741AAA2425,9,ABUR240003,477.43,05AAECK5765H1ZE,18,33059090,0,30,0,KANHA JI DISTRIBUTORS,file1_2024-2025
SUGAR 5 KG,चीनी 5 किग्रा,2026-06-16,2024-08-29,2024-06-26,1,2.5,TI2741AAA2425,2.5,BAIW240040,1744.97,05AAECK5765H1ZE,5,17011490,0,315,0,KANHA JI DISTRIBUTORS,file1_2024-2025
MUSTARD OIL 5 L (J)-T,सरसों का तेल 5 लीटर,2025-08-16,2024-09-04,2024-08-21,1,2.5,TI2861AAA2425,2.5,N3B2400028,2862.17,05AAECK5765H1ZE,5,15149920,0,775,0,KANHA JI DISTRIBUTORS,file1_2024-2025
NUT SPT ORG OMEGA 3679,"न्यूट्रेला नट्रिशन सप्लीमेंट ओमेगा 3, 6, 7, 9 युक्त",2026-07-01,2024-09-04,2024-07-01,1,9,TI2861AAA2425,9,ABUU240002,333.34,05AAECK5765H1ZE,18,21069099,0,550,0,KANHA JI DISTRIBUTORS,file1_2024-2025
Divya Hawan Samagari 500 Gm-DUP,दिव्य हवन सामग्री 500 ग्राम,2026-05-10,2024-09-04,2024-05-20,1,2.5,TI2861AAA2425,2.5,ADHS240028,1666.77,05AAECK5765H1ZE,5,33074100,0,100,0,KANHA JI DISTRIBUTORS,file1_2024-2025
HERBO WASH DETERGENT POWDER 500 G-T,हर्बो वॉश डिटर्जेंट पाउडर 500 ग्राम,2029-06-04,2024-09-04,2024-06-05,1,9,TI2861AAA2425,9,BN42400005,1491.52,05AAECK5765H1ZE,18,34029011,0,43,0,KANHA JI DISTRIBUTORS,file1_2024-2025
DOODH BISCUIT 70 GM (100 PC),दूध बिस्किट 70 ग्राम (100 नग),2025-02-20,2024-09-04,2024-08-24,1,9,TI2861AAA2425,9,HR24/BP1,853.14,05AAECK5765H1ZE,18,19053100,0,10,0,KANHA JI DISTRIBUTORS,file1_2024-2025
DOODH BISCUIT 35 GM (200 PC),दूध बिस्किट 35 ग्राम (200 नग),2025-02-21,2024-09-04,2024-08-25,1,9,TI2861AAA2425,9,HT24/AV9,851.96,05AAECK5765H1ZE,18,19053100,0,5,0,KANHA JI DISTRIBUTORS,file1_2024-2025
MUSTARD OIL 1 L (P)-T,सरसों का तेल 1 लीटर,2025-08-23,2024-09-04,2024-08-28,1,2.5,TI2861AAA2425,2.5,N2B2400061,1630.82,05AAECK5765H1ZE,5,15149920,0,150,0,KANHA JI DISTRIBUTORS,file1_2024-2025
Chirayta Kwath 100 GM,चिरायता क्वाथ 100 ग्राम,2026-07-24,2024-09-04,2024-08-03,25,2.5,TI2861AAA2425,2.5,ACRK240010,1875.04,05AAECK5765H1ZE,5,30049011,0,90,0,KANHA JI DISTRIBUTORS,file1_2024-2025
PAT NUTRELA VIT D2K NATURAL VANILA(60),न्यूट्रेला विटामिन D2K नेचुरल वनीला (60 नग),2026-07-06,2024-09-04,2024-07-06,6,9,TI2861AAA2425,9,AANU240009,1136.34,05AAECK5765H1ZE,18,21069099,0,250,0,KANHA JI DISTRIBUTORS,file1_2024-2025
BEAUTY CREAM ADV.- 50 G,ब्यूटी क्रीम एडवांस 50 ग्राम,2026-06-19,2024-09-04,2024-06-19,24,9,TI2861AAA2425,9,ABED240004,1780.48,05AAECK5765H1ZE,18,33049910,0,95,0,KANHA JI DISTRIBUTORS,file1_2024-2025
DRISHTI EYE DROP 10 ML (NEW),दृष्टि नेत्र ड्रॉप 10 मि.ली. (नया),2025-07-05,2024-09-04,2024-07-05,40,6,TI2861AAA2425,6,AAST240035,637.95,05AAECK5765H1ZE,12,30049011,0,20,0,KANHA JI DISTRIBUTORS,file1_2024-2025
DIVYA ASHWAGANDHA CHURNA - 100 GM,दिव्य अश्वगंधा चूर्ण 100 ग्राम,2026-07-24,2024-09-04,2024-08-03,25,2.5,TI2861AAA2425,2.5,AAGC240041,1735.39,05AAECK5765H1ZE,5,30049011,0,85,0,KANHA JI DISTRIBUTORS,file1_2024-2025
ASHVAGANDHA -11 GM (STRIP),अश्वगंधा स्ट्रिप 11 ग्राम,2026-07-14,2024-09-04,2024-07-24,20,6,TI2861AAA2425,6,AASZ240025,1292.09,05AAECK5765H1ZE,12,30049011,0,90,0,KANHA JI DISTRIBUTORS,file1_2024-2025
TOMATO KETCHUP W/O ONION GRLC 950GM(P)-T,टमाटर केचप (बिना प्याज व लहसुन) 950 ग्राम,2025-04-12,2024-09-04,2024-07-16,1,6,TI2861AAA2425,6,DQU2400019,1202.88,05AAECK5765H1ZE,12,21032000,0,150,0,KANHA JI DISTRIBUTORS,file1_2024-2025
MIXED FRUIT JAM 500 G,मिश्रित फल जैम 500 ग्राम,2025-12-05,2024-09-04,2024-06-13,1,6,TI2861AAA2425,6,BAW2400015,962.3,05AAECK5765H1ZE,12,20079990,0,125,0,KANHA JI DISTRIBUTORS,file1_2024-2025
DIVYA ASHWAGANDHARISHTA - 450 ML,दिव्य अश्वगंधारिष्ट 450 मि.ली.,2034-05-19,2024-09-04,2024-07-10,1,2.5,TI2861AAA2425,2.5,ASG240013,2274.98,05AAECK5765H1ZE,5,30049011,0,175,0,KANHA JI DISTRIBUTORS,file1_2024-2025
AMLA JUICE 1 L,आंवला रस 1 लीटर,2025-08-08,2024-09-04,2024-08-08,1,6,TI2861AAA2425,6,AGH2400163,1179.18,05AAECK5765H1ZE,12,30049011,0,140,0,KANHA JI DISTRIBUTORS,file1_2024-2025
COWS WHOLE MILK POWDER 500-GM,गाय का पूर्ण दूध पाउडर 500 ग्राम,2025-02-06,2024-09-04,2024-08-10,1,2.5,TI2861AAA2425,2.5,BLB2400011,4810.93,05AAECK5765H1ZE,5,4021090,0,235,0,KANHA JI DISTRIBUTORS,file1_2024-2025
TWISTY TASTY BISCUIT 70 GM,ट्विस्टी टेस्टी बिस्किट 70 ग्राम,2025-02-22,2024-09-04,2024-08-26,1,9,TI2861AAA2425,9,HU24/BP1,426.57,05AAECK5765H1ZE,18,19059020,0,10,0,KANHA JI DISTRIBUTORS,file1_2024-2025
KESH KANTI ADV. H.H. EXPERT SHAMPO-100ML,केश कान्ति एडवांस हेयर एक्सपर्ट शैम्पू 100 मि.ली.,2026-06-27,2024-09-04,2024-06-27,12,9,TI2861AAA2425,9,AAWT240006,1038.92,05AAECK5765H1ZE,18,33051090,0,120,0,KANHA JI DISTRIBUTORS,file1_2024-2025
PAT NUTRELA BONE HEALTH NATURAL CAPSULE,न्यूट्रेला बोन हेल्थ नेचुरल कैप्सूल,2027-07-05,2024-09-04,2024-07-05,3,6,TI2861AAA2425,6,AANN240012,454.54,05AAECK5765H1ZE,12,30049011,0,250,0,KANHA JI DISTRIBUTORS,file1_2024-2025
PEEDANTAK PAIN RELIEVER 50 G,पीड़ान्तक दर्द निवारक क्रीम 50 ग्राम,2026-08-12,2024-09-04,2024-08-12,12,6,TI2861AAA2425,6,AAD2400005,669.98,05AAECK5765H1ZE,12,30049011,0,70,0,KANHA JI DISTRIBUTORS,file1_2024-2025
SHATAVAR CHURNA (Ayurvedic Medicine),शतावरी चूर्ण (आयुर्वेदिक औषधि),2025-07-18,2024-09-04,2024-07-18,5,2.5,TI2861AAA2425,2.5,ABEE240066,783.77,05AAECK5765H1ZE,5,30049011,0,200,0,KANHA JI DISTRIBUTORS,file1_2024-2025
AMLA CANDY 250 G,आंवला कैंडी 250 ग्राम,2025-07-02,2024-09-04,2024-07-02,12,2.5,TI2861AAA2425,2.5,ABLX240051,777.36,05AAECK5765H1ZE,5,8112010,0,90,0,KANHA JI DISTRIBUTORS,file1_2024-2025
MUNAKKA RAISIN 250 GM (MONO),मुनक्का किशमिश 250 ग्राम,2025-01-01,2024-09-04,2024-07-05,2,2.5,TI2861AAA2425,2.5,AARU240012,484.34,05AAECK5765H1ZE,5,8062090,0,270,0,KANHA JI DISTRIBUTORS,file1_2024-2025
FIG (ANJEER) 250 GM (MONO),अंजीर 250 ग्राम,2025-02-03,2024-09-04,2024-08-07,1,6,TI2861AAA2425,6,AARX240019,447.27,05AAECK5765H1ZE,12,8042090,0,500,0,KANHA JI DISTRIBUTORS,file1_2024-2025
TUVAR DAL 1000 GM (R1),अरहर दाल 1000 ग्राम,2025-05-17,2024-09-11,2024-08-20,1,2.5,TI2986AAA2425,2.5,BPRAD24021,2250.47,05AAECK5765H1ZE,5,7136000,0,260,0,KANHA JI DISTRIBUTORS,file1_2024-2025
ALOEVERA JUICE 1 L (FIBRE),एलोवेरा रस (फाइबर युक्त) 1 लीटर,2025-05-10,2024-09-11,2024-08-13,1,6,TI2986AAA2425,6,PGD2400390,1768.77,05AAECK5765H1ZE,12,30049011,0,210,0,KANHA JI DISTRIBUTORS,file1_2024-2025
OATS 500GM - T,ओट्स 500 ग्राम,2025-08-10,2024-09-11,2024-08-10,1,2.5,TI2986AAA2425,2.5,ANO100824,1700.5,05AAECK5765H1ZE,5,11041200,0,100,0,KANHA JI DISTRIBUTORS,file1_2024-2025
ATTA NOODLES CHATPATA-60 GM (96 PC) - T,आटा नूडल्स चटपटा 60 ग्राम (96 नग),2025-05-04,2024-09-11,2024-08-07,1,6,TI2986AAA2425,6,CH070824,925.75,05AAECK5765H1ZE,12,19022090,0,12,0,KANHA JI DISTRIBUTORS,file1_2024-2025
DIGESTIVE BISCUIT 100 GM,डाइजेस्टिव बिस्किट 100 ग्राम,2025-02-19,2024-09-11,2024-08-23,1,9,TI2986AAA2425,9,HR24/AV9,771.44,05AAECK5765H1ZE,18,19053100,0,20,0,KANHA JI DISTRIBUTORS,file1_2024-2025
MUSTARD OIL 1 L (P)-T,सरसों का तेल 1 लीटर,2025-08-24,2024-09-11,2024-08-29,10,2.5,TI2986AAA2425,2.5,O2B2400028,16308.18,05AAECK5765H1ZE,5,15149920,0,150,0,KANHA JI DISTRIBUTORS,file1_2024-2025
SPE. CHYWNPRSH 1 KG - FREE HONEY 100 GM,विशेष च्यवनप्राश 1 किग्रा + मुफ्त शहद 100 ग्राम,2026-12-16,2024-09-11,2024-01-01,1,6,TI2986AAA2425,6,ABKF240002,2928.65,05AAECK5765H1ZE,12,30049011,0,360,0,KANHA JI DISTRIBUTORS,file1_2024-2025
PATANJALI HONEY 100 GM (OFFER PACK),पतंजलि शहद 100 ग्राम (ऑफर पैक),2025-06-25,2024-09-11,2024-01-02,12,2.5,TI2986AAA2425,2.5,ABKG240002,0.69,05AAECK5765H1ZE,5,4090000,0,1.14583,0,KANHA JI DISTRIBUTORS,file1_2024-2025
NAVRATNA ATTA 2 KG,नवरत्न आटा 2 किग्रा,2025-02-15,2024-09-11,2024-08-19,1,2.5,TI2986AAA2425,2.5,AHV2400028,2959.95,05AAECK5765H1ZE,5,11010000,0,165,0,KANHA JI DISTRIBUTORS,file1_2024-2025
HERBAL POWERVITA PLUS - 500 GM REFILL -T,हर्बल पावरवीटा प्लस 500 ग्राम रीफिल,2025-04-15,2024-09-11,2024-07-19,1,9,TI2986AAA2425,9,ASZ2400015,3981.51,05AAECK5765H1ZE,18,19019090,0,205,0,KANHA JI DISTRIBUTORS,file1_2024-2025
FORTIFIED SOYABEAN OIL 1 LTR (P) - T,फोर्टिफाइड सोयाबीन तेल 1 लीटर,2025-05-07,2024-09-11,2024-08-10,2,2.5,TI2986AAA2425,2.5,BR2B240030,2693.12,05AAECK5765H1ZE,5,15079010,0,125,0,KANHA JI DISTRIBUTORS,file1_2024-2025
RICE BRAN OIL 1 LTR (P),चावल की भूसी का तेल 1 लीटर,2025-05-23,2024-09-11,2024-08-26,1,2.5,TI2986AAA2425,2.5,ORE2400052,1413.47,05AAECK5765H1ZE,5,15159040,0,130,0,KANHA JI DISTRIBUTORS,file1_2024-2025
MADHURAM 1 KG,मधुरम गुड़ पाउडर 1 किग्रा,2025-08-09,2024-09-11,2024-08-09,1,2.5,TI2986AAA2425,2.5,AHG2400184,2177.05,05AAECK5765H1ZE,5,17011410,0,85,0,KANHA JI DISTRIBUTORS,file1_2024-2025
TRADITIONAL WHOLE WHEAT ATTA 5 KG(UK),पारंपरिक गेहूं का आटा 5 किग्रा (यूके),2024-12-20,2024-09-11,2024-08-22,1,2.5,TI2986AAA2425,2.5,PDBKQ24019,1542.74,05AAECK5765H1ZE,5,11010000,0,215,0,KANHA JI DISTRIBUTORS,file1_2024-2025
TRADITIONAL WHOLE WHEAT ATTA 10 KG(UK),पारंपरिक गेहूं का आटा 10 किग्रा (यूके),2024-12-21,2024-09-11,2024-08-23,1,2.5,TI2986AAA2425,2.5,PDBKP24020,1838.66,05AAECK5765H1ZE,5,11010000,0,410,0,KANHA JI DISTRIBUTORS,file1_2024-2025
Avipattikar Churna 100 Gm,अविपत्तिकर चूर्ण 100 ग्राम,2026-07-25,2024-09-11,2024-08-04,50,2.5,TI2986AAA2425,2.5,BAVC240016,2500.05,05AAECK5765H1ZE,5,30049011,0,60,0,KANHA JI DISTRIBUTORS,file1_2024-2025
GROUNDNUT OIL 1 LTR (P),मूंगफली का तेल 1 लीटर,2025-05-26,2024-09-11,2024-08-29,1,2.5,TI2986AAA2425,2.5,ORQ2400032,2228.81,05AAECK5765H1ZE,5,15089091,0,205,0,KANHA JI DISTRIBUTORS,file1_2024-2025
SESAME OIL 1 L (B)-T,तिल का तेल 1 लीटर,2025-04-11,2024-09-11,2024-07-15,1,2.5,TI2986AAA2425,2.5,JACQ240036,2868.73,05AAECK5765H1ZE,5,15155091,0,295,0,KANHA JI DISTRIBUTORS,file1_2024-2025
BADAM PAK 500 G,बादाम पाक 500 ग्राम,2026-07-28,2024-09-11,2024-08-07,6,6,TI2987AAA2425,6,ACY2400008,1315.98,05AAECK5765H1ZE,12,30049011,0,275,0,KANHA JI DISTRIBUTORS,file1_2024-2025
DIVYA MUKTA VATI EXTRA POWER 30X4 TAB,दिव्य मुक्तावटी एक्स्ट्रा पावर 30×4 टैबलेट,2029-06-06,2024-09-11,2024-07-02,20,6,TI2987AAA2425,6,AMUE240096,3674.94,05AAECK5765H1ZE,12,30049011,0,225,0,KANHA JI DISTRIBUTORS,file1_2024-2025
DIVYA MADHUNASHNI VATI EX.POWER 30X4 TAB,दिव्य मधुनाशिनी वटी एक्स्ट्रा पावर 30×4 टैबलेट,2027-06-17,2024-09-11,2024-07-02,20,6,TI2987AAA2425,6,BMNE240186,3674.94,05AAECK5765H1ZE,12,30049011,0,225,0,KANHA JI DISTRIBUTORS,file1_2024-2025
K.K. COLOR DARK BROWN (CREAM & DEV)-T,के.के. कलर गाढ़ा भूरा (क्रीम एवं डेवलपर),2025-06-26,2024-09-11,2024-07-01,20,9,TI2987AAA2425,9,ACDD240028,556.96,05AAECK5765H1ZE,18,33059090,0,35,0,KANHA JI DISTRIBUTORS,file1_2024-2025
NUT SPT ORG OMEGA 3679,"न्यूट्रेला नट्रिशन सप्लीमेंट ओमेगा 3, 6, 7, 9 युक्त",2026-07-01,2024-09-11,2024-07-01,3,9,TI2987AAA2425,9,ABUU240002,1000.01,05AAECK5765H1ZE,18,21069099,0,550,0,KANHA JI DISTRIBUTORS,file1_2024-2025
DIVYA SHUNTHI CHURAN (B.P.N) -100GM,दिव्य शुंठी चूर्ण (बी.पी.एन) 100 ग्राम,2026-05-10,2024-09-11,2024-05-20,25,2.5,TI2987AAA2425,2.5,BSUC240009,1354.24,05AAECK5765H1ZE,5,30049011,0,65,0,KANHA JI DISTRIBUTORS,file1_2024-2025
RAISINS 250 GM (MONO),किशमिश 250 ग्राम,2025-02-23,2024-09-11,2024-08-27,6,2.5,TI2987AAA2425,2.5,AARV240025,538.15,05AAECK5765H1ZE,5,8062090,0,100,0,KANHA JI DISTRIBUTORS,file1_2024-2025
GOLD TEA - 10 GM (RS.5) (MT) - T,गोल्ड टी 10 ग्राम (₹5),2025-01-18,2024-09-11,2024-01-19,16,2.5,TI2987AAA2425,2.5,BBNN240001,68.38,05AAECK5765H1ZE,5,9024090,0,5,0,KANHA JI DISTRIBUTORS,file1_2024-2025
EYEGRIT EYE DROP 10 ML,आईग्रिट आई ड्रॉप 10 मि.ली.,2026-08-08,2024-09-11,2024-08-08,40,6,TI2987AAA2425,6,ABQR240014,1306.82,05AAECK5765H1ZE,12,30049011,0,40,0,KANHA JI DISTRIBUTORS,file1_2024-2025
CASHEW (KAJU) 250 GM (MONO),काजू 250 ग्राम,2025-01-13,2024-09-11,2024-07-17,2,2.5,TI2987AAA2425,2.5,AARW240015,493.31,05AAECK5765H1ZE,5,8013220,0,275,0,KANHA JI DISTRIBUTORS,file1_2024-2025
ALMOND (BADAM) 250 GM (MONO),बादाम 250 ग्राम,2025-02-17,2024-09-11,2024-08-21,3,6,TI2987AAA2425,6,AART240025,845.34,05AAECK5765H1ZE,12,8021100,0,315,0,KANHA JI DISTRIBUTORS,file1_2024-2025
BADAM PAK 250 G,बादाम पाक 250 ग्राम,2026-06-24,2024-09-11,2024-07-04,6,6,TI2987AAA2425,6,ACX2400005,693.91,05AAECK5765H1ZE,12,30049011,0,145,0,KANHA JI DISTRIBUTORS,file1_2024-2025
MAKHANA 250 GM,मखाना 250 ग्राम,2025-07-04,2024-09-26,2024-09-07,1,2.5,TI3275AAA2425,2.5,AALI240062,6457.92,05AAECK5765H1ZE,5,8029000,0,450,0,KANHA JI DISTRIBUTORS,file1_2024-2025
DOODH BISCUIT 35 GM (200 PC),दूध बिस्किट 35 ग्राम (200 नग),2025-03-10,2024-09-26,2024-09-11,1,9,TI3275AAA2425,9,IF24/AV9,851.96,05AAECK5765H1ZE,18,19053100,0,5,0,KANHA JI DISTRIBUTORS,file1_2024-2025
TOOTHBRUSH NORMAL HANGER (336 PC) - T,टूथब्रश नॉर्मल हैंगर 336 नग,2029-06-28,2024-09-26,2024-06-29,1,9,TI3275AAA2425,9,290624NL,2680.2,05AAECK5765H1ZE,18,96032100,0,10,0,KANHA JI DISTRIBUTORS,file1_2024-2025
FORTIFIED SUNFLOWER OIL 1 LTR (P) - T,फोर्टिफाइड सूरजमुखी तेल 1 लीटर,2025-06-13,2024-09-26,2024-09-16,2,2.5,TI3275AAA2425,2.5,BR2A240042,3231.65,05AAECK5765H1ZE,5,15121910,0,150,0,KANHA JI DISTRIBUTORS,file1_2024-2025
ATTA NOODLES DESI MASALA 60 GM (96 PC)-T,आटा नूडल्स देसी मसाला 60 ग्राम (96 नग),2025-06-07,2024-09-26,2024-09-10,2,6,TI3275AAA2425,6,DM100924,1851.49,05AAECK5765H1ZE,12,19022090,0,12,0,KANHA JI DISTRIBUTORS,file1_2024-2025
Amla Churna 100 Gm,आंवला चूर्ण 100 ग्राम,2026-08-05,2024-09-26,2024-08-15,25,2.5,TI3275AAA2425,2.5,BAMC240028,729.23,05AAECK5765H1ZE,5,30049011,0,35,0,KANHA JI DISTRIBUTORS,file1_2024-2025
Divya Arshkalp Vati 40 Tab,दिव्य अर्शकल्प वटी 40 टैबलेट,2027-03-16,2024-09-26,2024-03-31,20,6,TI3275AAA2425,6,BAKV240031,749.95,05AAECK5765H1ZE,12,30049011,0,45,0,KANHA JI DISTRIBUTORS,file1_2024-2025
AMLA CANDY 100G POUCH (FSSAI),आंवला कैंडी 100 ग्राम पाउच (एफएसएसएआई प्रमाणित),2025-08-17,2024-09-26,2024-08-17,20,2.5,TI3275AAA2425,2.5,ABJW240069,0.56,05AAECK5765H1ZE,5,8112010,0,40,0,KANHA JI DISTRIBUTORS,file1_2024-2025
HONEY 500GM OFFER WITH AMLA CANDY 100 GM,शहद 500 ग्राम (आंवला कैंडी 100 ग्राम के साथ ऑफर),2026-02-08,2024-09-26,2024-08-17,1,2.5,TI3275AAA2425,2.5,ABJO240016,2855.11,05AAECK5765H1ZE,5,4090000,0,210,0,KANHA JI DISTRIBUTORS,file1_2024-2025
TRADITIONAL WHOLE WHEAT ATTA 10 KG(UK),पारंपरिक गेहूं का आटा 10 किग्रा (यूके),2024-12-20,2024-09-26,2024-08-22,1,2.5,TI3275AAA2425,2.5,PDBKP24019,1838.66,05AAECK5765H1ZE,5,11010000,0,410,0,KANHA JI DISTRIBUTORS,file1_2024-2025
SUPER DISHWASH BAR-225 G B3G1 FREE,सुपर डिशवॉश बार 225 ग्राम (खरीदो 3 पाओ 1 मुफ्त),2027-08-06,2024-09-26,2024-08-06,2,9,TI3275AAA2425,9,AAXW240047,1346.9,05AAECK5765H1ZE,18,34011990,0,72,0,KANHA JI DISTRIBUTORS,file1_2024-2025
SUPER DISHWASH BAR-RS10/- (T.O. FREE 3N),सुपर डिशवॉश बार ₹10/- (ट्रेड ऑफर फ्री 3 नग),2027-08-02,2024-09-26,2024-08-02,1,9,TI3275AAA2425,9,AAXY240161,519.67,05AAECK5765H1ZE,18,34011941,0,10,0,KANHA JI DISTRIBUTORS,file1_2024-2025
BARLEY DALIA 500 G,जौ का दलिया 500 ग्राम,2025-02-09,2024-09-26,2024-08-13,1,2.5,TI3275AAA2425,2.5,PDCU240061,1407.42,05AAECK5765H1ZE,5,11031900,0,55,0,KANHA JI DISTRIBUTORS,file1_2024-2025
BASMATI RICE 5 KG(SILVER) - (NEW),बासमती चावल 5 किग्रा (सिल्वर) (नया),2026-07-30,2024-09-26,2024-08-09,1,2.5,TI3275AAA2425,2.5,EKE2400008,1801.59,05AAECK5765H1ZE,5,10063020,0,635,0,KANHA JI DISTRIBUTORS,file1_2024-2025
DANT KANTI NATURAL TOOTHPASTE 100 GM,दंत कान्ति नेचुरल टूथपेस्ट 100 ग्राम,2026-08-10,2024-10-03,2024-08-20,1,9,TI3402AAA2425,9,AAQA240109,7355.84,05AAECK5765H1ZE,18,33061020,0,60,0,KANHA JI DISTRIBUTORS,file1_2024-2025
HERBO WASH DETERGENT POWDER 1 KG-T,हर्बो वॉश डिटर्जेंट पाउडर 1 किग्रा,2029-06-24,2024-10-03,2024-06-25,1,9,TI3402AAA2425,9,BN52400025,1842.87,05AAECK5765H1ZE,18,34029011,0,85,0,KANHA JI DISTRIBUTORS,file1_2024-2025
GONYLE FLOOR CLEANER - 5 LTR,गोनाइल फ्लोर क्लीनर 5 लीटर,2025-09-04,2024-10-03,2024-09-09,1,9,TI3402AAA2425,9,0610/24-25,980.39,05AAECK5765H1ZE,18,38084000,0,330,0,KANHA JI DISTRIBUTORS,file1_2024-2025
GONYLE FLOOR CLEANER - 1 LTR,गोनाइल फ्लोर क्लीनर 1 लीटर,2025-09-04,2024-10-03,2024-09-09,1,9,TI3402AAA2425,9,2991/24-25,623.89,05AAECK5765H1ZE,18,38084000,0,70,0,KANHA JI DISTRIBUTORS,file1_2024-2025
COWS GHEE 500 ML - T,गाय का घी 500 मि.ली.,2025-06-19,2024-10-03,2024-09-22,1,6,TI3402AAA2425,6,FAWD240046,9567.56,05AAECK5765H1ZE,12,4059020,0,355,0,KANHA JI DISTRIBUTORS,file1_2024-2025
COWS GHEE 1 L - T,गाय का घी 1 लीटर,2025-06-22,2024-10-03,2024-09-25,1,6,TI3402AAA2425,6,FAWC240147,8961.17,05AAECK5765H1ZE,12,4059020,0,665,0,KANHA JI DISTRIBUTORS,file1_2024-2025
BASMATI RICE 1 KG(SILVER) - (NEW),बासमती चावल 1 किग्रा (सिल्वर) (नया),2026-09-06,2024-10-03,2024-09-16,1,2.5,TI3402AAA2425,2.5,EKM2400009,1648.5,05AAECK5765H1ZE,5,10063020,0,130,0,KANHA JI DISTRIBUTORS,file1_2024-2025
PATANJALI HONEY 100 GM (OFFER PACK),पतंजलि शहद 100 ग्राम (ऑफर पैक),2025-06-26,2024-10-03,2024-01-03,12,2.5,TI3402AAA2425,2.5,ABKG240003,0.53,05AAECK5765H1ZE,5,4090000,0,55,0,KANHA JI DISTRIBUTORS,file1_2024-2025
SPE. CHYWNPRSH 1 KG - FREE HONEY 100 GM,विशेष च्यवनप्राश 1 किग्रा + मुफ्त शहद 100 ग्राम,2026-12-17,2024-10-03,2024-01-02,1,6,TI3402AAA2425,6,ABKF240003,2928.65,05AAECK5765H1ZE,12,30049011,0,360,0,KANHA JI DISTRIBUTORS,file1_2024-2025
KABULI CHANA 1000 GM (R1),काबुली चना 1000 ग्राम,2025-05-06,2024-10-03,2024-08-09,1,2.5,TI3402AAA2425,2.5,BPKCC24012,1731.14,05AAECK5765H1ZE,5,7132010,0,200,0,KANHA JI DISTRIBUTORS,file1_2024-2025
SESAME OIL 1 L (B)-T,तिल का तेल 1 लीटर,2025-06-18,2024-10-03,2024-09-21,1,2.5,TI3402AAA2425,2.5,JACQ240051,2722.81,05AAECK5765H1ZE,5,15155091,0,280,0,KANHA JI DISTRIBUTORS,file1_2024-2025
GREEN FLUSH TOILET CLEANER LOW HCl-500ML,ग्रीन फ्लश टॉयलेट क्लीनर (लो HCl) 500 मि.ली.,2026-09-04,2024-10-03,2024-09-04,1,9,TI3402AAA2425,9,ABHE240012,1625.57,05AAECK5765H1ZE,18,34029092,0,95,0,KANHA JI DISTRIBUTORS,file1_2024-2025
TRADITIONAL WHOLE WHEAT ATTA 10 KG(UK),पारंपरिक गेहूं का आटा 10 किग्रा (यूके),2024-12-21,2024-10-03,2024-08-23,1,2.5,TI3402AAA2425,2.5,PDBKP24020,1838.66,05AAECK5765H1ZE,5,11010000,0,410,0,KANHA JI DISTRIBUTORS,file1_2024-2025
HERBO WASH DETERGENT CAKE-225 G,हर्बो वॉश डिटर्जेंट केक 225 ग्राम,2027-07-24,2024-10-03,2024-07-24,1,9,TI3402AAA2425,9,ABOW240004,996.51,05AAECK5765H1ZE,18,34029011,0,25,0,KANHA JI DISTRIBUTORS,file1_2024-2025
DISHWASH BAR-600G (500G+100G)+SCRUB PAD,डिशवॉश बार 600 ग्राम (500+100 ग्राम) + स्क्रब पैड,2027-09-09,2024-10-03,2024-09-09,1,9,TI3402AAA2425,9,AAYX240031,1173.3,05AAECK5765H1ZE,18,34011990,0,60,0,KANHA JI DISTRIBUTORS,file1_2024-2025
SUPER DISH WASH BAR PACK OF 4 @ Rs. 30/-,सुपर डिश वॉश बार पैक (4 नग) ₹30/-,2027-06-29,2024-10-03,2024-06-29,1,9,TI3402AAA2425,9,ABOU240010,598.4,05AAECK5765H1ZE,18,34011941,0,30,0,KANHA JI DISTRIBUTORS,file1_2024-2025
SUPER DISHWASH BAR-225 G B3G1 FREE,सुपर डिशवॉश बार 225 ग्राम (खरीदो 3 पाओ 1 मुफ्त),2027-08-16,2024-10-03,2024-08-16,1,9,TI3402AAA2425,9,AAXW240050,673.45,05AAECK5765H1ZE,18,34011990,0,72,0,KANHA JI DISTRIBUTORS,file1_2024-2025
MARIE BISCUIT 75 GM (48 PC),मैरी बिस्किट 75 ग्राम (48 नग),2025-03-24,2024-10-03,2024-09-25,1,9,TI3402AAA2425,9,IR24/BP1,409.51,05AAECK5765H1ZE,18,19053100,0,10,0,KANHA JI DISTRIBUTORS,file1_2024-2025
SUPER DISHWASH BAR-RS10/- (T.O. FREE 3N),सुपर डिशवॉश बार ₹10/- (ट्रेड ऑफर फ्री 3 नग),2027-08-02,2024-10-03,2024-08-02,1,9,TI3402AAA2425,9,AAXY240161,519.67,05AAECK5765H1ZE,18,34011941,0,10,0,KANHA JI DISTRIBUTORS,file1_2024-2025
CUMIN SEED 100 GM (30 pcs),जीरा 100 ग्राम (30 नग),2025-09-04,2024-10-03,2024-09-04,1,2.5,TI3402AAA2425,2.5,AER2400014,1604.48,05AAECK5765H1ZE,5,9093119,0,80,0,KANHA JI DISTRIBUTORS,file1_2024-2025
CAROM SEED 100 GM (30 pcs),अजवाइन 100 ग्राम (30 नग),2025-08-09,2024-10-03,2024-08-09,1,2.5,TI3402AAA2425,2.5,AEH2400015,1404.12,05AAECK5765H1ZE,5,9109914,0,70,0,KANHA JI DISTRIBUTORS,file1_2024-2025
DIVYA PUNARNAVARISHTA - 450ML,दिव्य पुनर्नवारिष्ट 450 मि.ली.,2034-06-24,2024-10-03,2024-08-15,1,2.5,TI3402AAA2425,2.5,PNR240012,1885.05,05AAECK5765H1ZE,5,30049011,0,145,0,KANHA JI DISTRIBUTORS,file1_2024-2025
AMLA JUICE 1 L,आंवला रस 1 लीटर,2025-08-29,2024-10-03,2024-08-29,1,6,TI3402AAA2425,6,AGH2400182,1179.18,05AAECK5765H1ZE,12,30049011,0,140,0,KANHA JI DISTRIBUTORS,file1_2024-2025
SABUDANA 500 GM,साबूदाना 500 ग्राम,2025-03-09,2024-10-03,2024-09-10,1,2.5,TI3402AAA2425,2.5,AALX240063,1194.27,05AAECK5765H1ZE,5,19030000,0,70,0,KANHA JI DISTRIBUTORS,file1_2024-2025
GILOY JUICE 500 ML,गिलोय रस 500 मि.ली.,2025-09-05,2024-10-03,2024-09-05,1,6,TI3402AAA2425,6,PFY2400014,861.37,05AAECK5765H1ZE,12,30049011,0,90,0,KANHA JI DISTRIBUTORS,file1_2024-2025
ALOEVERA JUICE 1 L (FIBRE),एलोवेरा रस (फाइबर युक्त) 1 लीटर,2025-06-06,2024-10-03,2024-09-09,1,6,TI3402AAA2425,6,PGD2400425,1768.77,05AAECK5765H1ZE,12,30049011,0,210,0,KANHA JI DISTRIBUTORS,file1_2024-2025
HERBO WASH ADV.DETERGENT POWDER 1 KG,हर्बो वॉश एडवांस डिटर्जेंट पाउडर 1 किग्रा,2029-07-09,2024-10-03,2024-07-15,1,9,TI3402AAA2425,9,AU72400005,1964.13,05AAECK5765H1ZE,18,34029011,0,210,0,KANHA JI DISTRIBUTORS,file1_2024-2025
DIVYA PEY - 100 GM - T,दिव्य पेय 100 ग्राम,2026-07-25,2024-10-03,2024-08-04,1,2.5,TI3402AAA2425,2.5,ADYP240019,6124.65,05AAECK5765H1ZE,5,9022090,0,75,0,KANHA JI DISTRIBUTORS,file1_2024-2025
DOODH BISCUIT 35 GM (200 PC),दूध बिस्किट 35 ग्राम (200 नग),2025-03-20,2024-10-03,2024-09-21,1,9,TI3402AAA2425,9,IO24/BP1,851.96,05AAECK5765H1ZE,18,19053100,0,5,0,KANHA JI DISTRIBUTORS,file1_2024-2025
DOODH BISCUIT 70 GM (100 PC),दूध बिस्किट 70 ग्राम (100 नग),2025-03-17,2024-10-03,2024-09-18,1,9,TI3402AAA2425,9,IM24/BP1,853.14,05AAECK5765H1ZE,18,19053100,0,10,0,KANHA JI DISTRIBUTORS,file1_2024-2025
KESH KANTI ADV. H.H. EXPERT SHAMPO-100ML,केश कान्ति एडवांस हेयर एक्सपर्ट शैम्पू 100 मि.ली.,2026-08-14,2024-10-03,2024-08-14,1,9,TI3402AAA2425,9,AAWT240007,3116.76,05AAECK5765H1ZE,18,33051090,0,120,0,KANHA JI DISTRIBUTORS,file1_2024-2025
TOOTHBRUSH ALL IN ONE HANGER (144 PC) -T,टूथब्रश ऑल इन वन हैंगर 144 नग,2029-05-30,2024-10-03,2024-06-01,130,9,TI3402AAA2425,9,JBCE240001,1622.97,05AAECK5765H1ZE,18,96032100,0,20,0,KANHA JI DISTRIBUTORS,file1_2024-2025
DIVYA PEEDANIL TAILA 100 ML-T,दिव्य पीड़ानिल तैल 100 मि.ली.,2027-08-21,2024-10-03,2024-09-05,25,6,TI3403AAA2425,6,BDPN240048,1735.44,05AAECK5765H1ZE,12,30049011,0,85,0,KANHA JI DISTRIBUTORS,file1_2024-2025
BALM FAST RELIEF 25G DISPN.T.O(5+1)FREE,बाम फास्ट रिलीफ 25 ग्राम (डिस्पेंसर ट्रेड ऑफर 5+1 मुफ्त),2027-09-09,2024-10-03,2024-09-09,6,6,TI3403AAA2425,6,ABLW240014,1431.49,05AAECK5765H1ZE,12,30049011,0,300,0,KANHA JI DISTRIBUTORS,file1_2024-2025
CASHEW (KAJU) 250 GM (MONO),काजू 250 ग्राम,2025-02-23,2024-10-03,2024-08-27,2,2.5,TI3403AAA2425,2.5,AARW240019,609.92,05AAECK5765H1ZE,5,8013220,0,340,0,KANHA JI DISTRIBUTORS,file1_2024-2025
DATES (KHAJUR) 500 GM,खजूर 500 ग्राम,2025-02-26,2024-10-03,2024-08-30,6,6,TI3403AAA2425,6,AAYC240041,1717.5,05AAECK5765H1ZE,12,20019000,0,320,0,KANHA JI DISTRIBUTORS,file1_2024-2025
FIG (ANJEER) 250 GM (MONO),अंजीर 250 ग्राम,2025-03-10,2024-10-03,2024-09-11,2,6,TI3403AAA2425,6,AARX240025,894.54,05AAECK5765H1ZE,12,8042090,0,500,0,KANHA JI DISTRIBUTORS,file1_2024-2025
MUNAKKA RAISIN 250 GM (MONO),मुनक्का किशमिश 250 ग्राम,2025-03-13,2024-10-03,2024-09-14,2,2.5,TI3403AAA2425,2.5,AARU240018,484.34,05AAECK5765H1ZE,5,8062090,0,270,0,KANHA JI DISTRIBUTORS,file1_2024-2025
ALMOND (BADAM) 250 GM (MONO),बादाम 250 ग्राम,2025-03-08,2024-10-03,2024-09-09,2,6,TI3403AAA2425,6,AART240031,563.56,05AAECK5765H1ZE,12,8021100,0,315,0,KANHA JI DISTRIBUTORS,file1_2024-2025
OORJA TEA - 15 GM (RS.5) (MT) - T,ऊर्जा चाय 15 ग्राम (₹5),2025-02-11,2024-10-03,2024-02-12,30,2.5,TI3403AAA2425,2.5,BBNB240002,128.21,05AAECK5765H1ZE,5,9024090,0,5,0,KANHA JI DISTRIBUTORS,file1_2024-2025
GOLD TEA - 10 GM (RS.5) (MT) - T,गोल्ड चाय 10 ग्राम (₹5),2025-01-18,2024-10-03,2024-01-19,30,2.5,TI3403AAA2425,2.5,BBNN240001,128.21,05AAECK5765H1ZE,5,9024090,0,5,0,KANHA JI DISTRIBUTORS,file1_2024-2025
OORJA TEA - 250 GM (POLY) - T,ऊर्जा चाय 250 ग्राम (पॉली पैक),2025-07-16,2024-10-03,2024-07-16,8,2.5,TI3403AAA2425,2.5,BBNC240016,341.8,05AAECK5765H1ZE,5,9024090,0,50,0,KANHA JI DISTRIBUTORS,file1_2024-2025
Triphala Guggul 40 Tab,त्रिफला गुग्गुल 40 टैबलेट,2029-04-24,2024-10-03,2024-05-20,20,2.5,TI3403AAA2425,2.5,BTPG240027,666.75,05AAECK5765H1ZE,5,30049011,0,40,0,KANHA JI DISTRIBUTORS,file1_2024-2025
Divya Kesh Taila 100 ml,दिव्य केश तैल 100 मि.ली.,2027-05-26,2024-10-03,2024-06-10,10,6,TI3403AAA2425,6,BKST240006,874.94,05AAECK5765H1ZE,12,30049011,0,105,0,KANHA JI DISTRIBUTORS,file1_2024-2025
ALOE SOFT MOISTURIZING CREAM-50 G,एलो सॉफ्ट मॉइस्चराइजिंग क्रीम 50 ग्राम,2026-08-06,2024-10-03,2024-08-06,24,9,TI3403AAA2425,9,ABHW240004,1874.22,05AAECK5765H1ZE,18,33049930,0,100,0,KANHA JI DISTRIBUTORS,file1_2024-2025
KESAR 1 GM (48 Pcs),केसर 1 ग्राम (48 नग),2026-02-03,2024-10-03,2024-08-12,12,2.5,TI3403AAA2425,2.5,AT12400018,2677.48,05AAECK5765H1ZE,5,9102010,0,310,0,KANHA JI DISTRIBUTORS,file1_2024-2025
Haritaki Churna 100 Gm,हरितकी चूर्ण 100 ग्राम,2026-08-05,2024-10-03,2024-08-15,25,2.5,TI3403AAA2425,2.5,AHTC240011,833.44,05AAECK5765H1ZE,5,30049011,0,40,0,KANHA JI DISTRIBUTORS,file1_2024-2025
Shuddh Shilajeet 20 gm,शुद्ध शिलाजीत 20 ग्राम,2029-08-15,2024-10-03,2024-09-10,20,2.5,TI3403AAA2425,2.5,BSHS240008,2166.57,05AAECK5765H1ZE,5,30049011,0,130,0,KANHA JI DISTRIBUTORS,file1_2024-2025
ANTI WRINKLE CREAM 50 G,एंटी रिंकल क्रीम 50 ग्राम,2026-06-28,2024-10-03,2024-06-28,12,9,TI3403AAA2425,9,AAR2400007,1405.66,05AAECK5765H1ZE,18,33049910,0,150,0,KANHA JI DISTRIBUTORS,file1_2024-2025
DIVYA MULETHI CHURNA 100 GM -T,दिव्य मुलेठी चूर्ण 100 ग्राम,2026-09-05,2024-10-03,2024-09-15,25,2.5,TI3403AAA2425,2.5,BMLC240033,1145.81,05AAECK5765H1ZE,5,30049011,0,55,0,KANHA JI DISTRIBUTORS,file1_2024-2025
DIVYA PEEDANIL GOLD TABLET (100 PC) - T,दिव्य पीड़ानिल गोल्ड टैबलेट (100 नग),2027-07-31,2024-10-03,2024-08-15,20,6,TI3403AAA2425,6,APGT240027,6533.41,05AAECK5765H1ZE,12,30049011,0,400,0,KANHA JI DISTRIBUTORS,file1_2024-2025
DIVYA EYEGRIT GOLD 20 N - T,दिव्य आईग्रिट गोल्ड 20 नग,2027-07-31,2024-10-03,2024-08-15,20,6,TI3403AAA2425,6,AEEG240006,9800,05AAECK5765H1ZE,12,30049011,0,600,0,KANHA JI DISTRIBUTORS,file1_2024-2025
AASTHA CAMPHOR 25 GM,आस्था कपूर 25 ग्राम,2034-07-19,2024-10-06,2024-09-09,48,9,TI30289AAA2425,9,A9D2400026,1747.34,05AELPS3782C1ZD,18,29142922,0,60,0,DEEPAK TRADERS,file1_2024-2025
AASTHA CHANDAN TIKA 25 GM,आस्था चंदन टीका 25 ग्राम,2027-02-17,2024-10-06,2024-08-31,24,0,TI30289AAA2425,0,A7D2400017,432.48,05AELPS3782C1ZD,0,33049940,0,25,0,DEEPAK TRADERS,file1_2024-2025
AASTHA ROLI 25 GM,आस्था रोली 25 ग्राम,2027-02-14,2024-10-06,2024-08-28,24,0,TI30289AAA2425,0,A6D2400013,432.48,05AELPS3782C1ZD,0,33049940,0,25,0,DEEPAK TRADERS,file1_2024-2025
AASTHA COTTON WICKS PLAIN 25 GM,आस्था कपास रूई बत्ती 25 ग्राम,2027-08-18,2024-10-06,2024-09-02,24,0,TI30289AAA2425,0,A0M2400059,695.04,05AELPS3782C1ZD,0,33049940,0,40,0,DEEPAK TRADERS,file1_2024-2025
AASTHA BAMBOOLESS AGARBATI BUDDHA -80G,आस्था बांस रहित अगरबत्ती बुद्धा 80 ग्राम,2027-09-09,2024-10-06,2024-09-24,60,2.5,TI30289AAA2425,2.5,ABTT240029,1960.56,05AELPS3782C1ZD,5,33074100,0,60,0,DEEPAK TRADERS,file1_2024-2025
AASTHA BAMBOOLESS AGARBATI SANDAL-80G,आस्था बांस रहित अगरबत्ती चंदन 80 ग्राम,2027-09-12,2024-10-06,2024-09-27,60,2.5,TI30289AAA2425,2.5,ABWJ240009,1960.56,05AELPS3782C1ZD,5,33074100,0,60,0,DEEPAK TRADERS,file1_2024-2025
AASTHA BAMBOOLESS AGARBATI WHITEROSE-80G,आस्था बांस रहित अगरबत्ती सफेद गुलाब 80 ग्राम,2027-07-18,2024-10-06,2024-08-02,30,2.5,TI30289AAA2425,2.5,ABWK240001,980.28,05AELPS3782C1ZD,5,33074100,0,60,0,DEEPAK TRADERS,file1_2024-2025
AASTHA BAMBOOLESS AGARBATI WHITEROSE-80G,आस्था बांस रहित अगरबत्ती सफेद गुलाब 80 ग्राम,2027-09-12,2024-10-06,2024-09-27,30,2.5,TI30289AAA2425,2.5,ABWK240008,980.28,05AELPS3782C1ZD,5,33074100,0,60,0,DEEPAK TRADERS,file1_2024-2025
AASTHA LAVENDER DRY DHOOP STICKS - 10N,आस्था लैवेंडर ड्राई धूप स्टिक 10 नग,2026-06-14,2024-10-06,2024-06-24,12,2.5,TI30289AAA2425,2.5,AAWN240009,87.7,05AELPS3782C1ZD,5,33074100,0,15,0,DEEPAK TRADERS,file1_2024-2025
AASTHA PINEAPPLE DRY DHOOP STICKS - 10N,आस्था पाइनएप्पल ड्राई धूप स्टिक 10 नग,2026-05-08,2024-10-06,2024-05-18,12,2.5,TI30289AAA2425,2.5,AAWO240006,87.7,05AELPS3782C1ZD,5,33074100,0,15,0,DEEPAK TRADERS,file1_2024-2025
AASTHA ROSE DRY DHOOP STICKS - 10N,आस्था गुलाब ड्राई धूप स्टिक 10 नग,2026-03-24,2024-10-06,2024-04-03,12,2.5,TI30289AAA2425,2.5,AAWP240007,87.7,05AELPS3782C1ZD,5,33074100,0,15,0,DEEPAK TRADERS,file1_2024-2025
AASTHA SANDAL DRY DHOOP CONE - 20 GM,आस्था चंदन ड्राई धूप कोन 20 ग्राम,2026-04-23,2024-10-06,2024-05-03,12,2.5,TI30289AAA2425,2.5,AAXG240007,84.67,05AELPS3782C1ZD,5,33074100,0,20,0,DEEPAK TRADERS,file1_2024-2025
AASTHA GUGAL DRY DHOOP CONE - 20 GM,आस्था गुगल ड्राई धूप कोन 20 ग्राम,2026-04-30,2024-10-06,2024-05-10,12,2.5,TI30289AAA2425,2.5,AAXH240006,84.67,05AELPS3782C1ZD,5,33074100,0,20,0,DEEPAK TRADERS,file1_2024-2025
AASTHA ROSE DRY DHOOP CONE - 20 GM,आस्था गुलाब ड्राई धूप कोन 20 ग्राम,2026-05-08,2024-10-06,2024-05-18,12,2.5,TI30289AAA2425,2.5,AAXJ240007,84.67,05AELPS3782C1ZD,5,33074100,0,20,0,DEEPAK TRADERS,file1_2024-2025
AASTHA DRY DHOOP STICKS MUSK -8N,आस्था मस्क ड्राई धूप स्टिक 8 नग,2027-06-04,2024-10-06,2024-06-19,24,2.5,TI30289AAA2425,2.5,ABKT240004,158.76,05AELPS3782C1ZD,5,33074100,0,15,0,DEEPAK TRADERS,file1_2024-2025
AASTHA ROSE DRY DHOOP STICK-200 G,आस्था गुलाब ड्राई धूप स्टिक 200 ग्राम,2026-08-10,2024-10-06,2024-08-20,6,2.5,TI30289AAA2425,2.5,ABHP240028,444.47,05AELPS3782C1ZD,5,33074100,0,120,0,DEEPAK TRADERS,file1_2024-2025
AASTHA SANDAL DRY DHOOP STICK-200 G,आस्था चंदन ड्राई धूप स्टिक 200 ग्राम,2026-09-14,2024-10-06,2024-09-24,6,2.5,TI30289AAA2425,2.5,ABHQ240038,444.47,05AELPS3782C1ZD,5,33074100,0,120,0,DEEPAK TRADERS,file1_2024-2025
AASTHA RAJNIGANDHA DRY DHOOP STICK-200 G,आस्था रजनीगंधा ड्राई धूप स्टिक 200 ग्राम,2026-09-13,2024-10-06,2024-09-23,6,2.5,TI30289AAA2425,2.5,ABHR240029,444.47,05AELPS3782C1ZD,5,33074100,0,120,0,DEEPAK TRADERS,file1_2024-2025
AASTHA LAVENDER DRY DHOOP STICK- 200 G,आस्था लैवेंडर ड्राई धूप स्टिक 200 ग्राम,2026-06-04,2024-10-06,2024-06-14,2,2.5,TI30289AAA2425,2.5,ABHS240015,148.16,05AELPS3782C1ZD,5,33074100,0,120,0,DEEPAK TRADERS,file1_2024-2025
AASTHA LAVENDER DRY DHOOP STICK- 200 G,आस्था लैवेंडर ड्राई धूप स्टिक 200 ग्राम,2026-07-28,2024-10-06,2024-08-07,4,2.5,TI30289AAA2425,2.5,ABHS240019,296.31,05AELPS3782C1ZD,5,33074100,0,120,0,DEEPAK TRADERS,file1_2024-2025
AASTHA DRY DHOOP STICKS SANDAL-8N,आस्था चंदन ड्राई धूप स्टिक 8 नग,2027-07-22,2024-10-06,2024-08-06,12,2.5,TI30289AAA2425,2.5,ABTV240004,79.38,05AELPS3782C1ZD,5,33074100,0,15,0,DEEPAK TRADERS,file1_2024-2025
AASTHA DRY DHOOP STICKS ORANGE-8N,आस्था ऑरेंज ड्राई धूप स्टिक 8 नग,2027-04-30,2024-10-06,2024-05-15,12,2.5,TI30289AAA2425,2.5,ABKU240004,79.38,05AELPS3782C1ZD,5,33074100,0,15,0,DEEPAK TRADERS,file1_2024-2025
AASTHA MOGRA DRY DHOOP CONE - 20 GM,आस्था मोगरा ड्राई धूप कोन 20 ग्राम,2026-04-10,2024-10-06,2024-04-20,12,2.5,TI30289AAA2425,2.5,ABSF240004,84.67,05AELPS3782C1ZD,5,33074100,0,20,0,DEEPAK TRADERS,file1_2024-2025
AASTHA LAVENDER DRY DHOOP CONE - 20 GM,आस्था लैवेंडर ड्राई धूप कोन 20 ग्राम,2026-04-01,2024-10-06,2024-04-11,12,2.5,TI30289AAA2425,2.5,ABSE240003,84.67,05AELPS3782C1ZD,5,33074100,0,20,0,DEEPAK TRADERS,file1_2024-2025
AASTHA DRY DHOOP STICKS ROSE -8N,आस्था गुलाब ड्राई धूप स्टिक 8 नग,2027-07-18,2024-10-06,2024-08-02,12,2.5,TI30289AAA2425,2.5,ABTU240004,79.38,05AELPS3782C1ZD,5,33074100,0,15,0,DEEPAK TRADERS,file1_2024-2025
AASTHA DRY DHOOP STICKS BLACKPEARL -8N,आस्था ब्लैक पर्ल ड्राई धूप स्टिक 8 नग,2027-07-09,2024-10-06,2024-07-24,12,2.5,TI30289AAA2425,2.5,ABVG240003,79.38,05AELPS3782C1ZD,5,33074100,0,15,0,DEEPAK TRADERS,file1_2024-2025
AASTHA DRY DHOOP STICKS GUGAL-8N,आस्था गुगल ड्राई धूप स्टिक 8 नग,2027-07-04,2024-10-06,2024-07-19,12,2.5,TI30289AAA2425,2.5,ABVF240003,79.38,05AELPS3782C1ZD,5,33074100,0,15,0,DEEPAK TRADERS,file1_2024-2025
AASTHA CHAMPA CONE DHOOP - 200 GM,आस्था चंपा कोन धूप 200 ग्राम,2026-07-28,2024-10-06,2024-08-07,6,2.5,TI30289AAA2425,2.5,AAUX240031,431.74,05AELPS3782C1ZD,5,33074100,0,120,0,DEEPAK TRADERS,file1_2024-2025
AASTHA ROSE CONE DHOOP - 200 GM,आस्था गुलाब कोन धूप 200 ग्राम,2026-09-07,2024-10-06,2024-09-17,6,2.5,TI30289AAA2425,2.5,AAUY240051,431.74,05AELPS3782C1ZD,5,33074100,0,120,0,DEEPAK TRADERS,file1_2024-2025
AASTHA BOUQUET CONE DHOOP - 200 GM,आस्था बुके कोन धूप 200 ग्राम,2026-08-07,2024-10-06,2024-08-17,6,2.5,TI30289AAA2425,2.5,AAWA240028,431.74,05AELPS3782C1ZD,5,33074100,0,120,0,DEEPAK TRADERS,file1_2024-2025
AASTHA SANDAL CONE DHOOP - 200 GM,आस्था चंदन कोन धूप 200 ग्राम,2026-09-07,2024-10-06,2024-09-17,4,2.5,TI30289AAA2425,2.5,AAUZ240054,287.83,05AELPS3782C1ZD,5,33074100,0,120,0,DEEPAK TRADERS,file1_2024-2025
AASTHA SANDAL CONE DHOOP - 200 GM,आस्था चंदन कोन धूप 200 ग्राम,2026-09-14,2024-10-06,2024-09-24,2,2.5,TI30289AAA2425,2.5,AAUZ240058,143.91,05AELPS3782C1ZD,5,33074100,0,120,0,DEEPAK TRADERS,file1_2024-2025
AASTHA GUGAL CONE DHOOP - 80 GM,आस्था गुगल कोन धूप 80 ग्राम,2027-07-20,2024-10-06,2024-08-04,12,2.5,TI30289AAA2425,2.5,ABJZ240008,359.48,05AELPS3782C1ZD,5,33074100,0,55,0,DEEPAK TRADERS,file1_2024-2025
AASTHA MUSK CONE DHOOP - 80 GM,आस्था मस्क कोन धूप 80 ग्राम,2027-03-01,2024-10-06,2024-03-16,6,2.5,TI30289AAA2425,2.5,ABKA240002,179.74,05AELPS3782C1ZD,5,33074100,0,55,0,DEEPAK TRADERS,file1_2024-2025
AASTHA MUSK CONE DHOOP - 80 GM,आस्था मस्क कोन धूप 80 ग्राम,2027-04-08,2024-10-06,2024-04-23,6,2.5,TI30289AAA2425,2.5,ABKA240003,179.74,05AELPS3782C1ZD,5,33074100,0,55,0,DEEPAK TRADERS,file1_2024-2025
AASTHA MUSTARD OIL 200 ML (B)-T,आस्था सरसों का तेल 200 मि.ली.,2025-07-29,2024-10-06,2024-08-03,12,2.5,TI30289AAA2425,2.5,OF62400001,402.32,05AELPS3782C1ZD,5,15149920,0,37,0,DEEPAK TRADERS,file1_2024-2025
AMLA CHATPATA CANDY 250 G,आंवला चटपटा कैंडी 250 ग्राम,2025-08-29,2024-10-09,2024-08-29,12,2.5,TI3536AAA2425,2.5,AMV2400046,820.57,05AAECK5765H1ZE,5,8112010,0,95,0,KANHA JI DISTRIBUTORS,file1_2024-2025
PATANJALI UTSAV CHOCOLATE-4 NOS - T,पतंजलि उत्सव चॉकलेट 4 नग,2025-06-01,2024-10-09,2024-09-04,5,9,TI3536AAA2425,9,NF/CS/21,1041.65,05AAECK5765H1ZE,18,18069010,0,250,0,KANHA JI DISTRIBUTORS,file1_2024-2025
Divya Kesh Taila 100 ml,दिव्य केश तैल 100 मि.ली.,2027-05-26,2024-10-09,2024-06-10,15,6,TI3536AAA2425,6,BKST240006,1312.42,05AAECK5765H1ZE,12,30049011,0,105,0,KANHA JI DISTRIBUTORS,file1_2024-2025
DIVYA LIVOGRIT 60 N - T,दिव्य लिवोग्रिट 60 नग,2027-06-16,2024-10-09,2024-07-01,20,6,TI3536AAA2425,6,BLGT240024,4409.89,05AAECK5765H1ZE,12,30049011,0,270,0,KANHA JI DISTRIBUTORS,file1_2024-2025
SENDHA NAMAK 1 KG - T,सेंधा नमक 1 किग्रा,2026-07-22,2024-10-09,2024-08-01,1,0,TI3536AAA2425,0,SRS24,1009,05AAECK5765H1ZE,0,25010010,0,60,0,KANHA JI DISTRIBUTORS,file1_2024-2025
Arjun Kwath 100 Gm,अर्जुन क्वाथ 100 ग्राम,2026-08-05,2024-10-09,2024-08-15,1,2.5,TI3536AAA2425,2.5,AARK240057,1041.6,05AAECK5765H1ZE,5,30049011,0,25,0,KANHA JI DISTRIBUTORS,file1_2024-2025
RAW PEANUTS 500 GM (10 PCS),कच्ची मूंगफली 500 ग्राम (10 नग),2025-03-24,2024-10-09,2024-09-25,5,2.5,TI3536AAA2425,2.5,ABVQ240011,493.34,05AAECK5765H1ZE,5,12024210,0,110,0,KANHA JI DISTRIBUTORS,file1_2024-2025
BANDHANI HING 25 G (NEW) - T,बंधनी हींग 25 ग्राम (नया),2026-02-03,2024-10-09,2024-08-12,12,2.5,TI3536AAA2425,2.5,CASX240016,598.88,05AAECK5765H1ZE,5,13019013,0,65,0,KANHA JI DISTRIBUTORS,file1_2024-2025
BANDHANI HING 50 GM (NEW) – T,बंधनी हींग 50 ग्राम (नया),2026-02-24,2024-10-09,2024-09-02,24,2.5,TI3536AAA2425,2.5,CASY240017,2211.05,05AAECK5765H1ZE,5,13019013,0,120,0,KANHA JI DISTRIBUTORS,file1_2024-2025
HIKICK CANDY - KACHA AAM (JAR) - T,हाईकिक कैंडी - कच्चा आम (जार),2025-05-16,2024-10-09,2024-05-21,6,6,TI3536AAA2425,6,DP240007,676.44,05AAECK5765H1ZE,12,17049030,0,150,0,KANHA JI DISTRIBUTORS,file1_2024-2025
PATANJALI UTSAV CHOCOLATE-6 NOS - T,पतंजलि उत्सव चॉकलेट 6 नग,2025-06-01,2024-10-09,2024-09-04,5,9,TI3536AAA2425,9,NF/CL/21,2083.35,05AAECK5765H1ZE,18,18069010,0,500,0,KANHA JI DISTRIBUTORS,file1_2024-2025
TRADITIONAL WHOLE WHEAT ATTA 10 KG(UK),पारंपरिक गेहूं का आटा 10 किग्रा (यूके),2025-01-17,2024-10-09,2024-09-19,1,2.5,TI3536AAA2425,2.5,PDBKP24021,1838.66,05AAECK5765H1ZE,5,11010000,0,410,0,KANHA JI DISTRIBUTORS,file1_2024-2025
NARIYAL BISCUIT 75 GM,नारियल बिस्किट 75 ग्राम,2025-03-15,2024-10-09,2024-09-16,1,9,TI3536AAA2425,9,IK24/AV9,853.14,05AAECK5765H1ZE,18,19053100,0,10,0,KANHA JI DISTRIBUTORS,file1_2024-2025
SHAKTI RICE XXL MINI MOGRA-2 10 KG (T),शक्ति चावल XXL मिनी मोगरा-2 10 किग्रा,2026-08-14,2024-10-09,2024-08-24,2,2.5,TI3536AAA2425,2.5,E6M2400006,2982.08,05AAECK5765H1ZE,5,10063090,0,720,0,KANHA JI DISTRIBUTORS,file1_2024-2025
SHAKTI RICE XXL MINI MOGRA 10 KG (T),शक्ति चावल XXL मिनी मोगरा 10 किग्रा,2026-03-24,2024-10-09,2024-04-03,1,2.5,TI3536AAA2425,2.5,E6K2400003,1701.08,05AAECK5765H1ZE,5,10063020,0,755,0,KANHA JI DISTRIBUTORS,file1_2024-2025
MAIDA 1 KG,मैदा 1 किग्रा,2025-01-03,2024-10-09,2024-09-05,1,2.5,TI3536AAA2425,2.5,AANB240020,517.86,05AAECK5765H1ZE,5,11010000,0,58,0,KANHA JI DISTRIBUTORS,file1_2024-2025
NAVRATNA ATTA 2 KG,नवरत्न आटा 2 किग्रा,2025-03-13,2024-10-09,2024-09-14,1,2.5,TI3536AAA2425,2.5,AHV2400032,2959.95,05AAECK5765H1ZE,5,11010000,0,165,0,KANHA JI DISTRIBUTORS,file1_2024-2025
KHAND 1 KG,खांड 1 किग्रा,2025-09-30,2024-10-09,2024-09-30,1,2.5,TI3536AAA2425,2.5,AARQ240052,2833.11,05AAECK5765H1ZE,5,17011420,0,110,0,KANHA JI DISTRIBUTORS,file1_2024-2025
UTSAV DF BOX (1*4) N-102,उत्सव डीएफ बॉक्स (1×4) N-102,2025-01-12,2024-10-09,2024-09-14,1,6,TI3536AAA2425,6,ABXN240025,4994.98,05AAECK5765H1ZE,12,8025200,0,999,0,KANHA JI DISTRIBUTORS,file1_2024-2025
TOOTHBRUSH ALL IN ONE HANGER (144 PC) -T,टूथब्रश ऑल इन वन हैंगर 144 नग,2029-05-30,2024-10-09,2024-06-01,2,9,TI3536AAA2425,9,JBCE240001,24.97,05AAECK5765H1ZE,18,96032100,0,20,0,KANHA JI DISTRIBUTORS,file1_2024-2025
ALOEVERA JUICE 1 L (FIBRE),एलोवेरा रस (फाइबर युक्त) 1 लीटर,2025-06-09,2024-10-17,2024-09-12,1,6,TI3676AAA2425,6,PGD2400434,1768.77,05AAECK5765H1ZE,12,30049011,0,210,0,KANHA JI DISTRIBUTORS,file1_2024-2025
DOODH BISCUIT 35 GM (200 PC),दूध बिस्किट 35 ग्राम (200 नग),2025-04-07,2024-10-17,2024-10-09,1,9,TI3676AAA2425,9,JC24/BP1,851.96,05AAECK5765H1ZE,18,19053100,0,5,0,KANHA JI DISTRIBUTORS,file1_2024-2025
DOODH BISCUIT 70 GM (100 PC),दूध बिस्किट 70 ग्राम (100 नग),2025-04-07,2024-10-17,2024-10-09,1,9,TI3676AAA2425,9,JC24/BP1,853.14,05AAECK5765H1ZE,18,19053100,0,10,0,KANHA JI DISTRIBUTORS,file1_2024-2025
CREAMFEAST CHOCO BISCUIT 35 GM,क्रीमफीस्ट चोको बिस्किट 35 ग्राम,2025-04-08,2024-10-17,2024-10-10,1,9,TI3676AAA2425,9,JD24/BP1,589.62,05AAECK5765H1ZE,18,19053100,0,5,0,KANHA JI DISTRIBUTORS,file1_2024-2025
CREAMFEAST ELAICHI BISCUIT 35 GM,क्रीमफीस्ट इलायची बिस्किट 35 ग्राम,2025-04-02,2024-10-17,2024-10-04,1,9,TI3676AAA2425,9,J324/BP1,589.62,05AAECK5765H1ZE,18,19053100,0,5,0,KANHA JI DISTRIBUTORS,file1_2024-2025
CREAMFEAST ORANGE BISCUIT 35 GM,क्रीमफीस्ट ऑरेंज बिस्किट 35 ग्राम,2025-03-29,2024-10-17,2024-09-30,1,9,TI3676AAA2425,9,IV24/BP1,589.62,05AAECK5765H1ZE,18,19053100,0,5,0,KANHA JI DISTRIBUTORS,file1_2024-2025
KESH KANTI HERBAL MEHANDI (NAT. BLACK)-T,केश कान्ति हर्बल मेहंदी (नेचुरल ब्लैक),2025-07-25,2024-10-17,2024-07-30,40,9,TI3676AAA2425,9,ANBL240160,636.73,05AAECK5765H1ZE,18,33059090,0,20,0,KANHA JI DISTRIBUTORS,file1_2024-2025
NEEM GHAN VATI 60 TAB,नीम घन वटी 60 टैबलेट,2026-09-08,2024-10-17,2024-09-18,24,6,TI3676AAA2425,6,AAK2400051,1957.67,05AAECK5765H1ZE,12,30049011,0,100,0,KANHA JI DISTRIBUTORS,file1_2024-2025
TRIPHALA CHURNA -100GM,त्रिफला चूर्ण 100 ग्राम,2026-09-05,2024-10-17,2024-09-15,25,2.5,TI3676AAA2425,2.5,ATPC240109,612.41,05AAECK5765H1ZE,5,30049011,0,30,0,KANHA JI DISTRIBUTORS,file1_2024-2025
SPE. CHYWNPRSH 500 GM - FREE HONEY 50 GM,विशेष च्यवनप्राश 500 ग्राम + मुफ्त शहद 50 ग्राम,2027-01-07,2024-10-17,2024-01-23,1,6,TI3676AAA2425,6,ABKE240003,3009.99,05AAECK5765H1ZE,12,30049011,0,185,0,KANHA JI DISTRIBUTORS,file1_2024-2025
HONEY 50 GM - OFFER PACK,शहद 50 ग्राम (ऑफर पैक),2025-01-14,2024-10-17,2024-01-20,24,2.5,TI3676AAA2425,2.5,BAKO240002,0.77,05AAECK5765H1ZE,5,4090000,0,32,0,KANHA JI DISTRIBUTORS,file1_2024-2025
DIVYA ARJUNARISHTA - 450ML,दिव्य अर्जुनारिष्ट 450 मि.ली.,2034-07-25,2024-10-17,2024-09-15,1,2.5,TI3676AAA2425,2.5,AJN240033,1885.05,05AAECK5765H1ZE,5,30049011,0,145,0,KANHA JI DISTRIBUTORS,file1_2024-2025
GARAM MASALA 100 GM (30 pcs),गरम मसाला 100 ग्राम (30 नग),2025-11-10,2024-10-23,2024-08-17,1,2.5,TI3806AAA2425,2.5,AEV2400018,64.88,05AAECK5765H1ZE,5,9109100,0,95,0,KANHA JI DISTRIBUTORS,file1_2024-2025
RICE BRAN OIL 1 LTR (P),चावल की भूसी का तेल 1 लीटर,2025-06-27,2024-10-23,2024-09-30,1,2.5,TI3806AAA2425,2.5,ORE2400061,1793.99,05AAECK5765H1ZE,5,15159040,0,165,0,KANHA JI DISTRIBUTORS,file1_2024-2025
ATTA NOODLES CHATPATA-60 GM (96 PC) - T,आटा नूडल्स चटपटा 60 ग्राम (96 नग),2025-05-30,2024-10-23,2024-09-02,1,6,TI3806AAA2425,6,CH020924,925.75,05AAECK5765H1ZE,12,19022090,0,12,0,KANHA JI DISTRIBUTORS,file1_2024-2025
SABZI MASALA 100 GM (30 pcs),सब्जी मसाला 100 ग्राम (30 नग),2025-09-06,2024-10-23,2024-09-06,1,2.5,TI3806AAA2425,2.5,AFI2400027,1331.66,05AAECK5765H1ZE,5,9109100,0,65,0,KANHA JI DISTRIBUTORS,file1_2024-2025
MUSTARD OIL 5 L (J)-T,सरसों का तेल 5 लीटर,2025-10-02,2024-10-23,2024-10-07,1,2.5,TI3806AAA2425,2.5,O3B2400013,3416.11,05AAECK5765H1ZE,5,15149920,0,925,0,KANHA JI DISTRIBUTORS,file1_2024-2025
SUPER DISHWASH BAR-RS10/- (T.O. FREE 3N),सुपर डिशवॉश बार ₹10/- (ट्रेड ऑफर फ्री 3 नग),2027-09-10,2024-10-23,2024-09-10,1,9,TI3806AAA2425,9,AAXY240192,519.67,05AAECK5765H1ZE,18,34011941,0,10,0,KANHA JI DISTRIBUTORS,file1_2024-2025
COWS WHOLE MILK POWDER 500-GM,गाय का पूर्ण दूध पाउडर 500 ग्राम,2025-03-04,2024-10-23,2024-09-05,1,2.5,TI3806AAA2425,2.5,BLB2400012,4810.93,05AAECK5765H1ZE,5,4021090,0,235,0,KANHA JI DISTRIBUTORS,file1_2024-2025
POHA 1 KG -T,पोहा 1 किग्रा,2025-03-19,2024-10-23,2024-09-20,1,2.5,TI3806AAA2425,2.5,BPRP200924,1485.96,05AAECK5765H1ZE,5,19041020,0,85,0,KANHA JI DISTRIBUTORS,file1_2024-2025
SOOJI - 500 GM,सूजी 500 ग्राम,2025-02-08,2024-10-23,2024-10-11,1,2.5,TI3806AAA2425,2.5,PDR8240065,807.96,05AAECK5765H1ZE,5,11010000,0,35,0,KANHA JI DISTRIBUTORS,file1_2024-2025
MUSTARD OIL 1 L (B)-T,सरसों का तेल 1 लीटर,2025-10-15,2024-10-23,2024-10-20,1,2.5,TI3806AAA2425,2.5,N1B2400130,2065.77,05AAECK5765H1ZE,5,15149920,0,190,0,KANHA JI DISTRIBUTORS,file1_2024-2025
HONEY 500GM OFFER WITH AMLA CANDY 100 GM,शहद 500 ग्राम (आंवला कैंडी 100 ग्राम के साथ ऑफर),2026-03-10,2024-10-23,2024-09-16,1,2.5,TI3806AAA2425,2.5,ABJO240021,2855.11,05AAECK5765H1ZE,5,4090000,0,210,0,KANHA JI DISTRIBUTORS,file1_2024-2025
AMLA CANDY 100G POUCH (FSSAI),आंवला कैंडी 100 ग्राम पाउच (एफएसएसएआई प्रमाणित),2025-09-12,2024-10-23,2024-09-12,20,2.5,TI3806AAA2425,2.5,ABJW240079,0.64,05AAECK5765H1ZE,5,8112010,0,40,0,KANHA JI DISTRIBUTORS,file1_2024-2025
DIVYA MEDHA VATI EX.POWER 30X4 TAB,दिव्य मेधा वटी एक्स्ट्रा पावर 30×4 टैबलेट,2029-08-15,2024-10-23,2024-09-10,20,6,TI3806AAA2425,6,BMDE240089,4083.3,05AAECK5765H1ZE,12,30049011,0,250,0,KANHA JI DISTRIBUTORS,file1_2024-2025
Chandraprabha Vati 40 Tab,चंद्रप्रभा वटी 40 टैबलेट,2029-07-10,2024-11-07,2024-08-05,20,2.5,TI4034AAA2425,2.5,BCPV240144,716.73,05AAECK5765H1ZE,5,30049011,0,43,0,KANHA JI DISTRIBUTORS,file1_2024-2025
HONEY 1KG (OFFER WITH AMLA CANDY 250 GM),शहद 1 किग्रा (आंवला कैंडी 250 ग्राम के साथ ऑफर),2026-03-07,2024-11-07,2024-09-13,1,2.5,TI4034AAA2425,2.5,ABJN240021,3344.54,05AAECK5765H1ZE,5,4090000,0,410,0,KANHA JI DISTRIBUTORS,file1_2024-2025
AMLA CANDY 250G POUCH (FSSAI),आंवला कैंडी 250 ग्राम पाउच (एफएसएसएआई प्रमाणित),2025-09-19,2024-11-07,2024-09-19,12,2.5,TI4034AAA2425,2.5,ABJE240024,0.65,05AAECK5765H1ZE,5,8112010,0,90,0,KANHA JI DISTRIBUTORS,file1_2024-2025
MALKA MASOOR 1000 GM (R1),मालका मसूर दाल 1000 ग्राम,2025-06-10,2024-11-07,2024-09-13,1,2.5,TI4034AAA2425,2.5,BPRMM24027,1081.92,05AAECK5765H1ZE,5,7134000,0,125,0,KANHA JI DISTRIBUTORS,file1_2024-2025
DALIA 500 G,दलिया 500 ग्राम,2025-02-01,2024-11-07,2024-10-04,1,2.5,TI4034AAA2425,2.5,PDCS240301,870.03,05AAECK5765H1ZE,5,11031900,0,34,0,KANHA JI DISTRIBUTORS,file1_2024-2025
PUSHTAHAR DALIA 500 G,पुष्टाहार दलिया 500 ग्राम,2025-06-24,2024-11-07,2024-09-27,1,2.5,TI4034AAA2425,2.5,PDCQ240073,1279.53,05AAECK5765H1ZE,5,11031900,0,50,0,KANHA JI DISTRIBUTORS,file1_2024-2025
COWS GHEE 1 L - T,गाय का घी 1 लीटर,2025-07-11,2024-11-07,2024-10-14,1,6,TI4034AAA2425,6,FAWC240179,8961.17,05AAECK5765H1ZE,12,4059020,0,665,0,KANHA JI DISTRIBUTORS,file1_2024-2025
ATTA NOODLES CHATPATA-60 GM (96 PC) - T,आटा नूडल्स चटपटा 60 ग्राम (96 नग),2025-06-18,2024-11-07,2024-09-21,1,6,TI4034AAA2425,6,CH210924,925.75,05AAECK5765H1ZE,12,19022090,0,12,0,KANHA JI DISTRIBUTORS,file1_2024-2025
ATTA NOODLES DESI MASALA 60 GM (96 PC)-T,आटा नूडल्स देसी मसाला 60 ग्राम (96 नग),2025-06-23,2024-11-07,2024-09-26,1,6,TI4034AAA2425,6,DM260924,925.75,05AAECK5765H1ZE,12,19022090,0,12,0,KANHA JI DISTRIBUTORS,file1_2024-2025
GONYLE FLOOR CLEANER - 1 LTR,गोनाइल फ्लोर क्लीनर 1 लीटर,2025-09-09,2024-11-07,2024-09-14,1,9,TI4034AAA2425,9,3093/24-25,623.89,05AAECK5765H1ZE,18,38084000,0,70,0,KANHA JI DISTRIBUTORS,file1_2024-2025
DIVYA KANTHAMRIT CHEWABLE TABLET 40 N -T,दिव्य कंठामृत चबाने योग्य टैबलेट 40 नग,2027-09-05,2024-11-07,2024-09-20,40,6,TI4034AAA2425,6,ADKT240019,1306.82,05AAECK5765H1ZE,12,30049011,0,40,0,KANHA JI DISTRIBUTORS,file1_2024-2025
DIVYA KANTHAMRIT CHEWABLE TABLET 80 N -T,दिव्य कंठामृत चबाने योग्य टैबलेट 80 नग,2027-08-26,2024-11-07,2024-09-10,20,6,TI4034AAA2425,6,ADKT240018,1225.06,05AAECK5765H1ZE,12,30049011,0,75,0,KANHA JI DISTRIBUTORS,file1_2024-2025
DIVYA SWASARI PRAVAHI - 250 ML - T,दिव्य स्वासारी प्रवाही 250 मि.ली.,2027-08-21,2024-11-07,2024-09-05,1,6,TI4034AAA2425,6,BSSP240046,2436.67,05AAECK5765H1ZE,12,30049011,0,85,0,KANHA JI DISTRIBUTORS,file1_2024-2025
ALMOND (BADAM) 250 GM (MONO),बादाम 250 ग्राम,2025-03-16,2024-11-07,2024-09-17,2,6,TI4034AAA2425,6,AART240033,563.56,05AAECK5765H1ZE,12,8021100,0,315,0,KANHA JI DISTRIBUTORS,file1_2024-2025
MUNAKKA RAISIN 250 GM (MONO),मुनक्का किशमिश 250 ग्राम,2025-03-22,2024-11-07,2024-09-23,4,2.5,TI4034AAA2425,2.5,AARU240019,968.69,05AAECK5765H1ZE,5,8062090,0,270,0,KANHA JI DISTRIBUTORS,file1_2024-2025
ANARDANA GOLI 100 G,अनारदाना गोली 100 ग्राम,2025-09-17,2024-11-07,2024-09-17,25,6,TI4034AAA2425,6,AEB2400028,852.54,05AAECK5765H1ZE,12,30049011,0,45,0,KANHA JI DISTRIBUTORS,file1_2024-2025
SHODHIT HARAD 100 G,शोधित हरड़ 100 ग्राम,2025-09-14,2024-11-07,2024-09-14,25,6,TI4034AAA2425,6,AFP2400028,852.54,05AAECK5765H1ZE,12,30049011,0,45,0,KANHA JI DISTRIBUTORS,file1_2024-2025
SAUNDARYA ALOEVERA GEL 150 ML,सौंदर्य एलोवेरा जेल 150 मि.ली.,2026-02-13,2024-11-07,2024-08-22,24,9,TI4034AAA2425,9,AAHP240181,1955.78,05AAECK5765H1ZE,18,33049910,0,100,0,KANHA JI DISTRIBUTORS,file1_2024-2025
SAUNDARYA ALOEVERA GEL 60 ML,सौंदर्य एलोवेरा जेल 60 मि.ली.,2026-01-28,2024-11-07,2024-08-06,24,9,TI4034AAA2425,9,AAHQ240179,977.89,05AAECK5765H1ZE,18,33049910,0,50,0,KANHA JI DISTRIBUTORS,file1_2024-2025
KESH KANTI REETHA HAIR CLEANSER 180 ML,केश कान्ति रीठा हेयर क्लींज़र 180 मि.ली.,2026-08-30,2024-11-07,2024-09-09,18,9,TI4034AAA2425,9,ABAB240010,1686.88,05AAECK5765H1ZE,18,33051090,0,120,0,KANHA JI DISTRIBUTORS,file1_2024-2025
KESH KANTI HAIR CLEANSER M.PROTIEN 180ML,केश कान्ति हेयर क्लींज़र मिल्क प्रोटीन 180 मि.ली.,2026-09-27,2024-11-07,2024-10-07,18,9,TI4034AAA2425,9,AAVN240016,1686.88,05AAECK5765H1ZE,18,33051090,0,120,0,KANHA JI DISTRIBUTORS,file1_2024-2025
KESH K. ANTI-D. HAIR CLEANSER 180ML T.O.,केश कान्ति एंटी-डैंड्रफ हेयर क्लींज़र 180 मि.ली. (ट्रेड ऑफर),2026-08-27,2024-11-07,2024-08-27,18,9,TI4034AAA2425,9,ABTY240008,1827.28,05AAECK5765H1ZE,18,33051090,0,130,0,KANHA JI DISTRIBUTORS,file1_2024-2025
GASHER CHURAN - 100 GM - T,गैशर चूर्ण 100 ग्राम,2026-09-05,2024-11-07,2024-09-15,25,6,TI4034AAA2425,6,BGHC240029,2143.68,05AAECK5765H1ZE,12,30049011,0,105,0,KANHA JI DISTRIBUTORS,file1_2024-2025
DIVYA GODHAN ARK - 450ML,दिव्य गोधन अर्क 450 मि.ली.,2025-09-10,2024-11-07,2024-09-15,1,6,TI4034AAA2425,6,AGDA240036,816.7,05AAECK5765H1ZE,12,30049011,0,50,0,KANHA JI DISTRIBUTORS,file1_2024-2025
PEEDANTAK PAIN RELIEVER 50 G,पीड़ान्तक दर्द निवारक क्रीम 50 ग्राम,2026-09-17,2024-11-07,2024-09-17,12,6,TI4034AAA2425,6,AAD2400007,669.98,05AAECK5765H1ZE,12,30049011,0,70,0,KANHA JI DISTRIBUTORS,file1_2024-2025
DIVYA DHARA 10 ML (800 PC),दिव्य धारा 10 मि.ली. (800 नग),2027-08-21,2024-11-07,2024-09-05,20,6,TI4034AAA2425,6,ADYD240018,734.94,05AAECK5765H1ZE,12,30049011,0,45,0,KANHA JI DISTRIBUTORS,file1_2024-2025
DIVYA ORTHOGRIT 60 N - T,दिव्य ऑर्थोग्रिट 60 नग,2027-08-31,2024-11-07,2024-09-15,20,6,TI4034AAA2425,6,AOTT240055,5880,05AAECK5765H1ZE,12,30049011,0,360,0,KANHA JI DISTRIBUTORS,file1_2024-2025
DANT KANTI JUNIOR TP.(STRAWBERY)-80G C.O,दंत कान्ति जूनियर टूथपेस्ट (स्ट्रॉबेरी) 80 ग्राम (कॉम्बो ऑफर),2026-09-10,2024-11-07,2024-09-10,12,9,TI4034AAA2425,9,ABRS240002,917.57,05AAECK5765H1ZE,18,33061020,0,100,0,KANHA JI DISTRIBUTORS,file1_2024-2025
DANT KANTI ALOEVERA GEL TOOTHPASTE 80 GM,दंत कान्ति एलोवेरा जेल टूथपेस्ट 80 ग्राम,2026-02-03,2024-11-07,2024-08-12,12,9,TI4034AAA2425,9,A4R2400005,612.99,05AAECK5765H1ZE,18,33061020,0,60,0,KANHA JI DISTRIBUTORS,file1_2024-2025
DANT KANTI RED TP.(PAN FL.)80G+25% EXTRA,दंत कान्ति रेड टूथपेस्ट (पान फ्लेवर) 80 ग्राम + 25% अतिरिक्त,2026-05-09,2024-11-07,2024-05-09,12,9,TI4034AAA2425,9,ABSK240001,596.42,05AAECK5765H1ZE,18,33061020,0,65,0,KANHA JI DISTRIBUTORS,file1_2024-2025
DANT KANTI FRESH ACTIVE GEL T.P 80 GM,दंत कान्ति फ्रेश एक्टिव जेल टूथपेस्ट 80 ग्राम,2025-10-04,2024-11-07,2024-04-12,12,9,TI4034AAA2425,9,A3M2400002,459.78,05AAECK5765H1ZE,18,33061020,0,45,0,KANHA JI DISTRIBUTORS,file1_2024-2025
DANT KANTI MEDICATED ORAL GEL 100 G(48),दंत कान्ति मेडिकेटेड ओरल जेल 100 ग्राम (48 नग),2026-04-15,2024-11-07,2024-10-22,12,9,TI4034AAA2425,9,AH22400037,460.77,05AAECK5765H1ZE,18,33061020,0,45,0,KANHA JI DISTRIBUTORS,file1_2024-2025
DANT KANTI SENSITIVE TP-50GX3 DISP. PACK,दंत कान्ति सेंसिटिव टूथपेस्ट 50 ग्राम × 3 डिस्पेंसर पैक,2026-06-08,2024-11-07,2024-06-18,3,9,TI4034AAA2425,9,AASB240003,520.13,05AAECK5765H1ZE,18,33061020,0,240,0,KANHA JI DISTRIBUTORS,file1_2024-2025
SPE. CHYWNPRSH 1 KG - FREE HONEY 100 GM,विशेष च्यवनप्राश 1 किग्रा + मुफ्त शहद 100 ग्राम,2026-12-27,2024-11-07,2024-01-12,1,6,TI4034AAA2425,6,ABKF240006,2928.71,05AAECK5765H1ZE,12,30049011,0,360,0,KANHA JI DISTRIBUTORS,file1_2024-2025
PATANJALI HONEY 100 GM (OFFER PACK),पतंजलि शहद 100 ग्राम (ऑफर पैक),2026-03-07,2024-11-07,2024-09-13,12,2.5,TI4034AAA2425,2.5,ABKG240011,0.66,05AAECK5765H1ZE,5,4090000,0,55,0,KANHA JI DISTRIBUTORS,file1_2024-2025
HERBAL WASH DETERGENT POWDER 1 KG,हर्बल वॉश डिटर्जेंट पाउडर 1 किग्रा,2029-09-22,2024-11-07,2024-09-23,1,9,TI4034AAA2425,9,AM92400082,1517.48,05AAECK5765H1ZE,18,34029011,0,70,0,KANHA JI DISTRIBUTORS,file1_2024-2025
AMLA JUICE 1 L,आंवला रस 1 लीटर,2025-10-11,2024-11-23,2024-10-11,1,6,TI4371AAA2425,6,AGH2400214,1179.18,05AAECK5765H1ZE,12,30049011,0,140,0,KANHA JI DISTRIBUTORS,file1_2024-2025
MUSTARD OIL 1 L (B)-T,सरसों का तेल 1 लीटर,2025-11-09,2024-11-23,2024-11-14,1,2.5,TI4371AAA2425,2.5,O1B2400069,2065.77,05AAECK5765H1ZE,5,15149920,0,190,0,KANHA JI DISTRIBUTORS,file1_2024-2025
SUGAR 5 KG,चीनी 5 किग्रा,2026-10-01,2024-11-23,2024-10-11,1,2.5,TI4371AAA2425,2.5,BAIW240065,1744.97,05AAECK5765H1ZE,5,17011490,0,315,0,KANHA JI DISTRIBUTORS,file1_2024-2025
SESAME OIL 1 L (B)-T,तिल का तेल 1 लीटर,2025-07-20,2024-11-23,2024-10-23,1,2.5,TI4371AAA2425,2.5,JACQ240062,2722.81,05AAECK5765H1ZE,5,15155091,0,280,0,KANHA JI DISTRIBUTORS,file1_2024-2025
CORIANDER POWDER 200 GM,धनिया पाउडर 200 ग्राम,2025-10-08,2024-11-23,2024-10-08,1,2.5,TI4371AAA2425,2.5,AJE2400025,1229.45,05AAECK5765H1ZE,5,9092200,0,60,0,KANHA JI DISTRIBUTORS,file1_2024-2025
TURMERIC POWDER 200 GM,हल्दी पाउडर 200 ग्राम,2025-09-11,2024-11-23,2024-09-11,1,2.5,TI4371AAA2425,2.5,AJC2400055,1680.21,05AAECK5765H1ZE,5,9103030,0,82,0,KANHA JI DISTRIBUTORS,file1_2024-2025
DOODH BISCUIT 35 GM (200 PC),दूध बिस्किट 35 ग्राम (200 नग),2025-05-10,2024-11-23,2024-11-11,1,9,TI4371AAA2425,9,KF24/AV9,851.96,05AAECK5765H1ZE,18,19053100,0,5,0,KANHA JI DISTRIBUTORS,file1_2024-2025
TRADITIONAL WHOLE WHEAT ATTA 5 KG(UK),पारंपरिक गेहूं का आटा 5 किग्रा (यूके),2025-02-05,2024-11-23,2024-10-08,1,2.5,TI4371AAA2425,2.5,PDBKQ24021,1542.74,05AAECK5765H1ZE,5,11010000,0,215,0,KANHA JI DISTRIBUTORS,file1_2024-2025
SHATAVAR CHURNA (Ayurvedic Medicine),शतावरी चूर्ण (आयुर्वेदिक औषधि),2025-10-11,2024-11-23,2024-10-11,10,2.5,TI4372AAA2425,2.5,ABEE240094,1567.55,05AAECK5765H1ZE,5,30049011,0,200,0,KANHA JI DISTRIBUTORS,file1_2024-2025
VIRGIN COCONUT OIL 500 ML (B) - T,वर्जिन नारियल तेल 500 मि.ली.,2026-01-01,2024-11-23,2024-10-08,6,2.5,TI4372AAA2425,2.5,C9G2400007,1663.39,05AAECK5765H1ZE,5,15131900,0,325,0,KANHA JI DISTRIBUTORS,file1_2024-2025
PAT NUTRELA BONE HEALTH NATURAL CAPSULE,न्यूट्रेला बोन हेल्थ नेचुरल कैप्सूल,2027-09-13,2024-11-23,2024-09-13,6,6,TI4372AAA2425,6,AANN240016,909.08,05AAECK5765H1ZE,12,30049011,0,250,0,KANHA JI DISTRIBUTORS,file1_2024-2025
Divya Sarvakalp Kwath 100 Gm,दिव्य सर्वकल्प क्वाथ 100 ग्राम,2026-09-05,2024-11-23,2024-09-15,50,6,TI4372AAA2425,6,ASKK240036,1458.24,05AAECK5765H1ZE,12,30049011,0,35,0,KANHA JI DISTRIBUTORS,file1_2024-2025
HERBAL FACIAL FOAM 60 GM,हर्बल फेशियल फोम 60 ग्राम,2026-07-28,2024-11-23,2024-08-07,24,9,TI4372AAA2425,9,AJN2400008,1283.46,05AAECK5765H1ZE,18,34013090,0,70,0,KANHA JI DISTRIBUTORS,file1_2024-2025
SAUNDARYA ALOEVERA GEL K. CHANDAN 150 ML,सौंदर्य एलोवेरा जेल केसर-चंदन 150 मि.ली.,2026-03-04,2024-11-23,2024-09-10,24,9,TI4372AAA2425,9,AAHV240050,2346.88,05AAECK5765H1ZE,18,33049910,0,120,0,KANHA JI DISTRIBUTORS,file1_2024-2025
SAUNDARYA ALOEVERA GEL 60 ML,सौंदर्य एलोवेरा जेल 60 मि.ली.,2026-02-24,2024-11-23,2024-09-02,24,9,TI4372AAA2425,9,AAHQ240196,977.89,05AAECK5765H1ZE,18,33049910,0,50,0,KANHA JI DISTRIBUTORS,file1_2024-2025
GUR 1 KG,गुड़ 1 किग्रा,2025-09-01,2024-12-11,2024-12-05,1,2.5,TI4723AAA2425,2.5,AARA240040,1233.67,05AAECK5765H1ZE,5,17011410,0,110,0,KANHA JI DISTRIBUTORS,file1_2024-2025
MADHURAM 1 KG,मधुरम गुड़ पाउडर 1 किग्रा,2025-10-21,2024-12-11,2024-10-21,1,2.5,TI4723AAA2425,2.5,AHG2400249,2177.05,05AAECK5765H1ZE,5,17011410,0,85,0,KANHA JI DISTRIBUTORS,file1_2024-2025
SENDHA NAMAK 1 KG - T,सेंधा नमक 1 किग्रा,2026-08-22,2024-12-11,2024-09-01,1,0,TI4723AAA2425,0,SRS24,1009,05AAECK5765H1ZE,0,25010010,0,60,0,KANHA JI DISTRIBUTORS,file1_2024-2025
ALOEVERA JUICE 1 L (FIBRE),एलोवेरा रस (फाइबर युक्त) 1 लीटर,2025-07-14,2024-12-11,2024-10-17,1,6,TI4723AAA2425,6,PGD2400488,1768.77,05AAECK5765H1ZE,12,30049011,0,210,0,KANHA JI DISTRIBUTORS,file1_2024-2025
AMLA JUICE 1 L,आंवला रस 1 लीटर,2025-10-23,2024-12-11,2024-10-23,1,6,TI4723AAA2425,6,AGH2400222,1179.18,05AAECK5765H1ZE,12,30049011,0,140,0,KANHA JI DISTRIBUTORS,file1_2024-2025
GILOY JUICE 500 ML,गिलोय रस 500 मि.ली.,2025-10-24,2024-12-11,2024-10-24,1,6,TI4723AAA2425,6,PFY2400018,861.37,05AAECK5765H1ZE,12,30049011,0,90,0,KANHA JI DISTRIBUTORS,file1_2024-2025
KARELA JAMUN 50-50 JUICE - 500 ML,करेला-जामुन 50-50 रस 500 मि.ली.,2025-10-17,2024-12-11,2024-10-17,1,6,TI4723AAA2425,6,ABPB240019,1435.66,05AAECK5765H1ZE,12,30049011,0,150,0,KANHA JI DISTRIBUTORS,file1_2024-2025
SPE. CHYWNPRSH 1 KG - FREE HONEY 100 GM,विशेष च्यवनप्राश 1 किग्रा + मुफ्त शहद 100 ग्राम,2027-09-02,2024-12-11,2024-09-17,1,6,TI4723AAA2425,6,ABKF240012,3101.01,05AAECK5765H1ZE,12,30049011,0,360,0,KANHA JI DISTRIBUTORS,file1_2024-2025
PATANJALI HONEY 100 GM (OFFER PACK),पतंजलि शहद 100 ग्राम (ऑफर पैक),2026-04-17,2024-12-11,2024-10-24,12,2.5,TI4723AAA2425,2.5,ABKG240015,0.53,05AAECK5765H1ZE,5,4090000,0,55,0,KANHA JI DISTRIBUTORS,file1_2024-2025
DANT KANTI DENTAL CREAM (ADV) 2X100-GM,दंत कान्ति डेंटल क्रीम (एडवांस) 100 ग्राम × 2,2026-05-12,2024-12-11,2024-11-18,1,9,TI4723AAA2425,9,AF82400015,4400.08,05AAECK5765H1ZE,18,33061020,0,160,0,KANHA JI DISTRIBUTORS,file1_2024-2025
TRADITIONAL WHOLE WHEAT ATTA 10 KG(UK),पारंपरिक गेहूं का आटा 10 किग्रा (यूके),2025-04-07,2024-12-11,2024-12-08,2,2.5,TI4723AAA2425,2.5,PDBKP24028,3811.82,05AAECK5765H1ZE,5,11010000,0,425,0,KANHA JI DISTRIBUTORS,file1_2024-2025
TRADITIONAL WHOLE WHEAT ATTA 5 KG(UK),पारंपरिक गेहूं का आटा 5 किग्रा (यूके),2025-03-14,2024-12-11,2024-11-14,1,2.5,TI4723AAA2425,2.5,PDBKQ24024,1614.48,05AAECK5765H1ZE,5,11010000,0,225,0,KANHA JI DISTRIBUTORS,file1_2024-2025
SESAME OIL 1 L (B)-T,तिल का तेल 1 लीटर,2025-08-15,2024-12-11,2024-11-18,3,2.5,TI4723AAA2425,2.5,JACQ240072,8168.44,05AAECK5765H1ZE,5,15155091,0,280,0,KANHA JI DISTRIBUTORS,file1_2024-2025
NAVRATNA ATTA 2 KG,नवरत्न आटा 2 किग्रा,2025-04-17,2024-12-11,2024-10-19,1,2.5,TI4723AAA2425,2.5,AHV2400037,2959.95,05AAECK5765H1ZE,5,11010000,0,165,0,KANHA JI DISTRIBUTORS,file1_2024-2025
OATS 500GM - T,ओट्स 500 ग्राम,2025-11-14,2024-12-11,2024-11-14,1,2.5,TI4723AAA2425,2.5,ANO141124,1700.5,05AAECK5765H1ZE,5,11041200,0,100,0,KANHA JI DISTRIBUTORS,file1_2024-2025
JAMUN VINEGAR 500 ML,जामुन का सिरका 500 मि.ली.,2025-10-08,2024-12-11,2024-10-08,1,9,TI4723AAA2425,9,AGB2400021,763.93,05AAECK5765H1ZE,18,22090090,0,80,0,KANHA JI DISTRIBUTORS,file1_2024-2025
APPLE VINEGAR 500 ML,सेब का सिरका 500 मि.ली.,2026-03-31,2024-12-11,2024-10-07,1,9,TI4723AAA2425,9,AB52400041,2482.81,05AAECK5765H1ZE,18,22090090,0,130,0,KANHA JI DISTRIBUTORS,file1_2024-2025
DIVYA ABHYARISHTA 450ML,दिव्य अभयारिष्ट 450 मि.ली.,2034-10-30,2024-12-11,2024-11-01,1,2.5,TI4723AAA2425,2.5,ABY240042,1885.05,05AAECK5765H1ZE,5,30049011,0,145,0,KANHA JI DISTRIBUTORS,file1_2024-2025
MUSTARD OIL 1 L (P)-T,सरसों का तेल 1 लीटर,2025-11-17,2024-12-11,2024-11-22,4,2.5,TI4723AAA2425,2.5,N2B2400092,7794.02,05AAECK5765H1ZE,5,15149920,0,185,0,KANHA JI DISTRIBUTORS,file1_2024-2025
DIVYA SWASARI PRAVAHI - 250 ML - T,दिव्य स्वासारी प्रवाही 250 मि.ली.,2027-10-31,2024-12-11,2024-11-15,1,6,TI4723AAA2425,6,BSSP240062,2436.67,05AAECK5765H1ZE,12,30049011,0,85,0,KANHA JI DISTRIBUTORS,file1_2024-2025
SUPER DISHWASH BAR-RS10/- (T.O. FREE 3N),सुपर डिशवॉश बार ₹10/- (ट्रेड ऑफर फ्री 3 नग),2027-11-07,2024-12-11,2024-11-07,4,9,TI4723AAA2425,9,AAXY240233,2078.69,05AAECK5765H1ZE,18,34011941,0,10,0,KANHA JI DISTRIBUTORS,file1_2024-2025
SUPER DISHWASH BAR-225 G B3G1 FREE,सुपर डिशवॉश बार 225 ग्राम (खरीदो 3 पाओ 1 मुफ्त),2027-11-27,2024-12-11,2024-11-27,4,9,TI4723AAA2425,9,AAXW240071,2693.8,05AAECK5765H1ZE,18,34011990,0,72,0,KANHA JI DISTRIBUTORS,file1_2024-2025
DANT KANTI NATURAL(200GX3)BIG SAVER PACK,दंत कान्ति नेचुरल (200 ग्राम × 3) बड़ा बचत पैक,2026-10-14,2024-12-11,2024-10-24,1,9,TI4723AAA2425,9,AAPW240032,5658.9,05AAECK5765H1ZE,18,33061020,0,280,0,KANHA JI DISTRIBUTORS,file1_2024-2025
RICE BRAN OIL 1 LTR (P),चावल की भूसी का तेल 1 लीटर,2025-08-27,2024-12-11,2024-11-30,1,2.5,TI4723AAA2425,2.5,ORE2400073,1957.03,05AAECK5765H1ZE,5,15159040,0,180,0,KANHA JI DISTRIBUTORS,file1_2024-2025
GONYLE FLOOR CLEANER - 5 LTR,गोनाइल फ्लोर क्लीनर 5 लीटर,2025-11-26,2024-12-11,2024-12-01,1,9,TI4723AAA2425,9,0823/24-25,980.39,05AAECK5765H1ZE,18,38084000,0,330,0,KANHA JI DISTRIBUTORS,file1_2024-2025
CHANA DAL 1000 GM (R1),चना दाल 1000 ग्राम,2025-07-05,2024-12-11,2024-10-08,1,2.5,TI4723AAA2425,2.5,BPRCD24024,1263.78,05AAECK5765H1ZE,5,7139010,0,146,0,KANHA JI DISTRIBUTORS,file1_2024-2025
IODIZED NAMAK 1 KG (NEW) - T,आयोडीन युक्त नमक 1 किग्रा (नया),2026-07-22,2024-12-12,2024-08-01,1,0,TI4741AAA2425,0,SC-24,260,05AAECK5765H1ZE,0,25010010,0,22,0,KANHA JI DISTRIBUTORS,file1_2024-2025
MIX DAL 1000 GM (R1),मिक्स दाल 1000 ग्राम,2025-08-11,2024-12-12,2024-11-14,1,2.5,TI4741AAA2425,2.5,BPMXD24041,1367.63,05AAECK5765H1ZE,5,7139090,0,158,0,KANHA JI DISTRIBUTORS,file1_2024-2025
TURMERIC CHARCOAL BATHING BAR 125G(B3G1),हल्दी चारकोल बाथिंग बार 125 ग्राम (खरीदो 3 पाओ 1 मुफ्त),2026-06-23,2024-12-12,2024-06-23,1,9,TI4741AAA2425,9,CBVR240002,4244.04,05AAECK5765H1ZE,18,34011941,0,400,0,KANHA JI DISTRIBUTORS,file1_2024-2025
SHEA-SAFRON CREAM BATHING BAR 125G(B3G1),शीया-सैफ्रन क्रीम बाथिंग बार 125 ग्राम (खरीदो 3 पाओ 1 मुफ्त),2026-06-26,2024-12-12,2024-06-26,1,9,TI4741AAA2425,9,CBVS240002,4456.29,05AAECK5765H1ZE,18,34011941,0,420,0,KANHA JI DISTRIBUTORS,file1_2024-2025
JEERA BISCUIT 70 GM,जीरा बिस्किट 70 ग्राम,2025-05-29,2024-12-12,2024-11-30,1,9,TI4741AAA2425,9,KA24/BP1,614.26,05AAECK5765H1ZE,18,19053100,0,10,0,KANHA JI DISTRIBUTORS,file1_2024-2025
7 GRAIN DIGESTIVE BISCUIT 200 GM,7 ग्रेन डाइजेस्टिव बिस्किट 200 ग्राम,2025-04-02,2024-12-12,2024-10-04,1,9,TI4741AAA2425,9,J324/BP1,1278.88,05AAECK5765H1ZE,18,19053100,0,75,0,KANHA JI DISTRIBUTORS,file1_2024-2025
BUTTER TOP BISCUIT 70 GM,बटर टॉप बिस्किट 70 ग्राम,2025-02-09,2024-12-12,2024-08-13,1,9,TI4741AAA2425,9,HD24/BP1,853.14,05AAECK5765H1ZE,18,19059020,0,10,0,KANHA JI DISTRIBUTORS,file1_2024-2025
SHILAJIT - 11 GM (STRIP),शिलाजीत स्ट्रिप 11 ग्राम,2026-11-12,2024-12-11,2024-11-22,20,6,TI4740AAA2425,6,AASO240036,1435.68,05AAECK5765H1ZE,12,30049011,0,100,0,KANHA JI DISTRIBUTORS,file1_2024-2025
CHYAWANPRABHA ADV. NO ADDED SUGAR 750GM,च्यवनप्रभा एडवांस (बिना चीनी) 750 ग्राम,2026-11-08,2024-12-11,2024-11-18,6,6,TI4740AAA2425,6,AAJH240039,1567.44,05AAECK5765H1ZE,12,30049011,0,410,0,KANHA JI DISTRIBUTORS,file1_2024-2025
MAHA NARAYAN TAILA 100 ML - T,महा नारायण तैल 100 मि.ली.,2027-09-10,2024-12-11,2024-09-10,25,2.5,TI4740AAA2425,2.5,BMNT240020,4270.88,05AAECK5765H1ZE,5,30049011,0,205,0,KANHA JI DISTRIBUTORS,file1_2024-2025
MINT CANDY MENTHOL - T,मिंट कैंडी मेंथॉल,2025-09-30,2024-12-11,2024-10-05,6,6,TI4740AAA2425,6,DMC240003,676.44,05AAECK5765H1ZE,12,17049030,0,150,0,KANHA JI DISTRIBUTORS,file1_2024-2025
AMLA CANDY 250 G,आंवला कैंडी 250 ग्राम,2025-10-24,2024-12-11,2024-10-24,12,2.5,TI4740AAA2425,2.5,ABLX240081,777.36,05AAECK5765H1ZE,5,8112010,0,90,0,KANHA JI DISTRIBUTORS,file1_2024-2025
DIVYA KAYAKALP TAILA ADVANCE 100 ML,दिव्य कायाकल्प तैल एडवांस 100 मि.ली.,2027-08-15,2024-12-11,2024-08-15,25,6,TI4740AAA2425,6,BKTA240015,4166.68,05AAECK5765H1ZE,12,30049011,0,200,0,KANHA JI DISTRIBUTORS,file1_2024-2025
DIVYA KAYAKALP VATI EXTRA POWER 80 TAB,दिव्य कायाकल्प वटी एक्स्ट्रा पावर 80 टैबलेट,2027-08-31,2024-12-11,2024-09-15,20,6,TI4740AAA2425,6,AKKE240023,2041.76,05AAECK5765H1ZE,12,30049011,0,125,0,KANHA JI DISTRIBUTORS,file1_2024-2025
ANTI WRINKLE CREAM 50 G,एंटी रिंकल क्रीम 50 ग्राम,2026-08-12,2024-12-11,2024-08-12,12,9,TI4740AAA2425,9,AAR2400008,1405.66,05AAECK5765H1ZE,18,33049910,0,150,0,KANHA JI DISTRIBUTORS,file1_2024-2025
ASHVAGANDHA -11 GM (STRIP),अश्वगंधा स्ट्रिप 11 ग्राम,2026-09-28,2024-12-11,2024-10-08,20,6,TI4740AAA2425,6,AASZ240036,1292.09,05AAECK5765H1ZE,12,30049011,0,90,0,KANHA JI DISTRIBUTORS,file1_2024-2025
ASHVASHILA -11 GM (STRIP),अश्वशिला स्ट्रिप 11 ग्राम,2026-11-08,2024-12-11,2024-11-18,20,6,TI4740AAA2425,6,AASP240047,1435.68,05AAECK5765H1ZE,12,30049011,0,100,0,KANHA JI DISTRIBUTORS,file1_2024-2025
TRIPHALA CHURNA -100GM,त्रिफला चूर्ण 100 ग्राम,2026-10-31,2024-12-11,2024-11-10,25,2.5,TI4740AAA2425,2.5,ATPC240133,612.41,05AAECK5765H1ZE,5,30049011,0,30,0,KANHA JI DISTRIBUTORS,file1_2024-2025
SWET MUSHLI CHURNA 100G (Ayu.Medicine),श्वेत मूसली चूर्ण 100 ग्राम (आयुर्वेदिक औषधि),2026-10-10,2024-12-11,2024-10-10,10,2.5,TI4740AAA2425,2.5,ABFF240043,3722.78,05AAECK5765H1ZE,5,30049011,0,475,0,KANHA JI DISTRIBUTORS,file1_2024-2025
SHATAVAR CHURNA (Ayurvedic Medicine),शतावरी चूर्ण (आयुर्वेदिक औषधि),2025-10-11,2024-12-11,2024-10-11,6,2.5,TI4740AAA2425,2.5,ABEE240094,940.53,05AAECK5765H1ZE,5,30049011,0,200,0,KANHA JI DISTRIBUTORS,file1_2024-2025
Divya Arshkalp Vati 40 Tab,दिव्य अर्शकल्प वटी 40 टैबलेट,2027-09-20,2024-12-11,2024-10-05,20,6,TI4740AAA2425,6,BAKV240087,749.95,05AAECK5765H1ZE,12,30049011,0,45,0,KANHA JI DISTRIBUTORS,file1_2024-2025
DIVYA SWASARI AVALEHA 150 G -T,दिव्य स्वासारी अवलेह 150 ग्राम,2026-11-21,2024-12-11,2024-12-01,6,6,TI4740AAA2425,6,BDSA240111,625.03,05AAECK5765H1ZE,12,30049011,0,125,0,KANHA JI DISTRIBUTORS,file1_2024-2025
Chandraprabha Vati 40 Tab,चंद्रप्रभा वटी 40 टैबलेट,2029-07-10,2024-12-11,2024-08-05,20,2.5,TI4740AAA2425,2.5,BCPV240146,716.73,05AAECK5765H1ZE,5,30049011,0,43,0,KANHA JI DISTRIBUTORS,file1_2024-2025
ALOEVERA GEL FACE WASH 60 ML,एलोवेरा जेल फेस वॉश 60 मि.ली.,2026-04-20,2024-12-11,2023-11-29,12,9,TI4740AAA2425,9,AATK230034,641.73,05AAECK5765H1ZE,18,34013090,0,70,0,KANHA JI DISTRIBUTORS,file1_2024-2025
UBTAN FACEWASH 100G (TO. BUY 2GET1 FREE),उबटन फेसवॉश 100 ग्राम (खरीदो 2 पाओ 1 मुफ्त),2026-08-22,2024-12-11,2024-08-22,4,9,TI4740AAA2425,9,ABSN240002,1358.13,05AAECK5765H1ZE,18,34013090,0,400,0,KANHA JI DISTRIBUTORS,file1_2024-2025
KESH KANTI ALMOND HAIR OIL-200 ML,केश कान्ति बादाम हेयर ऑयल 200 मि.ली.,2026-10-22,2024-12-11,2024-10-22,12,9,TI4740AAA2425,9,ABQQ240007,1244.66,05AAECK5765H1ZE,18,33059019,0,130,0,KANHA JI DISTRIBUTORS,file1_2024-2025
BOROSAFE ANTISEPTIC 50 GM CREAM,बोरोज़सेफ एंटीसेप्टिक क्रीम 50 ग्राम,2026-09-28,2024-12-11,2024-10-08,36,9,TI4740AAA2425,9,AJG2400004,1265.05,05AAECK5765H1ZE,18,33049910,0,45,0,KANHA JI DISTRIBUTORS,file1_2024-2025
DANT KANTI RED TP.(PAN FL.)80G+25% EXTRA,दंत कान्ति रेड टूथपेस्ट (पान फ्लेवर) 80 ग्राम + 25% अतिरिक्त,2026-05-09,2024-12-11,2024-05-09,36,9,TI4740AAA2425,9,ABSK240001,1789.26,05AAECK5765H1ZE,18,33061020,0,65,0,KANHA JI DISTRIBUTORS,file1_2024-2025
GILOY GHAN VATI 60 PC (NEW),गिलोय घन वटी 60 नग (नया),2026-10-07,2024-12-11,2024-10-17,24,6,TI4740AAA2425,6,AAI2400089,1875.96,05AAECK5765H1ZE,12,30049011,0,100,0,KANHA JI DISTRIBUTORS,file1_2024-2025
DRISHTI EYE DROP 10 ML (NEW),दृष्टि नेत्र ड्रॉप 10 मि.ली. (नया),2025-10-22,2024-12-11,2024-10-22,40,6,TI4740AAA2425,6,AAST240051,637.95,05AAECK5765H1ZE,12,30049011,0,20,0,KANHA JI DISTRIBUTORS,file1_2024-2025
RAGI ATTA 1 KG,रागी आटा 1 किग्रा,2025-05-19,2024-12-11,2024-11-20,10,2.5,TI4740AAA2425,2.5,AALL240024,711.06,05AAECK5765H1ZE,5,11029090,0,80,0,KANHA JI DISTRIBUTORS,file1_2024-2025
KESH KANTI HERBAL MEHANDI (NAT. BLACK)-T,केश कान्ति हर्बल मेहंदी (नेचुरल ब्लैक),2025-10-27,2024-12-11,2024-11-01,20,9,TI4740AAA2425,9,ANBL240236,318.36,05AAECK5765H1ZE,18,33059090,0,20,0,KANHA JI DISTRIBUTORS,file1_2024-2025
SAUMYA EYE DROP 10 ML,सौम्या आई ड्रॉप 10 मि.ली.,2026-09-28,2024-12-11,2024-10-08,40,6,TI4740AAA2425,6,AAAQ240018,1116.42,05AAECK5765H1ZE,12,30049011,0,35,0,KANHA JI DISTRIBUTORS,file1_2024-2025
Divya Gulab Jal 120 ml-DUP,दिव्य गुलाब जल 120 मि.ली.,2025-11-05,2024-12-11,2024-11-10,30,9,TI4740AAA2425,9,BGLJ240075,857.39,05AAECK5765H1ZE,18,33030020,0,35,0,KANHA JI DISTRIBUTORS,file1_2024-2025
COWS GHEE 1 L - T,गाय का घी 1 लीटर,2025-08-29,2024-12-11,2024-12-02,1,6,TI4740AAA2425,6,FAWC240221,9190.94,05AAECK5765H1ZE,12,4059020,0,665,0,KANHA JI DISTRIBUTORS,file1_2024-2025
COWS GHEE 500 ML - T,गाय का घी 500 मि.ली.,2025-08-22,2024-12-11,2024-11-25,1,6,TI4740AAA2425,6,FAWD240068,9812.88,05AAECK5765H1ZE,12,4059020,0,355,0,KANHA JI DISTRIBUTORS,file1_2024-2025
DOODH BISCUIT 35 GM (200 PC),दूध बिस्किट 35 ग्राम (200 नग),2025-06-23,2025-01-09,2024-12-25,1,9,TI5306AAA2425,9,LS24/BP1,851.96,05AAECK5765H1ZE,18,19053100,0,5,0,KANHA JI DISTRIBUTORS,file1_2024-2025
DOODH BISCUIT 70 GM (100 PC),दूध बिस्किट 70 ग्राम (100 नग),2025-06-10,2025-01-09,2024-12-12,1,9,TI5306AAA2425,9,LG24/BP1,853.14,05AAECK5765H1ZE,18,19053100,0,10,0,KANHA JI DISTRIBUTORS,file1_2024-2025
CRUNCHY COCONUT COOKIES 80 GM,क्रंची कोकोनट कुकीज़ 80 ग्राम,2025-06-08,2025-01-09,2024-12-10,1,9,TI5306AAA2425,9,LE24/BP1,614.26,05AAECK5765H1ZE,18,19053100,0,10,0,KANHA JI DISTRIBUTORS,file1_2024-2025
NARIYAL BISCUIT 75 GM,नारियल बिस्किट 75 ग्राम,2025-05-27,2025-01-09,2024-11-28,1,9,TI5306AAA2425,9,KW24/AV9,853.14,05AAECK5765H1ZE,18,19053100,0,10,0,KANHA JI DISTRIBUTORS,file1_2024-2025
ALOEVERA JUICE 1 L (FIBRE),एलोवेरा रस (फाइबर युक्त) 1 लीटर,2025-08-26,2025-01-09,2024-11-29,1,6,TI5306AAA2425,6,PGD2400522,1768.77,05AAECK5765H1ZE,12,30049011,0,210,0,KANHA JI DISTRIBUTORS,file1_2024-2025
BESAN 500 G,बेसन 500 ग्राम,2025-05-17,2025-01-09,2024-12-18,1,2.5,TI5306AAA2425,2.5,PDCR240137,1151.67,05AAECK5765H1ZE,5,11061090,0,75,0,KANHA JI DISTRIBUTORS,file1_2024-2025
KESH KANTI HERBAL MEHNDI-75 G,केश कान्ति हर्बल मेहंदी 75 ग्राम,2026-12-05,2025-01-09,2024-12-05,1,9,TI5306AAA2425,9,ABNX240167,2020.16,05AAECK5765H1ZE,18,33059090,0,35,0,KANHA JI DISTRIBUTORS,file1_2024-2025
MARIE BISCUIT 75 GM (48 PC),मैरी बिस्किट 75 ग्राम (48 नग),2025-07-02,2025-01-09,2025-01-03,1,9,TI5306AAA2425,9,A325/BP1,409.51,05AAECK5765H1ZE,18,19053100,0,10,0,KANHA JI DISTRIBUTORS,file1_2024-2025
KESH KANTI HERBAL MEHANDI (NAT. BLACK)-T,केश कान्ति हर्बल मेहंदी (नेचुरल ब्लैक),2025-10-27,2025-01-09,2024-11-01,40,9,TI5306AAA2425,9,ANBL240248,636.73,05AAECK5765H1ZE,18,33059090,0,20,0,KANHA JI DISTRIBUTORS,file1_2024-2025
KESH K. HERBAL MEHANDI (BURGUNDY) 15GM-T,केश कान्ति हर्बल मेहंदी (बरगंडी) 15 ग्राम,2025-04-26,2025-01-09,2024-05-01,20,9,TI5306AAA2425,9,ABUR240005,477.43,05AAECK5765H1ZE,18,33059090,0,30,0,KANHA JI DISTRIBUTORS,file1_2024-2025
Chitrakadi Vati 60 Tab,चित्रकादि वटी 60 टैबलेट,2027-10-17,2025-01-09,2024-11-01,20,2.5,TI5306AAA2425,2.5,BCKV240023,1000.02,05AAECK5765H1ZE,5,30049011,0,60,0,KANHA JI DISTRIBUTORS,file1_2024-2025
AMLA CHATPATA CANDY 250 G,आंवला चटपटा कैंडी 250 ग्राम,2025-11-06,2025-01-09,2024-11-06,12,2.5,TI5306AAA2425,2.5,AMV2400062,820.57,05AAECK5765H1ZE,5,8112010,0,95,0,KANHA JI DISTRIBUTORS,file1_2024-2025
Shuddh Konch Beej Churna 100 Gm,शुद्ध कौंच बीज चूर्ण 100 ग्राम,2026-11-05,2025-01-09,2024-11-15,25,2.5,TI5306AAA2425,2.5,BKBC240084,1145.81,05AAECK5765H1ZE,5,30049011,0,55,0,KANHA JI DISTRIBUTORS,file1_2024-2025
Divya Renogrit 3 U X 20 N -T,दिव्य रेनोग्रिट 3 यूनिट × 20 नग,2027-10-26,2025-01-09,2024-11-10,20,6,TI5306AAA2425,6,BDRT240021,3999.97,05AAECK5765H1ZE,12,30049011,0,240,0,KANHA JI DISTRIBUTORS,file1_2024-2025
LIVAMRIT SYRUP - 200 ML,लिवामृत सिरप 200 मि.ली.,2026-11-14,2025-01-09,2024-11-14,18,6,TI5306AAA2425,6,A8B2400121,1266.25,05AAECK5765H1ZE,12,30049011,0,90,0,KANHA JI DISTRIBUTORS,file1_2024-2025
ISABGOL 100 G,इसबगोल 100 ग्राम,2026-05-16,2025-01-09,2024-11-22,6,6,TI5306AAA2425,6,AFB2400048,867.82,05AAECK5765H1ZE,12,30049011,0,170,0,KANHA JI DISTRIBUTORS,file1_2024-2025
MAKHANA 250 GM,मखाना 250 ग्राम,2025-09-16,2025-01-09,2024-11-20,8,2.5,TI5306AAA2425,2.5,AALI240087,3587.72,05AAECK5765H1ZE,5,8029000,0,500,0,KANHA JI DISTRIBUTORS,file1_2024-2025
SAUNDARYA FACE WASH 100 G,सौंदर्य फेस वॉश 100 ग्राम,2026-12-08,2025-01-09,2024-12-18,16,9,TI5306AAA2425,9,ANT2400063,1283.46,05AAECK5765H1ZE,18,34013090,0,105,0,KANHA JI DISTRIBUTORS,file1_2024-2025
SAUNDARYA NEEM TULSI FACE WASH 60 GM,सौंदर्य नीम तुलसी फेस वॉश 60 ग्राम,2026-12-17,2025-01-09,2024-12-27,16,9,TI5306AAA2425,9,AAMW240011,733.3,05AAECK5765H1ZE,18,34013090,0,60,0,KANHA JI DISTRIBUTORS,file1_2024-2025
HERBAL FACIAL FOAM 60 GM,हर्बल फेशियल फोम 60 ग्राम,2026-11-09,2025-01-09,2024-11-19,16,9,TI5306AAA2425,9,AJN2400010,855.64,05AAECK5765H1ZE,18,34013090,0,70,0,KANHA JI DISTRIBUTORS,file1_2024-2025
ROSE FACE WASH-100 G,गुलाब फेस वॉश 100 ग्राम,2026-12-27,2025-01-09,2024-12-27,16,9,TI5306AAA2425,9,ABRT240006,1412.41,05AAECK5765H1ZE,18,34013090,0,130,0,KANHA JI DISTRIBUTORS,file1_2024-2025
ORANGE HONEY FACEWASH 60 G,ऑरेंज हनी फेसवॉश 60 ग्राम,2026-02-04,2025-01-09,2024-08-13,16,9,TI5306AAA2425,9,ABV2400003,672.32,05AAECK5765H1ZE,18,34013090,0,55,0,KANHA JI DISTRIBUTORS,file1_2024-2025
ORANGE ALOEVERA FACE WASH-100 G,ऑरेंज एलोवेरा फेस वॉश 100 ग्राम,2026-12-25,2025-01-09,2024-12-25,12,9,TI5306AAA2425,9,ABQN240008,1059.31,05AAECK5765H1ZE,18,34013090,0,130,0,KANHA JI DISTRIBUTORS,file1_2024-2025
ATTA NOODLES DESI MASALA 60 GM (96 PC)-T,आटा नूडल्स देसी मसाला 60 ग्राम (96 नग),2025-09-01,2025-01-09,2024-12-05,1,6,TI5306AAA2425,6,DM051224,925.75,05AAECK5765H1ZE,12,19022090,0,12,0,KANHA JI DISTRIBUTORS,file1_2024-2025
HALDICHNDN KANTI BODYCLN.150G MNTHLY PAC,हल्दी-चंदन कान्ति बॉडी क्लीन्ज़र 150 ग्राम मासिक पैक,2026-12-10,2025-01-09,2024-12-10,1,9,TI5306AAA2425,9,AAUH240095,2431.84,05AAECK5765H1ZE,18,34011941,0,130,0,KANHA JI DISTRIBUTORS,file1_2024-2025
DIVYA SWASARI PRAVAHI - 250 ML - T,दिव्य स्वासारी प्रवाही 250 मि.ली.,2027-12-05,2025-01-09,2024-12-20,1,6,TI5306AAA2425,6,BSSP240085,2436.67,05AAECK5765H1ZE,12,30049011,0,85,0,KANHA JI DISTRIBUTORS,file1_2024-2025
COCONUT OIL 200 ML (J),नारियल तेल 200 मि.ली.,2026-03-19,2025-01-09,2024-12-24,12,2.5,TI5306AAA2425,2.5,AAU2400026,673.6,05AAECK5765H1ZE,5,15131900,0,70,0,KANHA JI DISTRIBUTORS,file1_2024-2025
CREAMFEAST ELAICHI BISCUIT 32.5 GM,क्रीमफीस्ट इलायची बिस्किट 32.5 ग्राम,2025-06-20,2025-01-09,2024-12-22,1,9,TI5306AAA2425,9,LO24/BP1,613.41,05AAECK5765H1ZE,18,19053100,0,5,0,KANHA JI DISTRIBUTORS,file1_2024-2025
COWS GHEE 1 L - T,गाय का घी 1 लीटर,2025-09-28,2025-01-16,2025-01-01,1,6,TI5451AAA2425,6,FAWC250001,9190.94,05AAECK5765H1ZE,12,4059020,0,665,0,KANHA JI DISTRIBUTORS,file1_2024-2025
FORTIFIED SOYABEAN OIL 1 LTR (P) - T,फोर्टिफाइड सोयाबीन तेल 1 लीटर,2025-09-15,2025-01-16,2024-12-19,2,2.5,TI5451AAA2425,2.5,BR2B240045,3662.57,05AAECK5765H1ZE,5,15079010,0,170,0,KANHA JI DISTRIBUTORS,file1_2024-2025
RICE BRAN OIL 1 LTR (P),चावल की भूसी का तेल 1 लीटर,2025-08-28,2025-01-16,2024-12-01,2,2.5,TI5451AAA2425,2.5,ORE2400074,3914.06,05AAECK5765H1ZE,5,15159040,0,180,0,KANHA JI DISTRIBUTORS,file1_2024-2025
FORTIFIED SUNFLOWER OIL 1 LTR (P) - T,फोर्टिफाइड सूरजमुखी तेल 1 लीटर,2025-09-27,2025-01-16,2024-12-31,2,2.5,TI5451AAA2425,2.5,BR2A240062,3770.17,05AAECK5765H1ZE,5,15121910,0,175,0,KANHA JI DISTRIBUTORS,file1_2024-2025
SPECIAL CHYAWANPRASH 1 KG,विशेष च्यवनप्राश 1 किग्रा,2027-11-24,2025-01-16,2024-12-09,1,6,TI5451AAA2425,6,ACZ2400023,2928.71,05AAECK5765H1ZE,12,30049011,0,360,0,KANHA JI DISTRIBUTORS,file1_2024-2025
MUSTARD OIL 1 L (P)-T,सरसों का तेल 1 लीटर,2025-12-15,2025-01-16,2024-12-20,2,2.5,TI5451AAA2425,2.5,N2B2400101,3805.45,05AAECK5765H1ZE,5,15149920,0,175,0,KANHA JI DISTRIBUTORS,file1_2024-2025
KARELA JAMUN 50-50 JUICE - 500 ML,करेला-जामुन 50-50 रस 500 मि.ली.,2025-12-16,2025-01-16,2024-12-16,1,6,TI5451AAA2425,6,ABPB240024,1435.66,05AAECK5765H1ZE,12,30049011,0,150,0,KANHA JI DISTRIBUTORS,file1_2024-2025
HERBAL WASH DETERGENT POWDER 1 KG,हर्बल वॉश डिटर्जेंट पाउडर 1 किग्रा,2030-01-05,2025-01-16,2025-01-06,1,9,TI5451AAA2425,9,AM92500003,1517.48,05AAECK5765H1ZE,18,34029011,0,70,0,KANHA JI DISTRIBUTORS,file1_2024-2025
GONYLE FLOOR CLEANER - 5 LTR,गोनाइल फ्लोर क्लीनर 5 लीटर,2025-12-22,2025-01-16,2024-12-27,1,9,TI5451AAA2425,9,0904/24-25,980.39,05AAECK5765H1ZE,18,38084000,0,330,0,KANHA JI DISTRIBUTORS,file1_2024-2025
Divya Kayakalp Kwath 100 Gm,दिव्य कायाकल्प क्वाथ 100 ग्राम,2026-10-10,2025-01-16,2024-10-20,25,6,TI5451AAA2425,6,AKKK240011,1145.76,05AAECK5765H1ZE,12,30049011,0,55,0,KANHA JI DISTRIBUTORS,file1_2024-2025
BANDHANI HING 50 GM (NEW) - T,बंधनी हींग 50 ग्राम (नया),2026-05-05,2025-01-16,2024-11-11,24,2.5,TI5451AAA2425,2.5,CASY240019,2100.67,05AAECK5765H1ZE,5,13019013,0,120,0,KANHA JI DISTRIBUTORS,file1_2024-2025
DIVYA SHUDDHI CHURNA 100 GM - T,दिव्य शुद्धि चूर्ण 100 ग्राम,2026-11-20,2025-01-16,2024-11-30,25,6,TI5451AAA2425,6,ADSC240051,2552.2,05AAECK5765H1ZE,12,30049011,0,125,0,KANHA JI DISTRIBUTORS,file1_2024-2025
BALM FAST RELIEF 25G DISPN.T.O(5+1)FREE,बाम फास्ट रिलीफ 25 ग्राम (डिस्पेंसर ट्रेड ऑफर 5+1 मुफ्त),2027-11-09,2025-01-16,2024-11-09,3,6,TI5451AAA2425,6,ABLW240029,717.83,05AAECK5765H1ZE,12,30049011,0,300,0,KANHA JI DISTRIBUTORS,file1_2024-2025
DIVYA MADHUNASHNI VATI EX.POWER 30X4 TAB,दिव्य मधुनाशिनी वटी एक्स्ट्रा पावर 30×4 टैबलेट,2027-11-30,2025-01-16,2024-12-15,20,6,TI5451AAA2425,6,BMNE240289,3674.94,05AAECK5765H1ZE,12,30049011,0,225,0,KANHA JI DISTRIBUTORS,file1_2024-2025
SPECIAL CHYAWANPRASH 500 G,विशेष च्यवनप्राश 500 ग्राम,2027-11-21,2025-01-29,2024-12-06,1,6,TI5705AAA2425,6,ADA2400010,3010.02,05AAECK5765H1ZE,12,30049011,0,185,0,KANHA JI DISTRIBUTORS,file1_2024-2025
SPECIAL CHYAWANPRASH 1 KG,विशेष च्यवनप्राश 1 किग्रा,2027-11-24,2025-01-29,2024-12-09,1,6,TI5705AAA2425,6,ACZ2400023,2928.71,05AAECK5765H1ZE,12,30049011,0,360,0,KANHA JI DISTRIBUTORS,file1_2024-2025
AMLA JUICE 1 L,आंवला रस 1 लीटर,2026-01-03,2025-01-29,2025-01-03,1,6,TI5705AAA2425,6,AGH2500003,1179.18,05AAECK5765H1ZE,12,30049011,0,140,0,KANHA JI DISTRIBUTORS,file1_2024-2025
ALOEVERA JUICE 1 L (FIBRE),एलोवेरा रस (फाइबर युक्त) 1 लीटर,2025-09-20,2025-01-29,2024-12-24,1,6,TI5705AAA2425,6,PGD2400548,1768.77,05AAECK5765H1ZE,12,30049011,0,210,0,KANHA JI DISTRIBUTORS,file1_2024-2025
VERMICELLI ROASTED 900 GM - T,भुनी हुई सेवईं 900 ग्राम,2025-12-08,2025-01-29,2024-12-13,1,2.5,TI5705AAA2425,2.5,BVR9131224,1588.42,05AAECK5765H1ZE,5,19021900,0,98,0,KANHA JI DISTRIBUTORS,file1_2024-2025
DALIA 500 G,दलिया 500 ग्राम,2025-05-03,2025-01-29,2025-01-03,1,2.5,TI5705AAA2425,2.5,PDCS250001,870.03,05AAECK5765H1ZE,5,11031900,0,34,0,KANHA JI DISTRIBUTORS,file1_2024-2025
COWS GHEE 500 ML - T,गाय का घी 500 मि.ली.,2025-10-05,2025-01-29,2025-01-08,1,6,TI5705AAA2425,6,FAWD250001,9812.88,05AAECK5765H1ZE,12,4059020,0,355,0,KANHA JI DISTRIBUTORS,file1_2024-2025
HONEY 250 G,शहद 250 ग्राम,2026-06-06,2025-01-29,2024-12-13,1,2.5,TI5705AAA2425,2.5,BCL2400091,2991.24,05AAECK5765H1ZE,5,4090000,0,110,0,KANHA JI DISTRIBUTORS,file1_2024-2025
GONYLE FLOOR CLEANER - 1 LTR,गोनाइल फ्लोर क्लीनर 1 लीटर,2025-12-29,2025-01-29,2025-01-03,1,9,TI5705AAA2425,9,0036/25-26,623.89,05AAECK5765H1ZE,18,38084000,0,70,0,KANHA JI DISTRIBUTORS,file1_2024-2025
BURA 1 KG,बूरा 1 किग्रा,2025-09-10,2025-01-29,2024-12-14,1,2.5,TI5705AAA2425,2.5,AKI2400153,2038.68,05AAECK5765H1ZE,5,17029090,0,75,0,KANHA JI DISTRIBUTORS,file1_2024-2025
MUSTARD OIL 1 L (B)-T,सरसों का तेल 1 लीटर,2026-01-12,2025-01-29,2025-01-17,1,2.5,TI5705AAA2425,2.5,O1B2500004,1957.03,05AAECK5765H1ZE,5,15149920,0,180,0,KANHA JI DISTRIBUTORS,file1_2024-2025
NAVRATNA ATTA 2 KG,नवरत्न आटा 2 किग्रा,2025-07-10,2025-01-29,2025-01-11,1,2.5,TI5705AAA2425,2.5,AHV2500001,3228.96,05AAECK5765H1ZE,5,11010000,0,180,0,KANHA JI DISTRIBUTORS,file1_2024-2025
HONEY 500 G,शहद 500 ग्राम,2026-06-06,2025-01-29,2024-12-13,1,2.5,TI5705AAA2425,2.5,BCM2400079,2855.16,05AAECK5765H1ZE,5,4090000,0,210,0,KANHA JI DISTRIBUTORS,file1_2024-2025
DIVYA ASHWAGANDHA CHURNA - 100 GM,दिव्य अश्वगंधा चूर्ण 100 ग्राम,2026-11-21,2025-01-29,2024-12-01,25,2.5,TI5705AAA2425,2.5,AAGC240073,1735.39,05AAECK5765H1ZE,5,30049011,0,85,0,KANHA JI DISTRIBUTORS,file1_2024-2025
TRIPHALA CHURNA -100GM,त्रिफला चूर्ण 100 ग्राम,2026-11-21,2025-01-29,2024-12-01,25,2.5,TI5705AAA2425,2.5,ATPC240146,612.41,05AAECK5765H1ZE,5,30049011,0,30,0,KANHA JI DISTRIBUTORS,file1_2024-2025
SAUNDARYA COCONUT NOURISHING CREAM 50 GM,सौंदर्य नारियल पोषण क्रीम 50 ग्राम,2027-01-16,2025-01-29,2025-01-16,12,9,TI5705AAA2425,9,A4G2500001,656.03,05AAECK5765H1ZE,18,33049910,0,70,0,KANHA JI DISTRIBUTORS,file1_2024-2025
TEJUS TAILUM 100 ML,तेजस तैलम 100 मि.ली.,2027-01-03,2025-01-29,2025-01-03,25,9,TI5705AAA2425,9,AAO2500001,1591.53,05AAECK5765H1ZE,18,33059019,0,75,0,KANHA JI DISTRIBUTORS,file1_2024-2025
DIVYA PEEDANIL TAILA 100 ML-T,दिव्य पीड़ानिल तैल 100 मि.ली.,2027-12-05,2025-01-29,2024-12-20,25,6,TI5705AAA2425,6,BDPN240074,1735.44,05AAECK5765H1ZE,12,30049011,0,85,0,KANHA JI DISTRIBUTORS,file1_2024-2025
DIVYA LIPIDOM TABLET 60 N - T,दिव्य लिपिडोम टैबलेट 60 नग,2027-12-05,2025-01-29,2024-12-20,20,6,TI5706AAA2425,6,ALPD240036,4753,05AAECK5765H1ZE,12,30049011,0,300,0,KANHA JI DISTRIBUTORS,file1_2024-2025
DIVYA MADHUNASHNI VATI EX.POWER 30X4 TAB,दिव्य मधुनाशिनी वटी एक्स्ट्रा पावर 30×4 टैबलेट,2027-12-15,2025-01-29,2024-12-30,20,6,TI5706AAA2425,6,BMNE240299,3564.7,05AAECK5765H1ZE,12,30049011,0,225,0,KANHA JI DISTRIBUTORS,file1_2024-2025
DIVYA HRIDYAMRIT VATI EXTRA POWER DS 40N,दिव्य हृद्यामृत वटी एक्स्ट्रा पावर डीएस 40 नग,2027-11-24,2025-01-29,2024-11-24,20,6,TI5706AAA2425,6,BHDS240050,3010.2,05AAECK5765H1ZE,12,30049011,0,190,0,KANHA JI DISTRIBUTORS,file1_2024-2025
DIVYA SHILAJEET RASAYAN VATI 120 TAB -T,दिव्य शिलाजीत रसायन वटी 120 टैबलेट,2027-10-05,2025-01-29,2024-10-20,20,6,TI5706AAA2425,6,BSRV240022,1212.42,05AAECK5765H1ZE,12,30049011,0,75,0,KANHA JI DISTRIBUTORS,file1_2024-2025
KESH KANTI ADV.H.HAIR EXPERTOIL-30ML T.O,केश कान्ति एडवांस हेयर एक्सपर्ट ऑयल 30 मि.ली. (ट्रेड ऑफर),2026-12-25,2025-02-07,2024-12-25,24,9,TI5851AAA2425,9,ABHX240007,1679.38,05AAECK5765H1ZE,18,33059019,0,100,0,KANHA JI DISTRIBUTORS,file1_2024-2025
KESH KANTI HERBAL MEHANDI (NAT. BLACK)-T,केश कान्ति हर्बल मेहंदी (नेचुरल ब्लैक),2025-11-26,2025-02-07,2024-12-01,60,9,TI5851AAA2425,9,ANBL240274,955.09,05AAECK5765H1ZE,18,33059090,0,20,0,KANHA JI DISTRIBUTORS,file1_2024-2025
KESH KANTI HERBAL MEHANDI (DARK BROWN) T,केश कान्ति हर्बल मेहंदी (डार्क ब्राउन),2025-11-26,2025-02-07,2024-12-01,20,9,TI5851AAA2425,9,ADBR240059,318.36,05AAECK5765H1ZE,18,33059090,0,20,0,KANHA JI DISTRIBUTORS,file1_2024-2025
KESH KANTI HERBAL MEHANDI (NAT. BROWN) T,केश कान्ति हर्बल मेहंदी (नेचुरल ब्राउन),2025-11-26,2025-02-07,2024-12-01,20,9,TI5851AAA2425,9,ANBR240052,318.36,05AAECK5765H1ZE,18,33059090,0,20,0,KANHA JI DISTRIBUTORS,file1_2024-2025
SUPER DISH WASH GEL RAKH&LEMON 250ML NEW,सुपर डिश वॉश जेल राख एवं नींबू 250 मि.ली. (नया),2027-12-19,2025-02-07,2025-01-03,24,9,TI5851AAA2425,9,AAOF250001,976.19,05AAECK5765H1ZE,18,34022090,0,50,0,KANHA JI DISTRIBUTORS,file1_2024-2025
DIVYA MUKTA VATI EXTRA POWER 30X4 TAB,दिव्य मुक्तावटी एक्स्ट्रा पावर 30×4 टैबलेट,2029-12-20,2025-02-07,2025-01-15,20,6,TI5851AAA2425,6,AMUE250023,3674.94,05AAECK5765H1ZE,12,30049011,0,225,0,KANHA JI DISTRIBUTORS,file1_2024-2025
DRISHTI EYE DROP 10 ML (NEW),दृष्टि नेत्र ड्रॉप 10 मि.ली. (नया),2025-11-27,2025-02-07,2024-11-27,40,6,TI5851AAA2425,6,AAST240057,637.95,05AAECK5765H1ZE,12,30049011,0,20,0,KANHA JI DISTRIBUTORS,file1_2024-2025
MOISTURIZER CREAM-50 G,मॉइस्चराइज़र क्रीम 50 ग्राम,2026-12-06,2025-02-07,2024-12-06,24,9,TI5851AAA2425,9,ABHI240012,1874.22,05AAECK5765H1ZE,18,33049930,0,100,0,KANHA JI DISTRIBUTORS,file1_2024-2025
SAUNDARYA COCONUT NOURISHING CREAM 50 GM,सौंदर्य नारियल पोषण क्रीम 50 ग्राम,2027-01-16,2025-02-07,2025-01-16,24,9,TI5851AAA2425,9,A4G2500001,1312.07,05AAECK5765H1ZE,18,33049910,0,70,0,KANHA JI DISTRIBUTORS,file1_2024-2025
CHANA DAL PAPAD 200 GM - T,चना दाल पापड़ 200 ग्राम,2025-07-01,2025-02-07,2025-01-02,15,0,TI5851AAA2425,0,PCP-25/001,705.15,05AAECK5765H1ZE,0,19059040,0,55,0,KANHA JI DISTRIBUTORS,file1_2024-2025
SAUNDARYA FACE WASH 100 G,सौंदर्य फेस वॉश 100 ग्राम,2026-12-25,2025-02-07,2025-01-04,24,9,TI5851AAA2425,9,ANT2500002,1925.19,05AAECK5765H1ZE,18,34013090,0,105,0,KANHA JI DISTRIBUTORS,file1_2024-2025
ROGHAN BADAM SHIRIN - 60 ML - T,रोगन बादाम शिरीन 60 मि.ली.,2027-10-05,2025-02-07,2024-10-20,15,2.5,TI5851AAA2425,2.5,BRBS240016,2042.46,05AAECK5765H1ZE,5,30049011,0,190,0,KANHA JI DISTRIBUTORS,file1_2024-2025
MINT CANDY MENTHOL - T,मिंट कैंडी मेंथॉल,2025-12-28,2025-02-07,2025-01-02,10,6,TI5851AAA2425,6,DMC250001,1127.39,05AAECK5765H1ZE,12,17049030,0,150,0,KANHA JI DISTRIBUTORS,file1_2024-2025
Amla Churna 100 Gm,आंवला चूर्ण 100 ग्राम,2026-12-10,2025-02-07,2024-12-20,25,2.5,TI5851AAA2425,2.5,BAMC240048,937.39,05AAECK5765H1ZE,5,30049011,0,45,0,KANHA JI DISTRIBUTORS,file1_2024-2025
ANTI WRINKLE CREAM 50 G,एंटी रिंकल क्रीम 50 ग्राम,2026-12-24,2025-02-07,2024-12-24,12,9,TI5851AAA2425,9,AAR2400012,1405.66,05AAECK5765H1ZE,18,33049910,0,150,0,KANHA JI DISTRIBUTORS,file1_2024-2025
CRACK HEAL CREAM 50 G,क्रैक हील क्रीम 50 ग्राम,2027-01-14,2025-02-07,2025-01-14,12,9,TI5851AAA2425,9,AAE2500001,562.29,05AAECK5765H1ZE,18,33049990,0,60,0,KANHA JI DISTRIBUTORS,file1_2024-2025
BEAUTY CREAM ADV.- 50 G,ब्यूटी क्रीम एडवांस 50 ग्राम,2026-12-09,2025-02-07,2024-12-09,24,9,TI5851AAA2425,9,ABED240011,1780.48,05AAECK5765H1ZE,18,33049910,0,95,0,KANHA JI DISTRIBUTORS,file1_2024-2025
ALOE SOFT MOISTURIZING CREAM-50 G,एलो सॉफ्ट मॉइस्चराइजिंग क्रीम 50 ग्राम,2026-12-16,2025-02-07,2024-12-16,24,9,TI5851AAA2425,9,ABHW240009,1874.22,05AAECK5765H1ZE,18,33049930,0,100,0,KANHA JI DISTRIBUTORS,file1_2024-2025
Shuddh Shilajeet 20 gm,शुद्ध शिलाजीत 20 ग्राम,2029-12-05,2025-02-07,2024-12-31,20,2.5,TI5851AAA2425,2.5,BSHS240013,2166.57,05AAECK5765H1ZE,5,30049011,0,130,0,KANHA JI DISTRIBUTORS,file1_2024-2025
COWS WHOLE MILK POWDER 500-GM,गाय का पूर्ण दूध पाउडर 500 ग्राम,2025-07-02,2025-02-07,2025-01-03,1,2.5,TI5852AAA2425,2.5,BLB2500001,4810.93,05AAECK5765H1ZE,5,4021090,0,235,0,KANHA JI DISTRIBUTORS,file1_2024-2025
DOODH BISCUIT 35 GM (200 PC),दूध बिस्किट 35 ग्राम (200 नग),2025-07-15,2025-02-07,2025-01-16,1,9,TI5852AAA2425,9,AJ25/BP1,851.96,05AAECK5765H1ZE,18,19053100,0,5,0,KANHA JI DISTRIBUTORS,file1_2024-2025
DOODH BISCUIT 70 GM (100 PC),दूध बिस्किट 70 ग्राम (100 नग),2025-07-23,2025-02-07,2025-01-24,1,9,TI5852AAA2425,9,AS24/BP1,853.14,05AAECK5765H1ZE,18,19053100,0,10,0,KANHA JI DISTRIBUTORS,file1_2024-2025
DIVYA GODHAN ARK - 450ML,दिव्य गोधन अर्क 450 मि.ली.,2025-12-20,2025-02-07,2024-12-25,1,6,TI5852AAA2425,6,AGDA240051,816.7,05AAECK5765H1ZE,12,30049011,0,50,0,KANHA JI DISTRIBUTORS,file1_2024-2025
DISHWASH BAR-600G (500G+100G)+SCRUB PAD,डिशवॉश बार 600 ग्राम (500+100 ग्राम) + स्क्रब पैड,2028-01-13,2025-02-07,2025-01-13,1,9,TI5852AAA2425,9,AAYX250001,1173.3,05AAECK5765H1ZE,18,34011990,0,60,0,KANHA JI DISTRIBUTORS,file1_2024-2025
HERBO WASH DETERGENT POWDER 1 KG,हर्बो वॉश डिटर्जेंट पाउडर 1 किग्रा,2030-01-21,2025-02-07,2025-01-22,1,9,TI5852AAA2425,9,AN52500005,1842.87,05AAECK5765H1ZE,18,34029011,0,85,0,KANHA JI DISTRIBUTORS,file1_2024-2025
SENDHA NAMAK 1 KG - T,सेंधा नमक 1 किग्रा,2026-08-22,2025-02-07,2024-09-01,1,0,TI5852AAA2425,0,SRS24,1009,05AAECK5765H1ZE,0,25010010,0,60,0,KANHA JI DISTRIBUTORS,file1_2024-2025
NEEM KANTI BODY CLNSR.150GM MONTHLY PACK,नीम कान्ति बॉडी क्लीन्ज़र 150 ग्राम मासिक पैक,2026-11-26,2025-02-07,2024-11-26,1,9,TI5852AAA2425,9,AAUG240079,2151.19,05AAECK5765H1ZE,18,34011941,0,115,0,KANHA JI DISTRIBUTORS,file1_2024-2025
ALOEVERA KANTI BODY CLN.150G MNTHLY PACK,एलोवेरा कान्ति बॉडी क्लीन्ज़र 150 ग्राम मासिक पैक,2027-01-01,2025-02-07,2025-01-01,1,9,TI5852AAA2425,9,AAUI250001,2151.19,05AAECK5765H1ZE,18,34011941,0,115,0,KANHA JI DISTRIBUTORS,file1_2024-2025
ATTA NOODLES CHATPATA-60 GM (96 PC) - T,आटा नूडल्स चटपटा 60 ग्राम (96 नग),2025-09-09,2025-02-07,2024-12-13,1,6,TI5852AAA2425,6,CH131224,925.75,05AAECK5765H1ZE,12,19022090,0,12,0,KANHA JI DISTRIBUTORS,file1_2024-2025
DANT KANTI NATURAL 18G R10/-T.O 16SACHET,दंत कान्ति नेचुरल 18 ग्राम ₹10/- (ट्रेड ऑफर 16 सैशे),2026-12-30,2025-02-07,2024-12-30,1,9,TI5852AAA2425,9,AAYD240308,2228.63,05AAECK5765H1ZE,18,33061020,0,10,0,KANHA JI DISTRIBUTORS,file1_2024-2025
ATTA DOODH RUSK 300 GM - T,आटा दूध रस्क 300 ग्राम,2025-06-15,2025-02-07,2025-01-16,1,2.5,TI5852AAA2425,2.5,AK25/SGB,1028.16,05AAECK5765H1ZE,5,19054000,0,50,0,KANHA JI DISTRIBUTORS,file1_2024-2025
SUPER DISHWASH BAR-225 G B3G1 FREE,सुपर डिशवॉश बार 225 ग्राम (खरीदो 3 पाओ 1 मुफ्त),2028-01-09,2025-02-07,2025-01-09,2,9,TI5852AAA2425,9,AAXW250004,1346.9,05AAECK5765H1ZE,18,34011990,0,72,0,KANHA JI DISTRIBUTORS,file1_2024-2025
HERBAL POWERVITA PLUS - 500 GM REFILL -T,हर्बल पावरवीटा प्लस 500 ग्राम रीफिल,2025-08-30,2025-02-07,2024-12-03,1,9,TI5852AAA2425,9,ASZ2400022,3981.51,05AAECK5765H1ZE,18,19019090,0,205,0,KANHA JI DISTRIBUTORS,file1_2024-2025
MUSTARD OIL 1 L (P)-T,सरसों का तेल 1 लीटर,2026-01-12,2025-02-13,2025-01-17,1,2.5,TI5982AAA2425,2.5,O2B2500003,1902.73,05AAECK5765H1ZE,5,15149920,0,175,0,KANHA JI DISTRIBUTORS,file1_2024-2025
SOOJI - 500 GM,सूजी 500 ग्राम,2025-05-08,2025-02-13,2025-01-08,1,2.5,TI5982AAA2425,2.5,PDR8250003,943.11,05AAECK5765H1ZE,5,11010000,0,38,0,KANHA JI DISTRIBUTORS,file1_2024-2025
SESAME OIL 1 L (B)-T,तिल का तेल 1 लीटर,2025-10-19,2025-02-13,2025-01-22,1,2.5,TI5982AAA2425,2.5,JACQ250004,2722.81,05AAECK5765H1ZE,5,15155091,0,280,0,KANHA JI DISTRIBUTORS,file1_2024-2025
GROUNDNUT OIL 1 LTR (P),मूंगफली का तेल 1 लीटर,2025-05-30,2025-02-13,2024-11-15,1,2.5,TI5982AAA2425,2.5,ORQ2400032,2228.81,05AAECK5765H1ZE,5,15089091,0,205,0,KANHA JI DISTRIBUTORS,file1_2024-2025
GILOY JUICE 500 ML,गिलोय रस 500 मि.ली.,2025-12-18,2025-02-13,2024-12-18,1,6,TI5982AAA2425,6,PFY2400022,861.37,05AAECK5765H1ZE,12,30049011,0,90,0,KANHA JI DISTRIBUTORS,file1_2024-2025
MADHURAM 1 KG,मधुरम गुड़ पाउडर 1 किग्रा,2026-01-20,2025-02-13,2025-01-20,2,2.5,TI5982AAA2425,2.5,AHG2500017,4354.1,05AAECK5765H1ZE,5,17011410,0,85,0,KANHA JI DISTRIBUTORS,file1_2024-2025
CREAMFEAST CHOCO BISCUIT 32.5 GM,क्रीमफीस्ट चोको बिस्किट 32.5 ग्राम,2025-07-17,2025-02-13,2025-01-18,1,9,TI5982AAA2425,9,AM25/BP1,613.41,05AAECK5765H1ZE,18,19053100,0,5,0,KANHA JI DISTRIBUTORS,file1_2024-2025
AMLA JUICE 1 L,आंवला रस 1 लीटर,2026-01-28,2025-02-13,2025-01-28,1,6,TI5982AAA2425,6,AGH2500010,1179.18,05AAECK5765H1ZE,12,30049011,0,140,0,KANHA JI DISTRIBUTORS,file1_2024-2025
ALOEVERA JUICE 1 L (FIBRE),एलोवेरा रस (फाइबर युक्त) 1 लीटर,2025-09-30,2025-02-13,2025-01-03,1,6,TI5982AAA2425,6,PGD2500008,1768.77,05AAECK5765H1ZE,12,30049011,0,210,0,KANHA JI DISTRIBUTORS,file1_2024-2025
KALA CHANA 1000 GM (R1),काला चना 1000 ग्राम,2025-08-09,2025-02-13,2024-11-12,1,2.5,TI5982AAA2425,2.5,BPRKC24024,1229.13,05AAECK5765H1ZE,5,7135000,0,142,0,KANHA JI DISTRIBUTORS,file1_2024-2025
TRADITIONAL WHOLE WHEAT ATTA 10 KG(UK),पारंपरिक गेहूं का आटा 10 किग्रा (यूके),2025-05-16,2025-02-13,2025-01-16,1,2.5,TI5982AAA2425,2.5,PDBKP25002,1905.91,05AAECK5765H1ZE,5,11010000,0,425,0,KANHA JI DISTRIBUTORS,file1_2024-2025
TRADITIONAL WHOLE WHEAT ATTA 5 KG(UK),पारंपरिक गेहूं का आटा 5 किग्रा (यूके),2025-05-03,2025-02-13,2025-01-03,1,2.5,TI5982AAA2425,2.5,PDBKQ25001,1614.48,05AAECK5765H1ZE,5,11010000,0,225,0,KANHA JI DISTRIBUTORS,file1_2024-2025
CREAMFEAST ELAICHI BISCUIT 32.5 GM,क्रीमफीस्ट इलायची बिस्किट 32.5 ग्राम,2025-08-03,2025-02-13,2025-02-04,1,9,TI5982AAA2425,9,B225/BP1,613.41,05AAECK5765H1ZE,18,19053100,0,5,0,KANHA JI DISTRIBUTORS,file1_2024-2025
ATTA NOODLES DESI MASALA 60 GM (96 PC)-T,आटा नूडल्स देसी मसाला 60 ग्राम (96 नग),2025-10-29,2025-02-13,2025-02-01,1,6,TI5982AAA2425,6,DM010225,925.75,05AAECK5765H1ZE,12,19022090,0,12,0,KANHA JI DISTRIBUTORS,file1_2024-2025
UV-PRO ADV.SUN DEFNS CREAM-50G SPF-50T.O,यूवी-प्रो एडवांस सन डिफेंस क्रीम SPF-50 50 ग्राम (ट्रेड ऑफर),2026-05-23,2025-02-13,2024-05-23,2,9,TI5983AAA2425,9,ABSM240001,1103.47,05AAECK5765H1ZE,18,33049910,0,650,0,KANHA JI DISTRIBUTORS,file1_2024-2025
DIVYA PEEDANIL GOLD TABLET (100 PC) - T,दिव्य पीड़ानिल गोल्ड टैबलेट (100 नग),2028-01-14,2025-02-13,2025-01-29,10,6,TI5983AAA2425,6,APGT250003,3266.7,05AAECK5765H1ZE,12,30049011,0,400,0,KANHA JI DISTRIBUTORS,file1_2024-2025
EYEGRIT EYE DROP 10 ML,आईग्रिट आई ड्रॉप 10 मि.ली.,2026-12-26,2025-02-13,2024-12-26,40,6,TI5983AAA2425,6,ABQR240027,1306.82,05AAECK5765H1ZE,12,30049011,0,40,0,KANHA JI DISTRIBUTORS,file1_2024-2025
BADAM PAK 500 G,बादाम पाक 500 ग्राम,2026-12-29,2025-02-13,2025-01-08,6,6,TI5983AAA2425,6,ACY2500001,1315.98,05AAECK5765H1ZE,12,30049011,0,275,0,KANHA JI DISTRIBUTORS,file1_2024-2025
GOLD TEA - 500 GM (JAR) - T,गोल्ड चाय 500 ग्राम (जार),2025-03-06,2025-02-13,2024-03-06,2,2.5,TI5983AAA2425,2.5,BBMW240003,538.69,05AAECK5765H1ZE,5,9024090,0,325,0,KANHA JI DISTRIBUTORS,file1_2024-2025
KESH K. HERBAL MEHANDI (BURGUNDY) 15GM-T,केश कान्ति हर्बल मेहंदी (बरगंडी) 15 ग्राम,2025-12-27,2025-02-13,2025-01-01,20,9,TI5983AAA2425,9,ABUR250001,477.43,05AAECK5765H1ZE,18,33059090,0,30,0,KANHA JI DISTRIBUTORS,file1_2024-2025
DANT MANJAN - 100 GM - T,दंत मंजन 100 ग्राम,2026-09-05,2025-02-13,2024-09-15,25,6,TI5983AAA2425,6,ADYM240029,2041.76,05AAECK5765H1ZE,12,33061010,0,100,0,KANHA JI DISTRIBUTORS,file1_2024-2025
BALM FAST RELIEF 25G DISPN.T.O(5+1)FREE,बाम फास्ट रिलीफ 25 ग्राम (डिस्पेंसर ट्रेड ऑफर 5+1 मुफ्त),2027-12-20,2025-02-13,2024-12-20,4,6,TI5983AAA2425,6,ABLW240033,957.11,05AAECK5765H1ZE,12,30049011,0,300,0,KANHA JI DISTRIBUTORS,file1_2024-2025
HERBAL KAJAL 3 G (NEW),हर्बल काजल 3 ग्राम (नया),2026-11-15,2025-02-13,2024-11-25,12,9,TI5983AAA2425,9,AASQ240061,916.72,05AAECK5765H1ZE,18,33042000,0,90,0,KANHA JI DISTRIBUTORS,file1_2024-2025
OORJA TEA - 100 GM (MT) - T,ऊर्जा चाय 100 ग्राम,2025-09-13,2025-02-13,2024-09-13,6,2.5,TI5983AAA2425,2.5,BBNA240007,124.3,05AAECK5765H1ZE,5,9024090,0,25,0,KANHA JI DISTRIBUTORS,file1_2024-2025
Arjun Kwath 100 Gm,अर्जुन क्वाथ 100 ग्राम,2027-01-26,2025-03-06,2025-02-05,1,2.5,TI6365AAA2425,2.5,AARK250017,1458.45,05AAECK5765H1ZE,5,30049011,0,35,0,KANHA JI DISTRIBUTORS,file1_2024-2025
KHAND 1 KG,खांड 1 किग्रा,2026-02-11,2025-03-06,2025-02-11,1,2.5,TI6365AAA2425,2.5,AARQ250010,2833.11,05AAECK5765H1ZE,5,17011420,0,110,0,KANHA JI DISTRIBUTORS,file1_2024-2025
SENDHA NAMAK 1 KG - T,सेंधा नमक 1 किग्रा,2027-01-22,2025-03-06,2025-02-01,1,0,TI6365AAA2425,0,SRS25/02,1009,05AAECK5765H1ZE,0,25010010,0,60,0,KANHA JI DISTRIBUTORS,file1_2024-2025
TRADITIONAL WHOLE WHEAT ATTA 10 KG(UK),पारंपरिक गेहूं का आटा 10 किग्रा (यूके),2025-06-12,2025-03-06,2025-02-12,1,2.5,TI6365AAA2425,2.5,PDBKP25004,1905.91,05AAECK5765H1ZE,5,11010000,0,425,0,KANHA JI DISTRIBUTORS,file1_2024-2025
NAVRATNA ATTA 2 KG,नवरत्न आटा 2 किग्रा,2025-08-06,2025-03-06,2025-02-07,1,2.5,TI6365AAA2425,2.5,AHV2500005,3228.96,05AAECK5765H1ZE,5,11010000,0,180,0,KANHA JI DISTRIBUTORS,file1_2024-2025
PUSHTAHAR DALIA 500 G,पुष्टाहार दलिया 500 ग्राम,2025-11-01,2025-03-06,2025-02-04,1,2.5,TI6365AAA2425,2.5,PDCQ250009,1279.53,05AAECK5765H1ZE,5,11031900,0,50,0,KANHA JI DISTRIBUTORS,file1_2024-2025
SPECIAL CHYAWANPRASH 1 KG,विशेष च्यवनप्राश 1 किग्रा,2027-11-24,2025-03-06,2024-12-09,1,6,TI6365AAA2425,6,ACZ2400023,3101.01,05AAECK5765H1ZE,12,30049011,0,360,0,KANHA JI DISTRIBUTORS,file1_2024-2025
GONYLE FLOOR CLEANER - 1 LTR,गोनाइल फ्लोर क्लीनर 1 लीटर,2026-01-05,2025-03-06,2025-01-10,1,9,TI6365AAA2425,9,0114/25-26,623.89,05AAECK5765H1ZE,18,38084000,0,70,0,KANHA JI DISTRIBUTORS,file1_2024-2025
MANGO BEVERAGE (TETRAPACK) 65ML,आम पेय (टेट्रापैक) 65 मि.ली.,2025-08-11,2025-03-06,2025-02-12,1,6,TI6365AAA2425,6,PDBFW25003,545.17,05AAECK5765H1ZE,12,22029020,0,10,0,KANHA JI DISTRIBUTORS,file1_2024-2025
GUAVA BEVERAGE (TETRAPACK) 65ML,अमरूद पेय (टेट्रापैक) 65 मि.ली.,2025-08-10,2025-03-06,2025-02-11,1,6,TI6365AAA2425,6,PDBFX25003,545.17,05AAECK5765H1ZE,12,22029020,0,10,0,KANHA JI DISTRIBUTORS,file1_2024-2025
AMLA CANDY 250 G,आंवला कैंडी 250 ग्राम,2026-01-27,2025-03-06,2025-01-27,1,2.5,TI6365AAA2425,2.5,ABLX250009,1554.72,05AAECK5765H1ZE,5,8112010,0,90,0,KANHA JI DISTRIBUTORS,file1_2024-2025
TUVAR DAL 1000 GM (R1),अरहर दाल 1000 ग्राम,2025-08-09,2025-03-06,2024-11-12,1,2.5,TI6365AAA2425,2.5,BPRAD24029,2125.1,05AAECK5765H1ZE,5,7136000,0,248,0,KANHA JI DISTRIBUTORS,file1_2024-2025
HERBAL WASH DETERGENT POWDER 1 KG,हर्बल वॉश डिटर्जेंट पाउडर 1 किग्रा,2030-02-17,2025-03-06,2025-02-18,1,9,TI6365AAA2425,9,AM92500020,1517.48,05AAECK5765H1ZE,18,34029011,0,70,0,KANHA JI DISTRIBUTORS,file1_2024-2025
COWS GHEE 1 L - T,गाय का घी 1 लीटर,2025-11-02,2025-03-06,2025-02-05,1,6,TI6365AAA2425,6,FAWC250056,9329.21,05AAECK5765H1ZE,12,4059020,0,675,0,KANHA JI DISTRIBUTORS,file1_2024-2025
COWS GHEE 500 ML - T,गाय का घी 500 मि.ली.,2025-10-15,2025-03-06,2025-01-18,1,6,TI6365AAA2425,6,FAWD250006,9812.88,05AAECK5765H1ZE,12,4059020,0,355,0,KANHA JI DISTRIBUTORS,file1_2024-2025
AMLA JUICE 1 L,आंवला रस 1 लीटर,2026-02-17,2025-03-06,2025-02-17,1,6,TI6365AAA2425,6,AGH2500028,1179.18,05AAECK5765H1ZE,12,30049011,0,140,0,KANHA JI DISTRIBUTORS,file1_2024-2025
ALOEVERA JUICE 1 L (FIBRE),एलोवेरा रस (फाइबर युक्त) 1 लीटर,2025-11-02,2025-03-06,2025-02-05,1,6,TI6365AAA2425,6,PGD2500041,1768.77,05AAECK5765H1ZE,12,30049011,0,210,0,KANHA JI DISTRIBUTORS,file1_2024-2025
MUSTARD OIL 1 L (P)-T,सरसों का तेल 1 लीटर,2026-02-10,2025-03-06,2025-02-15,2,2.5,TI6365AAA2425,2.5,N2B2500014,3805.45,05AAECK5765H1ZE,5,15149920,0,175,0,KANHA JI DISTRIBUTORS,file1_2024-2025
SUPER DISHWASH BAR-RS10/- (T.O. FREE 3N),सुपर डिशवॉश बार ₹10/- (ट्रेड ऑफर फ्री 3 नग),2028-02-13,2025-03-06,2025-02-13,4,9,TI6365AAA2425,9,AAXY250035,2078.69,05AAECK5765H1ZE,18,34011941,0,10,0,KANHA JI DISTRIBUTORS,file1_2024-2025
HERBAL HANDWASH (ANTI BACTERIAL) 750 ML,हर्बल हैंडवॉश (एंटी बैक्टीरियल) 750 मि.ली.,2027-02-08,2025-03-06,2025-02-18,1,9,TI6365AAA2425,9,AAIX250010,1008.33,05AAECK5765H1ZE,18,34013019,0,110,0,KANHA JI DISTRIBUTORS,file1_2024-2025
BOROSAFE ANTISEPTIC 50 GM CREAM,बोरोज़सेफ एंटीसेप्टिक क्रीम 50 ग्राम,2026-12-10,2025-03-06,2024-12-20,24,9,TI6366AAA2425,9,AJG2400006,843.37,05AAECK5765H1ZE,18,33049910,0,45,0,KANHA JI DISTRIBUTORS,file1_2024-2025
SUN SCREEN CREAM SPF30- 50GM,सन स्क्रीन क्रीम SPF-30 50 ग्राम,2027-02-09,2025-03-06,2025-02-19,24,9,TI6366AAA2425,9,AJW2500001,1874.22,05AAECK5765H1ZE,18,33049910,0,100,0,KANHA JI DISTRIBUTORS,file1_2024-2025
UV-PRO ADV.SUN DEFNS CREAM-50G SPF-50T.O,यूवी-प्रो एडवांस सन डिफेंस क्रीम SPF-50 50 ग्राम (ट्रेड ऑफर),2026-05-23,2025-03-06,2024-05-23,4,9,TI6366AAA2425,9,ABSM240001,2206.93,05AAECK5765H1ZE,18,33049910,0,650,0,KANHA JI DISTRIBUTORS,file1_2024-2025
SHATAVAR CHURNA (Ayurvedic Medicine),शतावरी चूर्ण (आयुर्वेदिक औषधि),2026-02-04,2025-03-06,2025-02-04,15,2.5,TI6366AAA2425,2.5,ABEE250015,2351.32,05AAECK5765H1ZE,5,30049011,0,200,0,KANHA JI DISTRIBUTORS,file1_2024-2025
K.K. COLOR NATURAL BLACK (CREAM & DEV)-T,के.के. कलर नेचुरल ब्लैक (क्रीम एवं डेवलपर),2025-12-27,2025-03-06,2025-01-01,20,9,TI6366AAA2425,9,ACBD250002,636.73,05AAECK5765H1ZE,18,33059090,0,40,0,KANHA JI DISTRIBUTORS,file1_2024-2025
ORGANIC VIRGIN COCONUT OIL-500ML(JAR)-T,ऑर्गेनिक वर्जिन नारियल तेल 500 मि.ली. (जार),2026-07-17,2025-03-06,2025-01-23,6,2.5,TI6366AAA2425,2.5,CCAX250002,3326.78,05AAECK5765H1ZE,5,15131900,0,650,0,KANHA JI DISTRIBUTORS,file1_2024-2025
Sitopaladi Churna 25 Gm,सितोपलादि चूर्ण 25 ग्राम,2027-01-05,2025-03-06,2025-01-15,20,2.5,TI6366AAA2425,2.5,ASPC250001,500.01,05AAECK5765H1ZE,5,30049011,0,30,0,KANHA JI DISTRIBUTORS,file1_2024-2025
TRIPHALA CHURNA -100GM,त्रिफला चूर्ण 100 ग्राम,2026-12-26,2025-03-06,2025-01-05,25,2.5,TI6366AAA2425,2.5,ATPC250002,816.64,05AAECK5765H1ZE,5,30049011,0,40,0,KANHA JI DISTRIBUTORS,file1_2024-2025
DIVYA SHUDDHI CHURNA 100 GM – T,दिव्य शुद्धि चूर्ण 100 ग्राम,2027-01-19,2025-03-06,2025-01-29,25,6,TI6366AAA2425,6,ADSC250004,2552.2,05AAECK5765H1ZE,12,30049011,0,125,0,KANHA JI DISTRIBUTORS,file1_2024-2025
Chandraprabha Vati 40 Tab,चंद्रप्रभा वटी 40 टैबलेट,2029-09-24,2025-03-06,2024-10-20,20,2.5,TI6366AAA2425,2.5,BCPV240209,716.73,05AAECK5765H1ZE,5,30049011,0,43,0,KANHA JI DISTRIBUTORS,file1_2024-2025
GILOY GHAN VATI 60 PC (NEW),गिलोय घन वटी 60 नग (नया),2026-12-27,2025-03-06,2025-01-06,24,6,TI6366AAA2425,6,AAI2500004,1875.96,05AAECK5765H1ZE,12,30049011,0,100,0,KANHA JI DISTRIBUTORS,file1_2024-2025
DIVYA FEVOGRIT 60 TABLET-T,दिव्य फेवोग्रिट 60 टैबलेट,2027-01-09,2025-03-06,2024-01-10,20,6,TI6366AAA2425,6,AFVG240001,3333.34,05AAECK5765H1ZE,12,30049011,0,200,0,KANHA JI DISTRIBUTORS,file1_2024-2025
NEEM GHAN VATI 60 TAB,नीम घन वटी 60 टैबलेट,2027-01-04,2025-03-06,2025-01-14,24,6,TI6366AAA2425,6,AAK2500004,1957.67,05AAECK5765H1ZE,12,30049011,0,100,0,KANHA JI DISTRIBUTORS,file1_2024-2025
DIVYA KANTHAMRIT CHEWABLE TABLET 80 N -T,दिव्य कंठामृत चबाने योग्य टैबलेट 80 नग,2027-12-17,2025-03-06,2025-01-01,20,6,TI6366AAA2425,6,ADKT250001,1225.06,05AAECK5765H1ZE,12,30049011,0,75,0,KANHA JI DISTRIBUTORS,file1_2024-2025
Kanchnar Guggul 40 Tab,कंचनार गुग्गुल 40 टैबलेट,2029-10-29,2025-03-06,2024-11-24,20,2.5,TI6366AAA2425,2.5,BKNG240056,833.28,05AAECK5765H1ZE,5,30049011,0,50,0,KANHA JI DISTRIBUTORS,file1_2024-2025
Divya Arshkalp Vati 40 Tab,दिव्य अर्शकल्प वटी 40 टैबलेट,2027-12-15,2025-03-06,2024-12-30,20,6,TI6366AAA2425,6,BAKV240117,749.95,05AAECK5765H1ZE,12,30049011,0,45,0,KANHA JI DISTRIBUTORS,file1_2024-2025
DIVYA ARSHOGRIT 3 U X 20 N,दिव्य अर्शोग्रिट 3 यूनिट × 20 नग,2027-12-15,2025-03-06,2024-12-30,10,6,TI6366AAA2425,6,ADAR240020,1666.67,05AAECK5765H1ZE,12,30049011,0,200,0,KANHA JI DISTRIBUTORS,file1_2024-2025
PAT NUTRELA BONE HEALTH NATURAL CAPSULE,न्यूट्रेला बोन हेल्थ नेचुरल कैप्सूल,2028-01-13,2025-03-06,2025-01-13,10,6,TI6366AAA2425,6,AANN250001,1770.83,05AAECK5765H1ZE,12,30049011,0,275,0,KANHA JI DISTRIBUTORS,file1_2024-2025
MAKHANA 250 GM,मखाना 250 ग्राम,2025-11-23,2025-03-06,2025-01-27,6,2.5,TI6366AAA2425,2.5,AALI250006,2690.79,05AAECK5765H1ZE,5,8029000,0,500,0,KANHA JI DISTRIBUTORS,file1_2024-2025
ANARDANA GOLI - 100 GM (NEW),अनारदाना गोली 100 ग्राम (नया),2026-02-13,2025-03-06,2025-02-13,20,6,TI6366AAA2425,6,ABZZ250005,717.92,05AAECK5765H1ZE,12,30049011,0,45,0,KANHA JI DISTRIBUTORS,file1_2024-2025
HING PEDA 200 G,हींग पेड़ा 200 ग्राम,2025-12-10,2025-03-06,2024-12-10,10,6,TI6366AAA2425,6,AFA2400012,1036.9,05AAECK5765H1ZE,12,30049011,0,130,0,KANHA JI DISTRIBUTORS,file1_2024-2025
SAUNDARYA ALOEVERA GEL 150 ML,सौंदर्य एलोवेरा जेल 150 मि.ली.,2026-07-21,2025-03-06,2025-01-27,24,9,TI6366AAA2425,9,AAHP250045,1874.22,05AAECK5765H1ZE,18,33049910,0,100,0,KANHA JI DISTRIBUTORS,file1_2024-2025
OORJA TEA - 250 GM (POLY) - T,ऊर्जा चाय 250 ग्राम (पॉली पैक),2026-01-18,2025-03-06,2025-01-18,24,2.5,TI6366AAA2425,2.5,BBNC250002,1392.3,05AAECK5765H1ZE,5,9024090,0,70,0,KANHA JI DISTRIBUTORS,file1_2024-2025
DANT KANTI NATURAL(200GX3)BIG SAVER PACK,दंत कान्ति नेचुरल (200 ग्राम × 3) बड़ा बचत पैक,2027-02-04,2025-03-19,2025-02-14,1,9,TI6599AAA2425,9,AAPW250005,5658.9,05AAECK5765H1ZE,18,33061020,0,280,0,KANHA JI DISTRIBUTORS,file1_2024-2025
SUGAR 1 KG,चीनी 1 किग्रा,2027-01-28,2025-03-19,2025-02-07,1,2.5,TI6599AAA2425,2.5,BAGQ250011,1800.54,05AAECK5765H1ZE,5,17011490,0,65,0,KANHA JI DISTRIBUTORS,file1_2024-2025
SUGAR 5 KG,चीनी 5 किग्रा,2027-01-10,2025-03-19,2025-01-20,4,2.5,TI6599AAA2425,2.5,BAIW250005,1163.32,05AAECK5765H1ZE,5,17011490,0,315,0,KANHA JI DISTRIBUTORS,file1_2024-2025
SESAME OIL 1 L (B)-T,तिल का तेल 1 लीटर,2025-11-08,2025-03-19,2025-02-11,1,2.5,TI6599AAA2425,2.5,JACQ250016,2722.81,05AAECK5765H1ZE,5,15155091,0,280,0,KANHA JI DISTRIBUTORS,file1_2024-2025
DOODH BISCUIT 70 GM (100 PC),दूध बिस्किट 70 ग्राम (100 नग),2025-08-25,2025-03-19,2025-02-26,1,9,TI6599AAA2425,9,BT25/BP1,853.14,05AAECK5765H1ZE,18,19053100,0,10,0,KANHA JI DISTRIBUTORS,file1_2024-2025
DOODH BISCUIT 35 GM (200 PC),दूध बिस्किट 35 ग्राम (200 नग),2025-08-25,2025-03-19,2025-02-26,1,9,TI6599AAA2425,9,BT25/BP1,851.96,05AAECK5765H1ZE,18,19053100,0,5,0,KANHA JI DISTRIBUTORS,file1_2024-2025
ISABGOL 100 G,इसबगोल 100 ग्राम,2026-08-18,2025-03-19,2025-02-24,10,6,TI6600AAA2425,6,AFB2500008,1446.37,05AAECK5765H1ZE,12,30049011,0,170,0,KANHA JI DISTRIBUTORS,file1_2024-2025
KESH KANTI ADV.H.HAIR EXPERTOIL-30ML T.O,केश कान्ति एडवांस हेयर एक्सपर्ट ऑयल 30 मि.ली. (ट्रेड ऑफर),2027-01-27,2025-03-19,2025-01-27,24,9,TI6600AAA2425,9,ABHX250001,1679.38,05AAECK5765H1ZE,18,33059019,0,100,0,KANHA JI DISTRIBUTORS,file1_2024-2025
KESH KANTI ADVANCE H.HAIR EXPERTOIL100ML,केश कान्ति एडवांस हेयर एक्सपर्ट ऑयल 100 मि.ली.,2027-02-14,2025-03-19,2025-02-24,6,9,TI6600AAA2425,9,AATV250002,1738.56,05AAECK5765H1ZE,18,33059019,0,400,0,KANHA JI DISTRIBUTORS,file1_2024-2025
DIVYA SWASARI PRAVAHI - 250 ML - T,दिव्य स्वासारी प्रवाही 250 मि.ली.,2027-12-21,2025-03-19,2025-01-05,20,6,TI6600AAA2425,6,BSSP250004,1218.34,05AAECK5765H1ZE,12,30049011,0,85,0,KANHA JI DISTRIBUTORS,file1_2024-2025
BADAM PAK 500 G,बादाम पाक 500 ग्राम,2027-01-27,2025-03-19,2025-02-06,6,6,TI6600AAA2425,6,ACY2500002,1315.98,05AAECK5765H1ZE,12,30049011,0,275,0,KANHA JI DISTRIBUTORS,file1_2024-2025
TRIPHALA CHURNA -100GM,त्रिफला चूर्ण 100 ग्राम,2027-01-21,2025-03-19,2025-01-31,25,2.5,TI6600AAA2425,2.5,ATPC250015,816.64,05AAECK5765H1ZE,5,30049011,0,40,0,KANHA JI DISTRIBUTORS,file1_2024-2025
DATES (KHAJUR) 500 GM,खजूर 500 ग्राम,2025-07-19,2025-03-19,2025-01-20,2,6,TI6600AAA2425,6,AAYC250005,572.5,05AAECK5765H1ZE,12,20019000,0,320,0,KANHA JI DISTRIBUTORS,file1_2024-2025
CASHEW (KAJU) 250 GM (MONO),काजू 250 ग्राम,2025-08-12,2025-03-19,2025-02-13,2,2.5,TI6600AAA2425,2.5,AARW250005,609.92,05AAECK5765H1ZE,5,8013220,0,340,0,KANHA JI DISTRIBUTORS,file1_2024-2025
MURMURA 500 GM - T,मुरमुरा 500 ग्राम,2026-02-12,2025-03-19,2025-02-17,10,2.5,TI6600AAA2425,2.5,VPRM250009,545.48,05AAECK5765H1ZE,5,19041020,0,60,0,KANHA JI DISTRIBUTORS,file1_2024-2025
RAISINS 250 GM (MONO),किशमिश 250 ग्राम,2025-07-29,2025-03-19,2025-01-30,10,2.5,TI6600AAA2425,2.5,AARV250004,896.91,05AAECK5765H1ZE,5,8062090,0,100,0,KANHA JI DISTRIBUTORS,file1_2024-2025
MUNAKKA RAISIN 250 GM (MONO),मुनक्का किशमिश 250 ग्राम,2025-07-09,2025-03-19,2025-01-10,3,2.5,TI6600AAA2425,2.5,AARU250001,726.52,05AAECK5765H1ZE,5,8062090,0,270,0,KANHA JI DISTRIBUTORS,file1_2024-2025
ALMOND (BADAM) 250 GM (MONO),बादाम 250 ग्राम,2025-07-26,2025-03-19,2025-01-27,1,6,TI6600AAA2425,6,AART250005,326.5,05AAECK5765H1ZE,12,8021100,0,365,0,KANHA JI DISTRIBUTORS,file1_2024-2025
LIVAMRIT SYRUP - 200 ML,लिवामृत सिरप 200 मि.ली.,2027-02-07,2025-03-19,2025-02-07,24,6,TI6601AAA2425,6,A8B2500013,1519.5,05AAECK5765H1ZE,12,30049011,0,90,0,KANHA JI DISTRIBUTORS,file1_2024-2025
DIVYA MUKTA VATI EXTRA POWER 30X4 TAB,दिव्य मुक्तावटी एक्स्ट्रा पावर 30×4 टैबलेट,2030-01-04,2025-03-19,2025-01-30,20,6,TI6601AAA2425,6,AMUE250040,3307.45,05AAECK5765H1ZE,12,30049011,0,225,0,KANHA JI DISTRIBUTORS,file1_2024-2025
DIVYA PROSTOGRIT TABLET 60 N - T,दिव्य प्रोस्टोग्रिट टैबलेट 60 नग,2028-01-16,2025-03-19,2025-01-31,10,6,TI6601AAA2425,6,BDPT250003,2646,05AAECK5765H1ZE,12,30049011,0,360,0,KANHA JI DISTRIBUTORS,file1_2024-2025
ALOEVERA JUICE 1 L (FIBRE),एलोवेरा रस (फाइबर युक्त) 1 लीटर,2025-11-30,2025-04-03,2025-03-05,1,6,TI26AAA2526,6,PGD2500073,1768.77,05AAECK5765H1ZE,12,30049011,0,210,0,KANHA JI DISTRIBUTORS,file2_2025-apr-sep
GILOY JUICE 500 ML,गिलोय रस 500 मि.ली.,2026-03-07,2025-04-03,2025-03-07,1,6,TI26AAA2526,6,PFY2500003,861.37,05AAECK5765H1ZE,12,30049011,0,90,0,KANHA JI DISTRIBUTORS,file2_2025-apr-sep
COWS GHEE 1 L - T,गाय का घी 1 लीटर,2025-12-12,2025-04-03,2025-03-17,1,6,TI26AAA2526,6,FAWC250088,9329.21,05AAECK5765H1ZE,12,4059020,0,675,0,KANHA JI DISTRIBUTORS,file2_2025-apr-sep
SESAME OIL 1 L (B)-T,तिल का तेल 1 लीटर,2025-11-21,2025-04-03,2025-02-24,1,2.5,TI26AAA2526,2.5,JACQ250023,2722.81,05AAECK5765H1ZE,5,15155091,0,280,0,KANHA JI DISTRIBUTORS,file2_2025-apr-sep
BALM FAST RELIEF 25G DISPN.T.O(5+1)FREE,बाम फास्ट रिलीफ 25 ग्राम (डिस्पेंसर ट्रेड ऑफर 5+1 मुफ्त),2028-01-14,2025-04-03,2025-01-14,6,6,TI26AAA2526,6,ABLW250004,1435.66,05AAECK5765H1ZE,12,30049011,0,300,0,KANHA JI DISTRIBUTORS,file2_2025-apr-sep
KESH K. REETHA HAIR CLEANSER 180ML T.O.,केश कान्ति रीठा हेयर क्लींज़र 180 मि.ली. (ट्रेड ऑफर),2027-02-26,2025-04-03,2025-02-26,12,9,TI26AAA2526,9,ABTZ250002,1124.59,05AAECK5765H1ZE,18,33051090,0,120,0,KANHA JI DISTRIBUTORS,file2_2025-apr-sep
KESH KANTI ADV.H.HAIR EXPERTOIL-30ML T.O,केश कान्ति एडवांस हेयर एक्सपर्ट ऑयल 30 मि.ली. (ट्रेड ऑफर),2027-01-27,2025-04-03,2025-01-27,12,9,TI26AAA2526,9,ABHX250001,839.69,05AAECK5765H1ZE,18,33059019,0,100,0,KANHA JI DISTRIBUTORS,file2_2025-apr-sep
KESH KANTI ADVANCE H.HAIR EXPERTOIL100ML,केश कान्ति एडवांस हेयर एक्सपर्ट ऑयल 100 मि.ली.,2027-02-14,2025-04-03,2025-02-24,12,9,TI26AAA2526,9,AATV250002,3477.13,05AAECK5765H1ZE,18,33059019,0,400,0,KANHA JI DISTRIBUTORS,file2_2025-apr-sep
ANTI WRINKLE CREAM 50 G,एंटी रिंकल क्रीम 50 ग्राम,2027-01-09,2025-04-03,2025-01-09,24,9,TI26AAA2526,9,AAR2500001,2811.33,05AAECK5765H1ZE,18,33049910,0,150,0,KANHA JI DISTRIBUTORS,file2_2025-apr-sep
BOROSAFE ANTISEPTIC 50 GM CREAM,बोरोज़सेफ एंटीसेप्टिक क्रीम 50 ग्राम,2026-12-10,2025-04-03,2024-12-20,24,9,TI26AAA2526,9,AJG2400006,880.19,05AAECK5765H1ZE,18,33049910,0,45,0,KANHA JI DISTRIBUTORS,file2_2025-apr-sep
DIVYA SWASARI PRAVAHI - 250 ML - T,दिव्य स्वासारी प्रवाही 250 मि.ली.,2027-12-31,2025-04-03,2025-01-15,20,6,TI26AAA2526,6,BSSP250010,1345.79,05AAECK5765H1ZE,12,30049011,0,85,0,KANHA JI DISTRIBUTORS,file2_2025-apr-sep
KESH KANTI SARSON AMLA HAIR OIL 175 ML,केश कान्ति सरसों-आंवला हेयर ऑयल 175 मि.ली.,2027-02-12,2025-04-03,2025-02-22,24,9,TI26AAA2526,9,AAVR240003,1280.06,05AAECK5765H1ZE,18,33059019,0,60,0,KANHA JI DISTRIBUTORS,file2_2025-apr-sep
KESH KANTI ALMOND HAIR OIL-200 ML,केश कान्ति बादाम हेयर ऑयल 200 मि.ली.,2027-02-26,2025-04-03,2025-02-26,24,9,TI26AAA2526,9,ABQQ250003,2489.33,05AAECK5765H1ZE,18,33059019,0,130,0,KANHA JI DISTRIBUTORS,file2_2025-apr-sep
LOHASAV 450 ML,लोहासव 450 मि.ली.,2034-12-16,2025-03-26,2025-02-06,1,6,TI6786AAA2425,6,ABC2500004,1666.56,05AAECK5765H1ZE,12,30049011,0,100,0,KANHA JI DISTRIBUTORS,file2_2025-apr-sep
TRADITIONAL WHOLE WHEAT ATTA 5 KG(UK),पारंपरिक गेहूं का आटा 5 किग्रा (यूके),2025-06-07,2025-03-26,2025-02-07,1,2.5,TI6786AAA2425,2.5,PDBKQ25004,1614.48,05AAECK5765H1ZE,5,11010000,0,225,0,KANHA JI DISTRIBUTORS,file2_2025-apr-sep
TRADITIONAL WHOLE WHEAT ATTA 10 KG,पारंपरिक गेहूं का आटा 10 किग्रा,2025-07-17,2025-03-26,2025-03-19,1,2.5,TI6786AAA2425,2.5,PDV4250011,2152.61,05AAECK5765H1ZE,5,11010000,0,480,0,KANHA JI DISTRIBUTORS,file2_2025-apr-sep
DIVYA ARJUNARISHTA - 450ML,दिव्य अर्जुनारिष्ट 450 मि.ली.,2034-12-04,2025-03-26,2025-01-25,1,2.5,TI6786AAA2425,2.5,AJN250005,1885.05,05AAECK5765H1ZE,5,30049011,0,145,0,KANHA JI DISTRIBUTORS,file2_2025-apr-sep
DIVYA DASHMULARISHTA - 450 ML,दिव्य दशमूलारिष्ट 450 मि.ली.,2035-02-18,2025-03-26,2025-02-20,1,2.5,TI6786AAA2425,2.5,DSM250002,2079.91,05AAECK5765H1ZE,5,30049011,0,160,0,KANHA JI DISTRIBUTORS,file2_2025-apr-sep
SABZI MASALA 100 GM (30 pcs),सब्जी मसाला 100 ग्राम (30 नग),2026-02-19,2025-03-26,2025-02-19,1,2.5,TI6786AAA2425,2.5,AFI2500006,1331.82,05AAECK5765H1ZE,5,9109100,0,65,0,KANHA JI DISTRIBUTORS,file2_2025-apr-sep
DALIA 500 G,दलिया 500 ग्राम,2025-06-19,2025-03-26,2025-02-19,1,2.5,TI6786AAA2425,2.5,PDCS250048,870.03,05AAECK5765H1ZE,5,11031900,0,34,0,KANHA JI DISTRIBUTORS,file2_2025-apr-sep
AMLA JUICE 1 L,आंवला रस 1 लीटर,2026-02-25,2025-03-26,2025-02-25,1,6,TI6786AAA2425,6,AGH2500038,1179.18,05AAECK5765H1ZE,12,30049011,0,140,0,KANHA JI DISTRIBUTORS,file2_2025-apr-sep
KARELA JAMUN 50-50 JUICE - 500 ML,करेला-जामुन 50-50 रस 500 मि.ली.,2026-03-11,2025-03-26,2025-03-11,1,6,TI6786AAA2425,6,ABPB250005,1435.66,05AAECK5765H1ZE,12,30049011,0,150,0,KANHA JI DISTRIBUTORS,file2_2025-apr-sep
RICE BRAN OIL 1 LTR (P),चावल की भूसी का तेल 1 लीटर,2025-12-13,2025-03-26,2025-03-18,1,2.5,TI6786AAA2425,2.5,ORE2500019,1793.99,05AAECK5765H1ZE,5,15159040,0,165,0,KANHA JI DISTRIBUTORS,file2_2025-apr-sep
FORTIFIED SUNFLOWER OIL 1 LTR (P) - T,फोर्टिफाइड सूरजमुखी तेल 1 लीटर,2025-11-25,2025-03-26,2025-02-28,1,2.5,TI6786AAA2425,2.5,BR2A250007,1885.09,05AAECK5765H1ZE,5,15121910,0,175,0,KANHA JI DISTRIBUTORS,file2_2025-apr-sep
SABUDANA 500 GM,साबूदाना 500 ग्राम,2025-09-09,2025-03-26,2025-03-13,1,2.5,TI6786AAA2425,2.5,AALX250012,1194.27,05AAECK5765H1ZE,5,19030000,0,70,0,KANHA JI DISTRIBUTORS,file2_2025-apr-sep
POHA 1 KG -T,पोहा 1 किग्रा,2025-08-13,2025-03-26,2025-02-14,1,2.5,TI6786AAA2425,2.5,BPRP250012,1485.96,05AAECK5765H1ZE,5,19041020,0,85,0,KANHA JI DISTRIBUTORS,file2_2025-apr-sep
DIVYA GOKHRU KWATH 100 GM (JAR)-T,दिव्य गोखरू क्वाथ 100 ग्राम (जार),2027-02-10,2025-03-26,2025-02-20,10,6,TI6786AAA2425,6,AGKK250007,666.62,05AAECK5765H1ZE,12,30049011,0,80,0,KANHA JI DISTRIBUTORS,file2_2025-apr-sep
ASHVASHILA -11 GM (STRIP),अश्वशिला स्ट्रिप 11 ग्राम,2027-01-17,2025-03-26,2025-01-27,20,6,TI6786AAA2425,6,AASP250005,1435.68,05AAECK5765H1ZE,12,30049011,0,100,0,KANHA JI DISTRIBUTORS,file2_2025-apr-sep
ASHVAGANDHA -11 GM (STRIP),अश्वगंधा स्ट्रिप 11 ग्राम,2027-01-05,2025-03-26,2025-01-15,20,6,TI6786AAA2425,6,AASZ250005,1292.09,05AAECK5765H1ZE,12,30049011,0,90,0,KANHA JI DISTRIBUTORS,file2_2025-apr-sep
DIVYA ASHWAGANDHA CHURNA - 100 GM,दिव्य अश्वगंधा चूर्ण 100 ग्राम,2027-01-21,2025-03-26,2025-01-31,25,2.5,TI6786AAA2425,2.5,AAGC250007,2143.84,05AAECK5765H1ZE,5,30049011,0,105,0,KANHA JI DISTRIBUTORS,file2_2025-apr-sep
NAVRATNA ATTA 2 KG,नवरत्न आटा 2 किग्रा,2025-09-07,2025-04-16,2025-03-11,1,2.5,TI284AAA2526,2.5,AHV2500009,3132.09,05AAECK5765H1ZE,5,11010000,0,180,0,KANHA JI DISTRIBUTORS,file2_2025-apr-sep
TRADITIONAL WHOLE WHEAT ATTA 5 KG,पारंपरिक गेहूं का आटा 5 किग्रा,2025-07-11,2025-04-16,2025-03-13,1,2.5,TI284AAA2526,2.5,PDV5250017,1740.01,05AAECK5765H1ZE,5,11010000,0,250,0,KANHA JI DISTRIBUTORS,file2_2025-apr-sep
TRADITIONAL WHOLE WHEAT ATTA 10 KG,पारंपरिक गेहूं का आटा 10 किग्रा,2025-07-20,2025-04-16,2025-03-22,1,2.5,TI284AAA2526,2.5,PDV4250014,2088.03,05AAECK5765H1ZE,5,11010000,0,480,0,KANHA JI DISTRIBUTORS,file2_2025-apr-sep
MUSTARD OIL 1 L (P)-T,सरसों का तेल 1 लीटर,2026-03-05,2025-04-16,2025-03-10,2,2.5,TI284AAA2526,2.5,N2B2500023,3805.45,05AAECK5765H1ZE,5,15149920,0,175,0,KANHA JI DISTRIBUTORS,file2_2025-apr-sep
ALOEVERA JUICE 1 L (FIBRE),एलोवेरा रस (फाइबर युक्त) 1 लीटर,2025-12-07,2025-04-16,2025-03-12,1,6,TI284AAA2526,6,PGD2500086,1768.77,05AAECK5765H1ZE,12,30049011,0,210,0,KANHA JI DISTRIBUTORS,file2_2025-apr-sep
SUPER DISHWASH BAR-225 G B3G1 FREE,सुपर डिशवॉश बार 225 ग्राम (खरीदो 3 पाओ 1 मुफ्त),2028-03-15,2025-04-16,2025-03-16,2,9,TI284AAA2526,9,AAXW250018,1346.9,05AAECK5765H1ZE,18,34011990,0,72,0,KANHA JI DISTRIBUTORS,file2_2025-apr-sep
ALOEVERA MIXED FRUIT JAM 500 G,एलोवेरा मिक्स्ड फ्रूट जैम 500 ग्राम,2026-02-18,2025-04-16,2025-02-18,1,6,TI284AAA2526,6,B1O2500002,693.1,05AAECK5765H1ZE,12,20079990,0,70,0,KANHA JI DISTRIBUTORS,file2_2025-apr-sep
DIVYA GANDHAK RASAYAN 50 G-T,दिव्य गंधक रसायन 50 ग्राम,2026-04-10,2025-04-16,2024-04-10,25,2.5,TI285AAA2526,2.5,BGDR240001,416.59,05AAECK5765H1ZE,5,30049011,0,20,0,KANHA JI DISTRIBUTORS,file2_2025-apr-sep
Arogyavardhani Vati 80 Tab,आरोग्यवर्धिनी वटी 80 टैबलेट,2030-01-03,2025-04-16,2025-01-29,20,2.5,TI285AAA2526,2.5,BAVV250002,1000.02,05AAECK5765H1ZE,5,30049011,0,60,0,KANHA JI DISTRIBUTORS,file2_2025-apr-sep
Pushyanug Churna 100 Gm,पुष्यानुग चूर्ण 100 ग्राम,2026-11-30,2025-04-16,2024-12-10,25,2.5,TI285AAA2526,2.5,APNC240005,1458.45,05AAECK5765H1ZE,5,30049011,0,70,0,KANHA JI DISTRIBUTORS,file2_2025-apr-sep
Yograj Guggul 40 Tab,योगराज गुग्गुल 40 टैबलेट,2029-12-10,2025-04-16,2025-01-05,20,2.5,TI285AAA2526,2.5,BYRG250001,666.75,05AAECK5765H1ZE,5,30049011,0,40,0,KANHA JI DISTRIBUTORS,file2_2025-apr-sep
DIVYA KUTAJGHAN VATI 80 N (500 MG) - T,दिव्य कुटजघन वटी 80 नग (500 मि.ग्रा.),2028-01-16,2025-04-16,2025-01-31,20,2.5,TI285AAA2526,2.5,BKJV250002,2000.04,05AAECK5765H1ZE,5,30049011,0,120,0,KANHA JI DISTRIBUTORS,file2_2025-apr-sep
SOYA CHUNKS 220 GM - T,सोया चंक्स 220 ग्राम,2026-03-10,2025-04-16,2025-03-15,20,6,TI285AAA2526,6,SCP250003,907.8,05AAECK5765H1ZE,12,21061000,0,55,0,KANHA JI DISTRIBUTORS,file2_2025-apr-sep
DATES (KHAJUR) 500 GM,खजूर 500 ग्राम,2025-09-22,2025-04-16,2025-03-26,4,6,TI285AAA2526,6,AAYC250018,1145,05AAECK5765H1ZE,12,20019000,0,320,0,KANHA JI DISTRIBUTORS,file2_2025-apr-sep
Divya Peedantak Vati 40 Tab,दिव्य पीड़ान्तक वटी 40 टैबलेट,2029-10-04,2025-04-23,2024-10-30,20,6,TI458AAA2526,6,BPTV240050,916.61,05AAECK5765H1ZE,12,30049011,0,55,0,KANHA JI DISTRIBUTORS,file2_2025-apr-sep
DIVYA SHILAJEET SAT - 20 G,दिव्य शिलाजीत सत 20 ग्राम,2030-02-02,2025-04-23,2025-02-28,10,2.5,TI458AAA2526,2.5,BSHS250003,1083.29,05AAECK5765H1ZE,5,30049011,0,130,0,KANHA JI DISTRIBUTORS,file2_2025-apr-sep
DIVYA ANU TAILA 20 ML (120 PCS) -T,दिव्य अनुतैल 20 मि.ली. (120 नग),2028-01-16,2025-04-23,2025-01-31,10,2.5,TI458AAA2526,2.5,BANT250003,299.99,05AAECK5765H1ZE,5,30049011,0,40,0,KANHA JI DISTRIBUTORS,file2_2025-apr-sep
Tankan Bhasma 5 Gm,टंकण भस्म 5 ग्राम,2034-11-09,2025-04-23,2024-12-31,25,2.5,TI458AAA2526,2.5,BTKB240023,312.38,05AAECK5765H1ZE,5,30049011,0,15,0,KANHA JI DISTRIBUTORS,file2_2025-apr-sep
DIVYA MAHASUDARSHAN GHANVATI PLUS 60 TAB,दिव्य महासुदर्शन घनवटी प्लस 60 टैबलेट,2028-01-26,2025-04-23,2025-02-10,20,6,TI458AAA2526,6,AMSV250003,1666.56,05AAECK5765H1ZE,12,30049011,0,100,0,KANHA JI DISTRIBUTORS,file2_2025-apr-sep
DIVYA MEDOHAR VATI -100 TAB,दिव्य मेदोहर वटी 100 टैबलेट,2030-02-03,2025-04-23,2025-03-01,25,6,TI458AAA2526,6,AMHV250010,2083.2,05AAECK5765H1ZE,12,30049011,0,100,0,KANHA JI DISTRIBUTORS,file2_2025-apr-sep
DIVYA MADHUGRIT 60 N - T,दिव्य मधुग्रिट 60 नग,2028-02-19,2025-04-23,2025-03-06,20,6,TI458AAA2526,6,BMDT250015,4599.9,05AAECK5765H1ZE,12,30049011,0,300,0,KANHA JI DISTRIBUTORS,file2_2025-apr-sep
DIVYA BPGRIT 60 N - T,दिव्य बीपीग्रिट 60 नग,2028-02-21,2025-04-23,2025-03-08,20,6,TI458AAA2526,6,ADBP250007,3833.29,05AAECK5765H1ZE,12,30049011,0,250,0,KANHA JI DISTRIBUTORS,file2_2025-apr-sep
K.K. COLOR DARK BROWN (CREAM & DEV)-T,के.के. कलर गाढ़ा भूरा (क्रीम एवं डेवलपर),2026-02-24,2025-04-23,2025-03-01,20,9,TI458AAA2526,9,ACDD250011,556.96,05AAECK5765H1ZE,18,33059090,0,35,0,KANHA JI DISTRIBUTORS,file2_2025-apr-sep
DIVYA DHARA 10 ML (800 PC),दिव्य धारा 10 मि.ली. (800 नग),2028-01-16,2025-04-23,2025-01-31,20,6,TI458AAA2526,6,ADYD250005,689.95,05AAECK5765H1ZE,12,30049011,0,45,0,KANHA JI DISTRIBUTORS,file2_2025-apr-sep
Triphala Guggul 40 Tab,त्रिफला गुग्गुल 40 टैबलेट,2029-11-14,2025-04-23,2024-12-10,20,2.5,TI458AAA2526,2.5,BTPG240059,666.75,05AAECK5765H1ZE,5,30049011,0,40,0,KANHA JI DISTRIBUTORS,file2_2025-apr-sep
Kaishore Guggul 40 Tab,कैशोर गुग्गुल 40 टैबलेट,2029-12-05,2025-04-23,2024-12-31,20,2.5,TI458AAA2526,2.5,BKSG240034,583.38,05AAECK5765H1ZE,5,30049011,0,35,0,KANHA JI DISTRIBUTORS,file2_2025-apr-sep
DIVYA LIVAMRIT ADVANCE 60 N - T,दिव्य लिवामृत एडवांस 60 नग,2028-02-13,2025-04-23,2025-02-28,20,6,TI458AAA2526,6,ALAT250014,3679.97,05AAECK5765H1ZE,12,30049011,0,240,0,KANHA JI DISTRIBUTORS,file2_2025-apr-sep
GASHER CHURAN - 100 GM - T,गैशर चूर्ण 100 ग्राम,2027-02-19,2025-04-23,2025-03-01,25,6,TI458AAA2526,6,BGHC250011,2012.36,05AAECK5765H1ZE,12,30049011,0,105,0,KANHA JI DISTRIBUTORS,file2_2025-apr-sep
DIVYA PEEDANIL TAILA 100 ML-T,दिव्य पीड़ानिल तैल 100 मि.ली.,2028-01-16,2025-04-23,2025-01-31,25,6,TI458AAA2526,6,BDPN250010,1629.05,05AAECK5765H1ZE,12,30049011,0,85,0,KANHA JI DISTRIBUTORS,file2_2025-apr-sep
DIVYA ORTHOGRIT 60 N - T,दिव्य ऑर्थोग्रिट 60 नग,2028-01-31,2025-04-23,2025-02-15,20,6,TI458AAA2526,6,AOTT250013,5400,05AAECK5765H1ZE,12,30049011,0,360,0,KANHA JI DISTRIBUTORS,file2_2025-apr-sep
PAT.NUT.VIT.B-COMPLEX-30 CAP,न्यूट्रेला विटामिन बी-कॉम्प्लेक्स 30 कैप्सूल,2027-02-12,2025-04-23,2025-02-12,4,9,TI458AAA2526,9,ABRY250002,776.72,05AAECK5765H1ZE,18,21069099,0,300,0,KANHA JI DISTRIBUTORS,file2_2025-apr-sep
FENNEL WHOLE 10 GM,सौंफ साबुत 10 ग्राम,2026-03-06,2025-04-23,2025-03-06,100,2.5,TI458AAA2526,2.5,ABKW250003,682.5,05AAECK5765H1ZE,5,9109100,0,10,0,KANHA JI DISTRIBUTORS,file2_2025-apr-sep
BARLEY DALIA 500 G,जौ का दलिया 500 ग्राम,2025-09-19,2025-04-23,2025-03-23,1,2.5,TI459AAA2526,2.5,PDCU250016,1407.42,05AAECK5765H1ZE,5,11031900,0,55,0,KANHA JI DISTRIBUTORS,file2_2025-apr-sep
DIVYA ASHWAGANDHARISHTA - 450 ML,दिव्य अश्वगंधारिष्ट 450 मि.ली.,2035-01-07,2025-04-23,2025-02-28,1,2.5,TI459AAA2526,2.5,ASG250004,2333.36,05AAECK5765H1ZE,5,30049011,0,175,0,KANHA JI DISTRIBUTORS,file2_2025-apr-sep
GONYLE FLOOR CLEANER - 5 LTR,गोनाइल फ्लोर क्लीनर 5 लीटर,2026-02-02,2025-04-23,2025-02-07,1,9,TI459AAA2526,9,0111/25-26,980.39,05AAECK5765H1ZE,18,38084000,0,330,0,KANHA JI DISTRIBUTORS,file2_2025-apr-sep
GONYLE FLOOR CLEANER - 1 LTR,गोनाइल फ्लोर क्लीनर 1 लीटर,2026-03-21,2025-04-23,2025-03-26,1,9,TI459AAA2526,9,0978/25-26,623.89,05AAECK5765H1ZE,18,38084000,0,70,0,KANHA JI DISTRIBUTORS,file2_2025-apr-sep
NEEM KANTI BODY CLEANSER-4x45Gx54U,नीम कान्ति बॉडी क्लीन्ज़र 4×45 ग्राम × 54 नग,2027-03-17,2025-04-23,2025-03-17,1,9,TI459AAA2526,9,AAWM250004,1718.53,05AAECK5765H1ZE,18,34011941,0,40,0,KANHA JI DISTRIBUTORS,file2_2025-apr-sep
COWS WHOLE MILK POWDER 500-GM,गाय का पूर्ण दूध पाउडर 500 ग्राम,2025-08-29,2025-04-23,2025-03-02,1,2.5,TI459AAA2526,2.5,BLB2500003,4810.93,05AAECK5765H1ZE,5,4021090,0,235,0,KANHA JI DISTRIBUTORS,file2_2025-apr-sep
KARELA JAMUN 50-50 JUICE - 500 ML,करेला-जामुन 50-50 रस 500 मि.ली.,2026-03-24,2025-04-23,2025-03-24,1,6,TI459AAA2526,6,ABPB250007,1435.66,05AAECK5765H1ZE,12,30049011,0,150,0,KANHA JI DISTRIBUTORS,file2_2025-apr-sep
GULAB SHARBAT 750 ML,गुलाब शरबत 750 मि.ली.,2026-04-09,2025-04-23,2025-04-09,1,9,TI459AAA2526,9,AGK2500038,1114.16,05AAECK5765H1ZE,18,21069011,0,140,0,KANHA JI DISTRIBUTORS,file2_2025-apr-sep
AMLA JUICE 1 L,आंवला रस 1 लीटर,2026-03-25,2025-04-23,2025-03-25,1,6,TI459AAA2526,6,AGH2500062,1179.18,05AAECK5765H1ZE,12,30049011,0,140,0,KANHA JI DISTRIBUTORS,file2_2025-apr-sep
DIVYA GODHAN ARK - 450ML,दिव्य गोधन अर्क 450 मि.ली.,2026-03-05,2025-04-23,2025-03-10,1,6,TI459AAA2526,6,AGDA250013,919.94,05AAECK5765H1ZE,12,30049011,0,60,0,KANHA JI DISTRIBUTORS,file2_2025-apr-sep
OATS 500GM - T,ओट्स 500 ग्राम,2026-03-07,2025-04-23,2025-03-07,1,2.5,TI459AAA2526,2.5,BNO070325,1693.44,05AAECK5765H1ZE,5,11041200,0,100,0,KANHA JI DISTRIBUTORS,file2_2025-apr-sep
Divya Peedantak Kwath 100 Gm,दिव्य पीड़ान्तक क्वाथ 100 ग्राम,2026-12-26,2025-04-23,2025-01-05,1,6,TI459AAA2526,6,APTK250002,1874.88,05AAECK5765H1ZE,12,30049011,0,45,0,KANHA JI DISTRIBUTORS,file2_2025-apr-sep
FORTIFIED SUNFLOWER OIL 1 LTR (P) - T,फोर्टिफाइड सूरजमुखी तेल 1 लीटर,2026-01-16,2025-04-23,2025-04-21,1,2.5,TI459AAA2526,2.5,BR2A250014,1885.09,05AAECK5765H1ZE,5,15121910,0,175,0,KANHA JI DISTRIBUTORS,file2_2025-apr-sep
SHIKAKAI POWDER 100 G,शिकाकाई पाउडर 100 ग्राम,2027-03-18,2025-04-23,2025-03-18,1,2.5,TI459AAA2526,2.5,ABNZ250006,1099.98,05AAECK5765H1ZE,5,12119029,0,55,0,KANHA JI DISTRIBUTORS,file2_2025-apr-sep
TRADITIONAL WHOLE WHEAT ATTA 5 KG,पारंपरिक गेहूं का आटा 5 किग्रा,2025-07-11,2025-04-23,2025-03-13,1,2.5,TI459AAA2526,2.5,PDV5250017,1757.94,05AAECK5765H1ZE,5,11010000,0,250,0,KANHA JI DISTRIBUTORS,file2_2025-apr-sep
BROWN BASMATI RICE POUCH 1 KG,भूरा बासमती चावल पाउच 1 किग्रा,2026-12-30,2025-05-08,2025-01-09,1,2.5,TI724AAA2526,2.5,E7E2500001,1966.86,05AAECK5765H1ZE,5,10063020,0,140,0,KANHA JI DISTRIBUTORS,file2_2025-apr-sep
KESH KANTI ADV. H.H. EXPERT SHAMPO-100ML,केश कान्ति एडवांस हेयर एक्सपर्ट शैम्पू 100 मि.ली.,2027-04-03,2025-05-08,2025-04-03,1,9,TI724AAA2526,9,AAWT250004,3116.76,05AAECK5765H1ZE,18,33051090,0,120,0,KANHA JI DISTRIBUTORS,file2_2025-apr-sep
GROUNDNUT OIL 1 LTR (P),मूंगफली का तेल 1 लीटर,2026-01-08,2025-05-08,2025-04-13,1,2.5,TI724AAA2526,2.5,ORQ2500017,2011.46,05AAECK5765H1ZE,5,15089091,0,185,0,KANHA JI DISTRIBUTORS,file2_2025-apr-sep
COWS GHEE 1 L - T,गाय का घी 1 लीटर,2026-01-19,2025-05-08,2025-04-24,1,6,TI724AAA2526,6,FAWC250117,9674.78,05AAECK5765H1ZE,12,4059020,0,700,0,KANHA JI DISTRIBUTORS,file2_2025-apr-sep
COWS GHEE 500 ML - T,गाय का घी 500 मि.ली.,2025-12-26,2025-05-08,2025-03-31,1,6,TI724AAA2526,6,FAWD250024,10365.94,05AAECK5765H1ZE,12,4059020,0,375,0,KANHA JI DISTRIBUTORS,file2_2025-apr-sep
RICE BRAN OIL 1 LTR (P),चावल की भूसी का तेल 1 लीटर,2026-01-08,2025-05-08,2025-04-13,1,2.5,TI724AAA2526,2.5,ORE2500024,1793.99,05AAECK5765H1ZE,5,15159040,0,165,0,KANHA JI DISTRIBUTORS,file2_2025-apr-sep
MUSTARD OIL 1 L (P)-T,सरसों का तेल 1 लीटर,2026-04-09,2025-05-08,2025-04-14,2,2.5,TI724AAA2526,2.5,N2B2500031,3805.45,05AAECK5765H1ZE,5,15149920,0,175,0,KANHA JI DISTRIBUTORS,file2_2025-apr-sep
MUSTARD OIL 1 L (B)-T,सरसों का तेल 1 लीटर,2026-04-14,2025-05-08,2025-04-19,1,2.5,TI724AAA2526,2.5,N1B2500046,1957.03,05AAECK5765H1ZE,5,15149920,0,180,0,KANHA JI DISTRIBUTORS,file2_2025-apr-sep
TOMATO KETCHUP W/O ONION GRLC 950GM(P)-T,टमाटर केचप (बिना प्याज व लहसुन) 950 ग्राम,2025-11-25,2025-05-08,2025-02-28,1,6,TI724AAA2526,6,DQU2500009,1194.68,05AAECK5765H1ZE,12,21032000,0,150,0,KANHA JI DISTRIBUTORS,file2_2025-apr-sep
SENDHA NAMAK 1 KG - T,सेंधा नमक 1 किग्रा,2026-11-21,2025-05-08,2024-12-01,1,0,TI724AAA2526,0,SRS24/12,1009,05AAECK5765H1ZE,0,25010010,0,60,0,KANHA JI DISTRIBUTORS,file2_2025-apr-sep
TRADITIONAL WHOLE WHEAT ATTA 10 KG,पारंपरिक गेहूं का आटा 10 किग्रा,2025-07-20,2025-05-08,2025-03-22,1,2.5,TI724AAA2526,2.5,PDV4250014,2109.55,05AAECK5765H1ZE,5,11010000,0,480,0,KANHA JI DISTRIBUTORS,file2_2025-apr-sep
ALOEVERA JUICE 1 L (FIBRE),एलोवेरा रस (फाइबर युक्त) 1 लीटर,2026-01-16,2025-05-08,2025-04-21,1,6,TI724AAA2526,6,PGD2500136,1768.77,05AAECK5765H1ZE,12,30049011,0,210,0,KANHA JI DISTRIBUTORS,file2_2025-apr-sep
KARELA JAMUN 50-50 JUICE - 500 ML,करेला-जामुन 50-50 रस 500 मि.ली.,2026-04-14,2025-05-08,2025-04-14,1,6,TI724AAA2526,6,ABPB250009,1435.66,05AAECK5765H1ZE,12,30049011,0,150,0,KANHA JI DISTRIBUTORS,file2_2025-apr-sep
GONYLE FLOOR CLEANER - 5 LTR,गोनाइल फ्लोर क्लीनर 5 लीटर,2026-02-02,2025-05-08,2025-02-07,1,9,TI724AAA2526,9,0111/25-26,1120.43,05AAECK5765H1ZE,18,38084000,0,330,0,KANHA JI DISTRIBUTORS,file2_2025-apr-sep
GONYLE FLOOR CLEANER - 1 LTR,गोनाइल फ्लोर क्लीनर 1 लीटर,2026-03-21,2025-05-08,2025-03-26,1,9,TI724AAA2526,9,0985/25-26,712.96,05AAECK5765H1ZE,18,38084000,0,70,0,KANHA JI DISTRIBUTORS,file2_2025-apr-sep
FORTIFIED SUNFLOWER OIL 1 LTR (P) - T,फोर्टिफाइड सूरजमुखी तेल 1 लीटर,2026-01-16,2025-05-08,2025-04-21,1,2.5,TI724AAA2526,2.5,BR2A250014,1885.09,05AAECK5765H1ZE,5,15121910,0,175,0,KANHA JI DISTRIBUTORS,file2_2025-apr-sep
GILOY JUICE 500 ML,गिलोय रस 500 मि.ली.,2026-04-21,2025-05-08,2025-04-21,1,6,TI724AAA2526,6,PFY2500006,861.37,05AAECK5765H1ZE,12,30049011,0,90,0,KANHA JI DISTRIBUTORS,file2_2025-apr-sep
SESAME OIL 1 L (B)-T,तिल का तेल 1 लीटर,2026-01-02,2025-05-08,2025-04-07,1,2.5,TI724AAA2526,2.5,JACQ250030,2722.81,05AAECK5765H1ZE,5,15155091,0,280,0,KANHA JI DISTRIBUTORS,file2_2025-apr-sep
AMLA CHATPATA CANDY 250 G,आंवला चटपटा कैंडी 250 ग्राम,2026-03-26,2025-05-08,2025-03-26,1,2.5,TI724AAA2526,2.5,AMV2500018,1641.13,05AAECK5765H1ZE,5,8112010,0,95,0,KANHA JI DISTRIBUTORS,file2_2025-apr-sep
BESAN 500 G,बेसन 500 ग्राम,2025-08-14,2025-05-08,2025-03-17,1,2.5,TI724AAA2526,2.5,PDCR250020,1189.22,05AAECK5765H1ZE,5,11061090,0,75,0,KANHA JI DISTRIBUTORS,file2_2025-apr-sep
SOOJI 1 KG,सूजी 1 किग्रा,2025-08-13,2025-05-08,2025-04-15,1,2.5,TI724AAA2526,2.5,PDANA25008,620.55,05AAECK5765H1ZE,5,11010000,0,75,0,KANHA JI DISTRIBUTORS,file2_2025-apr-sep
SUGAR 5 KG,चीनी 5 किग्रा,2027-03-17,2025-05-08,2025-03-27,1,2.5,TI724AAA2526,2.5,BAIW250014,1883.51,05AAECK5765H1ZE,5,17011490,0,340,0,KANHA JI DISTRIBUTORS,file2_2025-apr-sep
IODIZED NAMAK 1 KG (NEW) - T,आयोडीन युक्त नमक 1 किग्रा (नया),2026-10-22,2025-05-08,2024-11-01,1,0,TI724AAA2526,0,CS-24/11,260,05AAECK5765H1ZE,0,25010010,0,22,0,KANHA JI DISTRIBUTORS,file2_2025-apr-sep
KESHKANTI HAIRCLN.NATURAL RS1 FREE 96 No,केश कान्ति हेयर क्लींज़र नेचुरल ₹1 फ्री (96 नग),2027-03-27,2025-05-08,2025-03-27,1,9,TI724AAA2526,9,ABAC250028,702.34,05AAECK5765H1ZE,18,33051090,0,1,0,KANHA JI DISTRIBUTORS,file2_2025-apr-sep
BODY UBTAN 100 G,बॉडी उबटन 100 ग्राम,2026-03-10,2025-05-08,2025-03-10,20,9,TI725AAA2526,9,ACW2500005,1018.58,05AAECK5765H1ZE,18,33019011,0,60,0,KANHA JI DISTRIBUTORS,file2_2025-apr-sep
DIVYA ARSHOGRIT 3 U X 20 N,दिव्य अर्शोग्रिट 3 यूनिट × 20 नग,2028-02-19,2025-05-08,2025-03-06,20,6,TI725AAA2526,6,ADAR250006,3333.34,05AAECK5765H1ZE,12,30049011,0,200,0,KANHA JI DISTRIBUTORS,file2_2025-apr-sep
MAKHANA 250 GM,मखाना 250 ग्राम,2026-01-15,2025-05-08,2025-03-21,10,2.5,TI725AAA2526,2.5,AALI250018,4484.66,05AAECK5765H1ZE,5,8029000,0,500,0,KANHA JI DISTRIBUTORS,file2_2025-apr-sep
RAISINS BLACK 250 GM (MONO),काली किशमिश 250 ग्राम,2025-09-09,2025-05-08,2025-03-13,6,2.5,TI725AAA2526,2.5,AARY250004,618.91,05AAECK5765H1ZE,5,8062010,0,115,0,KANHA JI DISTRIBUTORS,file2_2025-apr-sep
MAMRA ALMOND PREMIUM 250 GM,ममरा बादाम प्रीमियम 250 ग्राम,2025-10-12,2025-05-08,2025-04-15,2,6,TI725AAA2526,6,ABOH250002,1472.73,05AAECK5765H1ZE,12,8021200,0,810,0,KANHA JI DISTRIBUTORS,file2_2025-apr-sep
KESH KANTI HAIR CLEANSER NATURAL 450 ML,केश कान्ति हेयर क्लींज़र नेचुरल 450 मि.ली.,2027-03-25,2025-05-08,2025-04-04,12,9,TI725AAA2526,9,A2G2500006,1686.74,05AAECK5765H1ZE,18,33051090,0,180,0,KANHA JI DISTRIBUTORS,file2_2025-apr-sep
HERBAL SUHAG TEEKA RED,हर्बल सुहाग टीका लाल,2026-09-10,2025-05-08,2024-09-20,12,0,TI725AAA2526,0,AATZ240005,769.2,05AAECK5765H1ZE,0,33049940,0,75,0,KANHA JI DISTRIBUTORS,file2_2025-apr-sep
KESH K. REETHA HAIR CLEANSER 180ML T.O.,केश कान्ति रीठा हेयर क्लींज़र 180 मि.ली. (ट्रेड ऑफर),2027-03-20,2025-05-08,2025-03-20,18,9,TI725AAA2526,9,ABTZ250006,1686.88,05AAECK5765H1ZE,18,33051090,0,120,0,KANHA JI DISTRIBUTORS,file2_2025-apr-sep
KESH KANTI HAIR CLEANSER ALOEVERA 450ML,केश कान्ति हेयर क्लींज़र एलोवेरा 450 मि.ली.,2027-04-05,2025-05-08,2025-04-15,12,9,TI725AAA2526,9,A9F2500006,1874.22,05AAECK5765H1ZE,18,33051090,0,200,0,KANHA JI DISTRIBUTORS,file2_2025-apr-sep
DIVYA PUNARNAVADI MANDOOR - 60 TAB,दिव्य पुनर्नवादि मांडूर 60 टैबलेट,2035-02-25,2025-05-08,2025-03-25,20,2.5,TI725AAA2526,2.5,BPNM250014,916.65,05AAECK5765H1ZE,5,30049011,0,55,0,KANHA JI DISTRIBUTORS,file2_2025-apr-sep
Triyodashang Guggul 40 Tab,त्रयोदशांग गुग्गुल 40 टैबलेट,2029-11-04,2025-05-08,2024-11-30,20,2.5,TI725AAA2526,2.5,BTDG240040,583.38,05AAECK5765H1ZE,5,30049011,0,35,0,KANHA JI DISTRIBUTORS,file2_2025-apr-sep
DIVYA UTINIL TABLET 3U X 10N -T,दिव्य यूटिनिल टैबलेट 3 यूनिट × 10 नग,2027-06-17,2025-05-08,2024-07-02,10,6,TI725AAA2526,6,AUTI240001,4166.62,05AAECK5765H1ZE,12,30049011,0,500,0,KANHA JI DISTRIBUTORS,file2_2025-apr-sep
MINT CANDY MENTHOL - T,मिंट कैंडी मेंथॉल,2025-12-28,2025-05-08,2025-01-02,6,6,TI725AAA2526,6,DMC250001,674.76,05AAECK5765H1ZE,12,17049030,0,150,0,KANHA JI DISTRIBUTORS,file2_2025-apr-sep
DIVYA MULETHI CHURNA 100 GM -T,दिव्य मुलेठी चूर्ण 100 ग्राम,2027-02-27,2025-05-08,2025-03-09,25,2.5,TI725AAA2526,2.5,BMLC250016,1145.81,05AAECK5765H1ZE,5,30049011,0,55,0,KANHA JI DISTRIBUTORS,file2_2025-apr-sep
BANDHANI HING 50 GM (NEW) - T,बंधनी हींग 50 ग्राम (नया),2026-08-04,2025-05-08,2025-02-10,24,2.5,TI725AAA2526,2.5,CASY250002,2100.67,05AAECK5765H1ZE,5,13019013,0,120,0,KANHA JI DISTRIBUTORS,file2_2025-apr-sep
SAUNDARYA ALOEVERA GEL 60ML T.O. (5+1),सौंदर्य एलोवेरा जेल 60 मि.ली. (ट्रेड ऑफर 5+1),2026-10-13,2025-05-08,2025-04-14,4,9,TI725AAA2526,9,ACCF250006,848.84,05AAECK5765H1ZE,18,33049910,0,250,0,KANHA JI DISTRIBUTORS,file2_2025-apr-sep
AMLA CANDY 250 G,आंवला कैंडी 250 ग्राम,2026-03-06,2025-05-08,2025-03-06,12,2.5,TI725AAA2526,2.5,ABLX250021,777.36,05AAECK5765H1ZE,5,8112010,0,90,0,KANHA JI DISTRIBUTORS,file2_2025-apr-sep
DIVYA LIVOGRIT 60 N - T,दिव्य लिवोग्रिट 60 नग,2028-02-13,2025-05-08,2025-02-28,20,6,TI725AAA2526,6,BLGT250011,4124.98,05AAECK5765H1ZE,12,30049011,0,275,0,KANHA JI DISTRIBUTORS,file2_2025-apr-sep
DIVYA PEEDANIL SPRAY 100 ML - T,दिव्य पीड़ानिल स्प्रे 100 मि.ली.,2026-02-23,2025-05-08,2024-03-05,12,6,TI725AAA2526,6,AYC2401,1790.94,05AAECK5765H1ZE,12,30049011,0,199,0,KANHA JI DISTRIBUTORS,file2_2025-apr-sep
TRIPHALA CHURNA -100GM,त्रिफला चूर्ण 100 ग्राम,2027-02-25,2025-05-08,2025-03-25,25,2.5,TI725AAA2526,2.5,ATPC250040,749.97,05AAECK5765H1ZE,5,30049011,0,40,0,KANHA JI DISTRIBUTORS,file2_2025-apr-sep
BALM 25 GM (144 PC),बाम 25 ग्राम (144 नग),2028-02-10,2025-05-08,2025-02-10,12,6,TI725AAA2526,6,AV12500002,528.33,05AAECK5765H1ZE,12,30049011,0,60,0,KANHA JI DISTRIBUTORS,file2_2025-apr-sep
KESH K. MILK PR. HAIR CLEANSER 180ML T.O,केश कान्ति मिल्क प्रोटीन हेयर क्लींज़र 180 मि.ली. (ट्रेड ऑफर),2027-03-22,2025-05-08,2025-03-22,18,9,TI725AAA2526,9,ABTX250004,1686.88,05AAECK5765H1ZE,18,33051090,0,120,0,KANHA JI DISTRIBUTORS,file2_2025-apr-sep
HERBAL SUHAG TEEKA (NEW),हर्बल सुहाग टीका (नया),2026-10-01,2025-05-08,2024-10-11,12,0,TI725AAA2526,0,AJV2400012,769.2,05AAECK5765H1ZE,0,33049940,0,75,0,KANHA JI DISTRIBUTORS,file2_2025-apr-sep
SAUNDARYA ALOEVERA GEL 150 ML,सौंदर्य एलोवेरा जेल 150 मि.ली.,2026-09-16,2025-05-08,2025-03-25,22,9,TI725AAA2526,9,AAHP250136,1718.03,05AAECK5765H1ZE,18,33049910,0,100,0,KANHA JI DISTRIBUTORS,file2_2025-apr-sep
SAUNDARYA ALOEVERA GEL 150 ML,सौंदर्य एलोवेरा जेल 150 मि.ली.,2026-09-07,2025-05-08,2025-03-16,2,9,TI725AAA2526,9,AAHP250112,156.18,05AAECK5765H1ZE,18,33049910,0,100,0,KANHA JI DISTRIBUTORS,file2_2025-apr-sep
DOODH BISCUIT 35 GM (200 PC),दूध बिस्किट 35 ग्राम (200 नग),2025-11-01,2025-05-08,2025-05-05,1,9,TI726AAA2526,9,E425/BP1,851.96,05AAECK5765H1ZE,18,19053100,0,5,0,KANHA JI DISTRIBUTORS,file2_2025-apr-sep
DOODH BISCUIT 70 GM (100 PC),दूध बिस्किट 70 ग्राम (100 नग),2025-10-27,2025-05-08,2025-04-30,1,9,TI726AAA2526,9,DW25/BP1,853.14,05AAECK5765H1ZE,18,19053100,0,10,0,KANHA JI DISTRIBUTORS,file2_2025-apr-sep
CREAMFEAST ELAICHI BISCUIT 32.5 GM,क्रीमफीस्ट इलायची बिस्किट 32.5 ग्राम,2025-10-27,2025-05-08,2025-04-30,1,9,TI726AAA2526,9,DV25/BP1,613.41,05AAECK5765H1ZE,18,19053100,0,5,0,KANHA JI DISTRIBUTORS,file2_2025-apr-sep
CREAMFEAST CHOCO BISCUIT 32.5 GM,क्रीमफीस्ट चोको बिस्किट 32.5 ग्राम,2025-10-27,2025-05-08,2025-04-30,1,9,TI726AAA2526,9,DQ25/BP1,613.41,05AAECK5765H1ZE,18,19053100,0,5,0,KANHA JI DISTRIBUTORS,file2_2025-apr-sep
NARIYAL BISCUIT 68 GM,नारियल बिस्किट 68 ग्राम,2025-10-23,2025-05-08,2025-04-26,1,9,TI726AAA2526,9,DU25/AV9,853.14,05AAECK5765H1ZE,18,19053100,0,10,0,KANHA JI DISTRIBUTORS,file2_2025-apr-sep
ATTA NOODLES CHATPATA FAMILY PACK 240 GM,आटा नूडल्स चटपटा फैमिली पैक 240 ग्राम,2026-01-16,2025-05-14,2025-04-21,2,6,TI846AAA2526,6,CHF210425,1804.72,05AAECK5765H1ZE,12,19022090,0,48,0,KANHA JI DISTRIBUTORS,file2_2025-apr-sep
ALOEVERA JUICE 1 L (FIBRE),एलोवेरा रस (फाइबर युक्त) 1 लीटर,2026-01-23,2025-05-14,2025-04-28,1,6,TI846AAA2526,6,PGD2500148,1768.77,05AAECK5765H1ZE,12,30049011,0,210,0,KANHA JI DISTRIBUTORS,file2_2025-apr-sep
AMLA PICKLE 1 KG,आंवला अचार 1 किग्रा,2026-03-05,2025-05-14,2025-03-05,1,6,TI846AAA2526,6,ABA2500004,1439.29,05AAECK5765H1ZE,12,20019000,0,200,0,KANHA JI DISTRIBUTORS,file2_2025-apr-sep
MOONG CHILKA 1000 GM (R1),मूंग दाल छिलका 1000 ग्राम,2025-12-15,2025-05-14,2025-03-20,1,2.5,TI846AAA2526,2.5,BPRMC25004,1353.87,05AAECK5765H1ZE,5,7133190,0,158,0,KANHA JI DISTRIBUTORS,file2_2025-apr-sep
BURA 1 KG,बूरा 1 किग्रा,2026-01-11,2025-05-14,2025-04-16,1,2.5,TI846AAA2526,2.5,AKI2500044,2038.68,05AAECK5765H1ZE,5,17029090,0,75,0,KANHA JI DISTRIBUTORS,file2_2025-apr-sep
DISHWASH BAR-600G (500G+100G)+SCRUB PAD,डिशवॉश बार 600 ग्राम (500+100 ग्राम) + स्क्रब पैड,2028-04-10,2025-05-14,2025-04-11,1,9,TI846AAA2526,9,AAYX250010,1173.3,05AAECK5765H1ZE,18,34011990,0,60,0,KANHA JI DISTRIBUTORS,file2_2025-apr-sep
MUSTARD OIL 1 L (P)-T,सरसों का तेल 1 लीटर,2026-04-09,2025-05-14,2025-04-14,2,2.5,TI846AAA2526,2.5,N2B2500031,3805.45,05AAECK5765H1ZE,5,15149920,0,175,0,KANHA JI DISTRIBUTORS,file2_2025-apr-sep
FORTIFIED SUNFLOWER OIL 1 LTR (P) - T,फोर्टिफाइड सूरजमुखी तेल 1 लीटर,2026-01-16,2025-05-14,2025-04-21,1,2.5,TI846AAA2526,2.5,BR2A250014,1885.09,05AAECK5765H1ZE,5,15121910,0,175,0,KANHA JI DISTRIBUTORS,file2_2025-apr-sep
APPLE VINEGAR WITH HALDI & GINGER 500 ML,सेब का सिरका हल्दी और अदरक युक्त 500 मि.ली.,2026-04-03,2025-05-14,2025-04-03,1,9,TI846AAA2526,9,ABVO250004,3342.33,05AAECK5765H1ZE,18,22090090,0,175,0,KANHA JI DISTRIBUTORS,file2_2025-apr-sep
NAVRATNA ATTA 2 KG,नवरत्न आटा 2 किग्रा,2025-10-10,2025-05-14,2025-04-13,1,2.5,TI846AAA2526,2.5,AHV2500013,3164.38,05AAECK5765H1ZE,5,11010000,0,180,0,KANHA JI DISTRIBUTORS,file2_2025-apr-sep
ATTA DOODH RUSK 300 GM - T,आटा दूध रस्क 300 ग्राम,2025-09-08,2025-05-14,2025-04-11,1,2.5,TI846AAA2526,2.5,DF25/SGB,1028.16,05AAECK5765H1ZE,5,19054000,0,50,0,KANHA JI DISTRIBUTORS,file2_2025-apr-sep
PUSHTAHAR DALIA 500 G,पुष्टाहार दलिया 500 ग्राम,2025-12-19,2025-05-14,2025-03-24,1,2.5,TI846AAA2526,2.5,PDCQ250023,1279.53,05AAECK5765H1ZE,5,11031900,0,50,0,KANHA JI DISTRIBUTORS,file2_2025-apr-sep
DRISHTI EYE DROP 10 ML (NEW),दृष्टि नेत्र ड्रॉप 10 मि.ली. (नया),2026-03-17,2025-05-14,2025-03-17,40,6,TI847AAA2526,6,AAST250013,637.95,05AAECK5765H1ZE,12,30049011,0,20,0,KANHA JI DISTRIBUTORS,file2_2025-apr-sep
SAUMYA EYE DROP 10 ML,सौम्या आई ड्रॉप 10 मि.ली.,2027-02-11,2025-05-14,2025-02-21,20,6,TI847AAA2526,6,AAAQ250002,558.21,05AAECK5765H1ZE,12,30049011,0,35,0,KANHA JI DISTRIBUTORS,file2_2025-apr-sep
DIVYA DALCHINI CHURNA -100 GM,दिव्य दालचीनी चूर्ण 100 ग्राम,2027-02-25,2025-05-14,2025-03-25,25,2.5,TI847AAA2526,2.5,ADCC250015,1354.24,05AAECK5765H1ZE,5,30049011,0,65,0,KANHA JI DISTRIBUTORS,file2_2025-apr-sep
ROGHAN BADAM SHIRIN - 150 ML - T,रोगन बादाम शिरीन 150 मि.ली.,2027-12-16,2025-05-14,2024-12-31,12,2.5,TI847AAA2526,2.5,BRBS240019,3869.96,05AAECK5765H1ZE,5,30049011,0,450,0,KANHA JI DISTRIBUTORS,file2_2025-apr-sep
ROGHAN BADAM SHIRIN - 60 ML - T,रोगन बादाम शिरीन 60 मि.ली.,2028-01-16,2025-05-14,2025-01-31,15,2.5,TI847AAA2526,2.5,BRBS250001,2042.46,05AAECK5765H1ZE,5,30049011,0,190,0,KANHA JI DISTRIBUTORS,file2_2025-apr-sep
DIVYA AMLA CHURNA - 100 GM,दिव्य आंवला चूर्ण 100 ग्राम,2027-02-21,2025-05-14,2025-03-21,25,2.5,TI847AAA2526,2.5,BAMC250012,937.39,05AAECK5765H1ZE,5,30049011,0,45,0,KANHA JI DISTRIBUTORS,file2_2025-apr-sep
DIVYA GODHAN ARK - 450ML,दिव्य गोधन अर्क 450 मि.ली.,2026-03-01,2025-05-14,2025-04-01,1,6,TI847AAA2526,6,AGDA250015,900,05AAECK5765H1ZE,12,30049011,0,60,0,KANHA JI DISTRIBUTORS,file2_2025-apr-sep
ASHVAGANDHA -11 GM (STRIP),अश्वगंधा स्ट्रिप 11 ग्राम,2027-01-10,2025-05-14,2025-01-20,20,6,TI847AAA2526,6,AASZ250006,1292.09,05AAECK5765H1ZE,12,30049011,0,90,0,KANHA JI DISTRIBUTORS,file2_2025-apr-sep
DIVYA MUKTA VATI EXTRA POWER 30X4 TAB,दिव्य मुक्तावटी एक्स्ट्रा पावर 30×4 टैबलेट,2030-02-08,2025-05-14,2025-03-06,20,6,TI847AAA2526,6,AMUE250061,3374.94,05AAECK5765H1ZE,12,30049011,0,225,0,KANHA JI DISTRIBUTORS,file2_2025-apr-sep
DIVYA KANTHAMRIT CHEWABLE TABLET 40 N -T,दिव्य कंठामृत चबाने योग्य टैबलेट 40 नग,2028-01-21,2025-05-14,2025-02-05,10,6,TI847AAA2526,6,ADKT250007,300.04,05AAECK5765H1ZE,12,30049011,0,40,0,KANHA JI DISTRIBUTORS,file2_2025-apr-sep
DIVYA KANTHAMRIT CHEWABLE TABLET 80 N -T,दिव्य कंठामृत चबाने योग्य टैबलेट 80 नग,2028-02-13,2025-05-14,2025-02-28,10,6,TI847AAA2526,6,ADKT250009,562.53,05AAECK5765H1ZE,12,30049011,0,75,0,KANHA JI DISTRIBUTORS,file2_2025-apr-sep
DIVYA LAVANGADI VATI- 80 TAB,दिव्य लवंगादि वटी 80 टैबलेट,2028-01-15,2025-05-14,2025-01-30,20,2.5,TI847AAA2526,2.5,BLGV250001,749.91,05AAECK5765H1ZE,5,30049011,0,45,0,KANHA JI DISTRIBUTORS,file2_2025-apr-sep
DIVYA NEUROGRIT GOLD 20 N - T,दिव्य न्यूरोग्रिट गोल्ड 20 नग,2028-03-15,2025-05-14,2025-04-15,10,6,TI847AAA2526,6,ANGD250004,4500,05AAECK5765H1ZE,12,30049011,0,600,0,KANHA JI DISTRIBUTORS,file2_2025-apr-sep
EYEGRIT EYE DROP 10 ML,आईग्रिट आई ड्रॉप 10 मि.ली.,2027-04-06,2025-05-14,2025-04-06,40,6,TI847AAA2526,6,ABQR250007,1306.82,05AAECK5765H1ZE,12,30049011,0,40,0,KANHA JI DISTRIBUTORS,file2_2025-apr-sep
TURMERIC POWDER 200 GM,हल्दी पाउडर 200 ग्राम,2026-03-24,2025-05-22,2025-03-24,1,2.5,TI995AAA2526,2.5,AJC2500016,1626.98,05AAECK5765H1ZE,5,9103030,0,82,0,KANHA JI DISTRIBUTORS,file2_2025-apr-sep
SHAKTI RICE XXL MINI MOGRA-2 10 KG (T),शक्ति चावल XXL मिनी मोगरा-2 10 किग्रा,2026-08-14,2025-05-22,2024-08-24,1,2.5,TI995AAA2526,2.5,E6M2400006,1491.04,05AAECK5765H1ZE,5,10063090,0,720,0,KANHA JI DISTRIBUTORS,file2_2025-apr-sep
DOODH BISCUIT 35 GM (200 PC),दूध बिस्किट 35 ग्राम (200 नग),2025-11-07,2025-05-22,2025-05-11,1,9,TI995AAA2526,9,ED25/BP1,851.96,05AAECK5765H1ZE,18,19053100,0,5,0,KANHA JI DISTRIBUTORS,file2_2025-apr-sep
CRUNCHY COCONUT COOKIES 70 GM,क्रंची कोकोनट कुकीज़ 70 ग्राम,2025-11-11,2025-05-22,2025-05-15,1,9,TI995AAA2526,9,EI25/BP1,614.26,05AAECK5765H1ZE,18,19053100,0,10,0,KANHA JI DISTRIBUTORS,file2_2025-apr-sep
HALDI CHANDAN KNTI BODY CLNSR.4x45Gx54U,हल्दी-चंदन कान्ति बॉडी क्लीन्ज़र 4×45 ग्राम × 54 नग,2027-02-11,2025-05-22,2025-02-11,1,9,TI995AAA2526,9,AAWL250002,1718.53,05AAECK5765H1ZE,18,34011941,0,40,0,KANHA JI DISTRIBUTORS,file2_2025-apr-sep
ALOEVERA KANTI BODY CLEANSER-(4X1) 75 GM,एलोवेरा कान्ति बॉडी क्लीन्ज़र (4×1) 75 ग्राम,2027-03-18,2025-05-22,2025-03-18,1,9,TI995AAA2526,9,ASV2500008,2328.75,05AAECK5765H1ZE,18,34011941,0,83,0,KANHA JI DISTRIBUTORS,file2_2025-apr-sep
HONEY 1 KG,शहद 1 किग्रा,2026-10-06,2025-05-22,2025-04-14,1,2.5,TI995AAA2526,2.5,BCN2500017,3344.54,05AAECK5765H1ZE,5,4090000,0,410,0,KANHA JI DISTRIBUTORS,file2_2025-apr-sep
KHAND 1 KG,खांड 1 किग्रा,2026-05-12,2025-05-22,2025-05-12,1,2.5,TI995AAA2526,2.5,AARQ250034,2691.45,05AAECK5765H1ZE,5,17011420,0,110,0,KANHA JI DISTRIBUTORS,file2_2025-apr-sep
MUSTARD OIL 1 L (P)-T,सरसों का तेल 1 लीटर,2026-05-01,2025-05-22,2025-05-06,1,2.5,TI995AAA2526,2.5,N2B2500036,1902.73,05AAECK5765H1ZE,5,15149920,0,175,0,KANHA JI DISTRIBUTORS,file2_2025-apr-sep
TOOTHBRUSH NORMAL HANGER (336 PC) - T,टूथब्रश नॉर्मल हैंगर 336 नग,2030-04-07,2025-05-22,2025-04-08,1,9,TI995AAA2526,9,080425NL,2680.2,05AAECK5765H1ZE,18,96032100,0,10,0,KANHA JI DISTRIBUTORS,file2_2025-apr-sep
HERBAL WASH DETERGENT POWDER 1 KG,हर्बल वॉश डिटर्जेंट पाउडर 1 किग्रा,2030-05-05,2025-05-22,2025-05-06,1,9,TI995AAA2526,9,AM92500039,1517.48,05AAECK5765H1ZE,18,34029011,0,70,0,KANHA JI DISTRIBUTORS,file2_2025-apr-sep
GREEN FLUSH TOILET CLEANER LOW Hcl-500ML,ग्रीन फ्लश टॉयलेट क्लीनर (लो HCl) 500 मि.ली.,2027-04-29,2025-05-22,2025-04-29,1,9,TI995AAA2526,9,ABHE250008,1625.57,05AAECK5765H1ZE,18,34029092,0,95,0,KANHA JI DISTRIBUTORS,file2_2025-apr-sep
ATTA NOODLES DESI MASALA 60 GM (96 PC)-T,आटा नूडल्स देसी मसाला 60 ग्राम (96 नग),2026-01-14,2025-05-22,2025-04-19,2,6,TI995AAA2526,6,DM190425,1845.04,05AAECK5765H1ZE,12,19022090,0,12,0,KANHA JI DISTRIBUTORS,file2_2025-apr-sep
AMLA JUICE 1 L (NEW),आंवला रस 1 लीटर (नया),2026-05-15,2025-05-22,2025-05-15,1,6,TI995AAA2526,6,ACCT250011,1263.38,05AAECK5765H1ZE,12,30049011,0,150,0,KANHA JI DISTRIBUTORS,file2_2025-apr-sep
DIVYA ARJUN GHANVATI 3 U X 20 N,दिव्य अर्जुन घनवटी 3 यूनिट × 20 नग,2028-02-19,2025-05-22,2025-03-06,20,6,TI996AAA2526,6,ADAG250005,3000.03,05AAECK5765H1ZE,12,30049011,0,180,0,KANHA JI DISTRIBUTORS,file2_2025-apr-sep
DIVYA ARSHKALP VATI - 40 TAB,दिव्य अर्शकल्प वटी 40 टैबलेट,2028-02-14,2025-05-22,2025-03-01,20,6,TI996AAA2526,6,BAKV250025,749.95,05AAECK5765H1ZE,12,30049011,0,45,0,KANHA JI DISTRIBUTORS,file2_2025-apr-sep
KESH KANTI ADV.H.HAIR EXPERTOIL-30ML T.O,केश कान्ति एडवांस हेयर एक्सपर्ट ऑयल 30 मि.ली. (ट्रेड ऑफर),2027-01-27,2025-05-22,2025-01-27,24,9,TI996AAA2526,9,ABHX250001,1679.38,05AAECK5765H1ZE,18,33059019,0,100,0,KANHA JI DISTRIBUTORS,file2_2025-apr-sep
DIVYA CYSTOGRIT 3 U X 20 N,दिव्य सिस्टोग्रिट 3 यूनिट × 20 नग,2028-02-01,2025-05-22,2025-03-01,20,6,TI996AAA2526,6,BCTT250007,4500,05AAECK5765H1ZE,12,30049011,0,300,0,KANHA JI DISTRIBUTORS,file2_2025-apr-sep
ALOEVERA MIXED FRUIT JAM 500 G,एलोवेरा मिक्स्ड फ्रूट जैम 500 ग्राम,2026-04-08,2025-05-28,2025-04-08,1,6,TI1121AAA2526,6,B1O2500004,693.1,05AAECK5765H1ZE,12,20079990,0,70,0,KANHA JI DISTRIBUTORS,file2_2025-apr-sep
DANT KANTI NATURAL(200GX3)BIG SAVER PACK,दंत कान्ति नेचुरल (200 ग्राम × 3) बड़ा बचत पैक,2027-04-27,2025-05-28,2025-05-07,1,9,TI1121AAA2526,9,AAPW250014,5658.9,05AAECK5765H1ZE,18,33061020,0,280,0,KANHA JI DISTRIBUTORS,file2_2025-apr-sep
DANT KANTI DENTAL CREAM (ADV) 2X100-GM,दंत कान्ति डेंटल क्रीम (एडवांस) 100 ग्राम × 2,2026-10-28,2025-05-28,2025-05-06,1,9,TI1121AAA2526,9,AF82500007,4400.08,05AAECK5765H1ZE,18,33061020,0,160,0,KANHA JI DISTRIBUTORS,file2_2025-apr-sep
SUPER DISHWASH BAR-RS10/- (T.O. FREE 3N),सुपर डिशवॉश बार ₹10/- (ट्रेड ऑफर फ्री 3 नग),2028-05-07,2025-05-28,2025-05-08,1,9,TI1121AAA2526,9,AAXY250097,519.67,05AAECK5765H1ZE,18,34011941,0,10,0,KANHA JI DISTRIBUTORS,file2_2025-apr-sep
GILOY JUICE 500 ML,गिलोय रस 500 मि.ली.,2026-04-30,2025-05-28,2025-04-30,1,6,TI1121AAA2526,6,PFY2500007,861.37,05AAECK5765H1ZE,12,30049011,0,90,0,KANHA JI DISTRIBUTORS,file2_2025-apr-sep
ALOEVERA JUICE WITH FIBER 1 L (NEW),एलोवेरा रस (फाइबर युक्त) 1 लीटर (नया),2026-02-08,2025-05-28,2025-05-14,1,6,TI1121AAA2526,6,ACCR250002,1852.97,05AAECK5765H1ZE,12,30049011,0,220,0,KANHA JI DISTRIBUTORS,file2_2025-apr-sep
AMLA JUICE 1 L (NEW),आंवला रस 1 लीटर (नया),2026-05-15,2025-05-28,2025-05-15,1,6,TI1121AAA2526,6,ACCT250011,1263.38,05AAECK5765H1ZE,12,30049011,0,150,0,KANHA JI DISTRIBUTORS,file2_2025-apr-sep
TRADITIONAL WHOLE WHEAT ATTA 10 KG,पारंपरिक गेहूं का आटा 10 किग्रा,2025-08-17,2025-05-28,2025-04-19,1,2.5,TI1121AAA2526,2.5,PDV4250020,2109.55,05AAECK5765H1ZE,5,11010000,0,480,0,KANHA JI DISTRIBUTORS,file2_2025-apr-sep
MARIE BISCUIT 70 GM,मैरी बिस्किट 70 ग्राम,2025-11-15,2025-05-28,2025-05-19,1,9,TI1121AAA2526,9,EN25/BP1,409.51,05AAECK5765H1ZE,18,19053100,0,10,0,KANHA JI DISTRIBUTORS,file2_2025-apr-sep
TRADT. W.W CHAKKI ATTA W.BRAN 5 KG_ROI,पारंपरिक गेहूं चक्की आटा विद ब्रान 5 किग्रा (ROI),2025-09-11,2025-05-28,2025-05-14,1,2.5,TI1121AAA2526,2.5,PDAEZ25001,1318.46,05AAECK5765H1ZE,5,11010000,0,250,0,KANHA JI DISTRIBUTORS,file2_2025-apr-sep
DIVYA MAHAMANJISTHADI KW. PRA.- 450ML,दिव्य महामंजिष्ठादि क्वाथ प्रायोगिक 450 मि.ली.,2035-01-17,2025-05-28,2025-03-10,20,2.5,TI1121AAA2526,2.5,MMP250003,1755,05AAECK5765H1ZE,5,30049011,0,135,0,KANHA JI DISTRIBUTORS,file2_2025-apr-sep
KESH KANTI HERBAL MEHANDI (NAT. BLACK)-T,केश कान्ति हर्बल मेहंदी (नेचुरल ब्लैक),2026-03-27,2025-05-28,2025-04-01,40,9,TI1121AAA2526,9,ANBL250094,636.73,05AAECK5765H1ZE,18,33059090,0,20,0,KANHA JI DISTRIBUTORS,file2_2025-apr-sep
TEJUS TAILUM 100 ML,तेजस तैलम 100 मि.ली.,2027-03-24,2025-05-28,2025-03-24,25,9,TI1121AAA2526,9,AAO2500005,1591.53,05AAECK5765H1ZE,18,33059019,0,75,0,KANHA JI DISTRIBUTORS,file2_2025-apr-sep
DIVYA ARVINDASAVA - 225ML,दिव्य अरविंदासव 225 मि.ली.,2034-03-10,2025-05-28,2024-05-01,20,2.5,TI1121AAA2526,2.5,AVS240002,1494.91,05AAECK5765H1ZE,5,30049011,0,115,0,KANHA JI DISTRIBUTORS,file2_2025-apr-sep
DIVYA GULAB JAL 120 ML - T (90 PC),दिव्य गुलाब जल 120 मि.ली. (90 नग),2026-03-15,2025-05-28,2025-04-15,30,9,TI1121AAA2526,9,BGLJ250021,1102.36,05AAECK5765H1ZE,18,33030020,0,45,0,KANHA JI DISTRIBUTORS,file2_2025-apr-sep
MADHURAM 1 KG,मधुरम गुड़ पाउडर 1 किग्रा,2026-05-20,2025-07-02,2025-05-20,1,2.5,TI1753AAA2526,2.5,AHG2500107,2181.38,05AAECK5765H1ZE,5,17011410,0,85,0,KANHA JI DISTRIBUTORS,file2_2025-apr-sep
ATTA NOODLES DESI MASALA 60 GM (96 PC)-T,आटा नूडल्स देसी मसाला 60 ग्राम (96 नग),2026-03-10,2025-07-02,2025-06-13,1,6,TI1753AAA2526,6,DM130625,922.52,05AAECK5765H1ZE,12,19022090,0,12,0,KANHA JI DISTRIBUTORS,file2_2025-apr-sep
POHA 1 KG -T,पोहा 1 किग्रा,2025-11-27,2025-07-02,2025-05-31,1,2.5,TI1753AAA2526,2.5,BPRP250040,1450.05,05AAECK5765H1ZE,5,19041020,0,85,0,KANHA JI DISTRIBUTORS,file2_2025-apr-sep
PUSHTAHAR DALIA 500 G,पुष्टाहार दलिया 500 ग्राम,2026-03-09,2025-07-02,2025-06-12,1,2.5,TI1753AAA2526,2.5,PDCQ250043,1248.66,05AAECK5765H1ZE,5,11031900,0,50,0,KANHA JI DISTRIBUTORS,file2_2025-apr-sep
GROUNDNUT OIL 1 LTR (P),मूंगफली का तेल 1 लीटर,2026-02-17,2025-07-02,2025-05-23,1,2.5,TI1753AAA2526,2.5,ORQ2500025,2011.46,05AAECK5765H1ZE,5,15089091,0,185,0,KANHA JI DISTRIBUTORS,file2_2025-apr-sep
RICE BRAN OIL 1 LTR (P),चावल की भूसी का तेल 1 लीटर,2026-02-17,2025-07-02,2025-05-23,1,2.5,TI1753AAA2526,2.5,ORE2500033,1793.99,05AAECK5765H1ZE,5,15159040,0,165,0,KANHA JI DISTRIBUTORS,file2_2025-apr-sep
GONYLE FLOOR CLEANER - 5 LTR,गोनाइल फ्लोर क्लीनर 5 लीटर,2026-05-13,2025-07-02,2025-06-13,1,9,TI1753AAA2526,9,0407/25-26,1120.43,05AAECK5765H1ZE,18,38084000,0,330,0,KANHA JI DISTRIBUTORS,file2_2025-apr-sep
MUSTARD OIL 1 L (B)-T,सरसों का तेल 1 लीटर,2026-11-20,2025-07-02,2025-06-18,1,2.5,TI1753AAA2526,2.5,N1B2500073,2002.76,05AAECK5765H1ZE,5,15149920,0,190,0,KANHA JI DISTRIBUTORS,file2_2025-apr-sep
SESAME OIL 1 L (B)-T,तिल का तेल 1 लीटर,2026-03-10,2025-07-02,2025-06-13,1,2.5,TI1753AAA2526,2.5,JACQ250049,2528.3,05AAECK5765H1ZE,5,15155091,0,260,0,KANHA JI DISTRIBUTORS,file2_2025-apr-sep
MUSTARD OIL 1 LTR. (P),सरसों का तेल 1 लीटर,2026-05-28,2025-07-02,2025-06-02,6,2.5,TI1753AAA2526,2.5,K2B2500008,11691.03,05AAECK5765H1ZE,5,15149920,0,185,0,KANHA JI DISTRIBUTORS,file2_2025-apr-sep
CORIANDER POWDER 200 GM,धनिया पाउडर 200 ग्राम,2026-05-08,2025-07-02,2025-05-08,1,2.5,TI1753AAA2526,2.5,AJE2500010,1151.68,05AAECK5765H1ZE,5,9092200,0,60,0,KANHA JI DISTRIBUTORS,file2_2025-apr-sep
GILOY JUICE 500 ML,गिलोय रस 500 मि.ली.,2026-05-09,2025-07-02,2025-05-09,1,6,TI1753AAA2526,6,PFY2500009,758,05AAECK5765H1ZE,12,30049011,0,90,0,KANHA JI DISTRIBUTORS,file2_2025-apr-sep
ALOEVERA JUICE WITH FIBER 1 L (NEW),एलोवेरा रस (फाइबर युक्त) 1 लीटर (नया),2026-02-22,2025-07-02,2025-05-28,2,6,TI1753AAA2526,6,ACCR250051,3705.95,05AAECK5765H1ZE,12,30049011,0,220,0,KANHA JI DISTRIBUTORS,file2_2025-apr-sep
DIVYA SWASARI PRAVAHI - 250 ML - T,दिव्य स्वासारी प्रवाही 250 मि.ली.,2028-04-01,2025-07-02,2025-05-01,1,6,TI1753AAA2526,6,BSSP250020,2635.14,05AAECK5765H1ZE,12,30049011,0,85,0,KANHA JI DISTRIBUTORS,file2_2025-apr-sep
COWS GHEE 1 L - T,गाय का घी 1 लीटर,2026-03-24,2025-07-02,2025-06-27,5,6,TI1753AAA2526,6,FAWC250166,50447.04,05AAECK5765H1ZE,12,4059020,0,730,0,KANHA JI DISTRIBUTORS,file2_2025-apr-sep
COWS GHEE 500 ML - T,गाय का घी 500 मि.ली.,2026-03-07,2025-07-02,2025-06-10,2,6,TI1753AAA2526,6,FAWD250041,21561.12,05AAECK5765H1ZE,12,4059020,0,390,0,KANHA JI DISTRIBUTORS,file2_2025-apr-sep
DIVYA WEIGHTGO TABLET 60 N -T,दिव्य वेटगो टैबलेट 60 नग,2028-03-31,2025-07-02,2025-04-30,5,6,TI1753AAA2526,6,DWG250008,1125,05AAECK5765H1ZE,12,30049011,0,300,0,KANHA JI DISTRIBUTORS,file2_2025-apr-sep
DIVYA TRIPHALA GUGGUL- 40 TAB,दिव्य त्रिफला गुग्गुल 40 टैबलेट,2030-03-15,2025-07-02,2025-04-15,20,2.5,TI1753AAA2526,2.5,BTPG250014,666.75,05AAECK5765H1ZE,5,30049011,0,40,0,KANHA JI DISTRIBUTORS,file2_2025-apr-sep
CHANDRAPRABHA VATI - 40 TAB,चंद्रप्रभा वटी 40 टैबलेट,2030-01-31,2025-07-02,2025-02-28,20,2.5,TI1753AAA2526,2.5,BCPV250042,716.73,05AAECK5765H1ZE,5,30049011,0,43,0,KANHA JI DISTRIBUTORS,file2_2025-apr-sep
TRIPHALA CHURNA -100GM,त्रिफला चूर्ण 100 ग्राम,2027-05-02,2025-07-02,2025-06-02,25,2.5,TI1753AAA2526,2.5,ATPC250063,749.97,05AAECK5765H1ZE,5,30049011,0,40,0,KANHA JI DISTRIBUTORS,file2_2025-apr-sep
GILOY GHAN VATI 60 PC (NEW),गिलोय घन वटी 60 नग (नया),2027-04-16,2025-07-02,2025-05-16,24,6,TI1753AAA2526,6,AAI2500038,1722.82,05AAECK5765H1ZE,12,30049011,0,100,0,KANHA JI DISTRIBUTORS,file2_2025-apr-sep
WHITE LILY ADVANCE BEAUTY BAR-75 G,व्हाइट लिली एडवांस ब्यूटी बार 75 ग्राम,2026-04-30,2025-07-02,2024-04-30,1,9,TI1753AAA2526,9,ABSH240004,4489.29,05AAECK5765H1ZE,18,34011941,0,40,0,KANHA JI DISTRIBUTORS,file2_2025-apr-sep
NAVRATNA ATTA 2 KG,नवरत्न आटा 2 किग्रा,2025-12-04,2025-07-02,2025-06-07,1,2.5,TI1753AAA2526,2.5,AHV2500021,3083.66,05AAECK5765H1ZE,5,11010000,0,180,0,KANHA JI DISTRIBUTORS,file2_2025-apr-sep
HERBAL WASH DETERGENT POWDER 1 KG-T,हर्बल वॉश डिटर्जेंट पाउडर 1 किग्रा,2030-05-13,2025-07-02,2025-05-14,1,9,TI1753AAA2526,9,BM92500023,1517.48,05AAECK5765H1ZE,18,34029011,0,70,0,KANHA JI DISTRIBUTORS,file2_2025-apr-sep
TRADT. W.W CHAKKI ATTA W.BRAN 5 KG_ROI,पारंपरिक गेहूं चक्की आटा विद ब्रान 5 किग्रा (ROI),2025-09-15,2025-07-02,2025-05-18,1,2.5,TI1753AAA2526,2.5,PDAEZ25003,1284.82,05AAECK5765H1ZE,5,11010000,0,250,0,KANHA JI DISTRIBUTORS,file2_2025-apr-sep
TRADT. W.W CHAKKI ATTA W.BRAN 10 KG_ROI,पारंपरिक गेहूं चक्की आटा विद ब्रान 10 किग्रा (ROI),2025-09-12,2025-07-02,2025-05-15,1,2.5,TI1753AAA2526,2.5,PDAFD25002,1233.44,05AAECK5765H1ZE,5,11010000,0,480,0,KANHA JI DISTRIBUTORS,file2_2025-apr-sep
COCONUT OIL-100 ML (B),नारियल तेल 100 मि.ली.,2026-06-14,2025-06-11,2025-03-21,24,2.5,TI1363AAA2526,2.5,ABEA250003,819,05AAECK5765H1ZE,5,15131900,0,40,0,KANHA JI DISTRIBUTORS,file2_2025-apr-sep
SAUNDARYA ALOEVERA GEL K. CHANDAN 150 ML,सौंदर्य एलोवेरा जेल केसर-चंदन 150 मि.ली.,2026-10-24,2025-06-11,2025-05-02,24,9,TI1363AAA2526,9,AAHV250025,2249.17,05AAECK5765H1ZE,18,33049910,0,120,0,KANHA JI DISTRIBUTORS,file2_2025-apr-sep
SAUNDARYA ALOEVERA GEL K.CHANDAN 60 ML,सौंदर्य एलोवेरा जेल केसर-चंदन 60 मि.ली.,2026-10-27,2025-06-11,2025-05-05,24,9,TI1363AAA2526,9,AAHU250008,1124.59,05AAECK5765H1ZE,18,33049910,0,60,0,KANHA JI DISTRIBUTORS,file2_2025-apr-sep
FIG (ANJEER) 250 GM (MONO),अंजीर 250 ग्राम,2025-11-02,2025-06-11,2025-05-06,2,6,TI1363AAA2526,6,AARX250011,894.54,05AAECK5765H1ZE,12,8042090,0,500,0,KANHA JI DISTRIBUTORS,file2_2025-apr-sep
DANT KANTI JUNIOR TP.(STRAWBERY)-80G C.O,दंत कान्ति जूनियर टूथपेस्ट (स्ट्रॉबेरी) 80 ग्राम (कॉम्बो ऑफर),2027-03-19,2025-06-11,2025-03-19,24,9,TI1363AAA2526,9,ABRS250002,1835.14,05AAECK5765H1ZE,18,33061020,0,100,0,KANHA JI DISTRIBUTORS,file2_2025-apr-sep
BANDHANI HING 50 GM (NEW) - T,बंधनी हींग 50 ग्राम (नया),2026-09-24,2025-06-11,2025-04-02,24,2.5,TI1363AAA2526,2.5,CASY250004,2034.14,05AAECK5765H1ZE,5,13019013,0,120,0,KANHA JI DISTRIBUTORS,file2_2025-apr-sep
SHILAJIT - 11 GM (STRIP),शिलाजीत स्ट्रिप 11 ग्राम,2027-04-15,2025-06-11,2025-04-25,20,6,TI1363AAA2526,6,AASO250011,1403.78,05AAECK5765H1ZE,12,30049011,0,100,0,KANHA JI DISTRIBUTORS,file2_2025-apr-sep
HERBAL FACIAL FOAM 60 GM,हर्बल फेशियल फोम 60 ग्राम,2027-05-05,2025-06-11,2025-05-15,24,9,TI1363AAA2526,9,AJN2500004,1283.46,05AAECK5765H1ZE,18,34013090,0,70,0,KANHA JI DISTRIBUTORS,file2_2025-apr-sep
SUN SCREEN CREAM SPF30- 50GM,सन स्क्रीन क्रीम SPF-30 50 ग्राम,2027-05-07,2025-06-11,2025-05-17,24,9,TI1363AAA2526,9,AJW2500004,1731.48,05AAECK5765H1ZE,18,33049910,0,100,0,KANHA JI DISTRIBUTORS,file2_2025-apr-sep
ALOEVERA GEL FACE WASH 60 ML,एलोवेरा जेल फेस वॉश 60 मि.ली.,2027-02-17,2025-06-11,2025-02-27,24,9,TI1363AAA2526,9,AATK250002,1283.46,05AAECK5765H1ZE,18,34013090,0,70,0,KANHA JI DISTRIBUTORS,file2_2025-apr-sep
ALMOND (BADAM) 250 GM (MONO),बादाम 250 ग्राम,2025-11-09,2025-06-11,2025-05-13,2,6,TI1363AAA2526,6,AART250016,653,05AAECK5765H1ZE,12,8021100,0,365,0,KANHA JI DISTRIBUTORS,file2_2025-apr-sep
MAKHANA 250 GM,मखाना 250 ग्राम,2026-02-12,2025-06-11,2025-04-18,10,2.5,TI1363AAA2526,2.5,AALI250023,4350.15,05AAECK5765H1ZE,5,8029000,0,485,0,KANHA JI DISTRIBUTORS,file2_2025-apr-sep
ALOEVERA JUICE WITH FIBER 1 L (NEW),एलोवेरा रस (फाइबर युक्त) 1 लीटर (नया),2026-02-08,2025-06-11,2025-05-14,1,6,TI1362AAA2526,6,ACCR250002,1852.97,05AAECK5765H1ZE,12,30049011,0,220,0,KANHA JI DISTRIBUTORS,file2_2025-apr-sep
AMLA JUICE 1 L (NEW),आंवला रस 1 लीटर (नया),2026-05-27,2025-06-11,2025-05-27,1,6,TI1362AAA2526,6,ACCT250027,1263.38,05AAECK5765H1ZE,12,30049011,0,150,0,KANHA JI DISTRIBUTORS,file2_2025-apr-sep
KARELA JAMUN 50-50 JUICE - 500 ML,करेला-जामुन 50-50 रस 500 मि.ली.,2026-05-09,2025-06-11,2025-05-09,1,6,TI1362AAA2526,6,ABPB250012,1435.66,05AAECK5765H1ZE,12,30049011,0,150,0,KANHA JI DISTRIBUTORS,file2_2025-apr-sep
HONEY 500 G,शहद 500 ग्राम,2026-11-10,2025-06-11,2025-05-19,1,2.5,TI1362AAA2526,2.5,BCM2500030,2855.16,05AAECK5765H1ZE,5,4090000,0,210,0,KANHA JI DISTRIBUTORS,file2_2025-apr-sep
DIVYA ABHYARISHTA 450ML,दिव्य अभयारिष्ट 450 मि.ली.,2035-04-20,2025-06-11,2025-03-20,1,2.5,TI1362AAA2526,2.5,ABY250012,1885.05,05AAECK5765H1ZE,5,30049011,0,145,0,KANHA JI DISTRIBUTORS,file2_2025-apr-sep
COWS GHEE 1 L,गाय का घी 1 लीटर,2026-01-27,2025-06-11,2025-05-02,1,6,TI1362AAA2526,6,NAWC250105,9674.78,05AAECK5765H1ZE,12,4059020,0,700,0,KANHA JI DISTRIBUTORS,file2_2025-apr-sep
COWS GHEE 500 ML,गाय का घी 500 मि.ली.,2026-02-03,2025-06-11,2025-05-09,1,6,TI1362AAA2526,6,NAWD250107,10780.56,05AAECK5765H1ZE,12,4059020,0,390,0,KANHA JI DISTRIBUTORS,file2_2025-apr-sep
COCONUT OIL 200 ML (J),नारियल तेल 200 मि.ली.,2026-07-13,2025-06-11,2025-05-13,1,2.5,TI1362AAA2526,2.5,AAU2500008,2680.78,05AAECK5765H1ZE,5,15131900,0,90,0,KANHA JI DISTRIBUTORS,file2_2025-apr-sep
SENDHA NAMAK 1 KG - T,सेंधा नमक 1 किग्रा,2027-02-19,2025-06-11,2025-03-01,1,0,TI1362AAA2526,0,SRS25/03,1009,05AAECK5765H1ZE,0,25010010,0,60,0,KANHA JI DISTRIBUTORS,file2_2025-apr-sep
HERBO WASH DETERGENT POWDER 1 KG-T,हर्बो वॉश डिटर्जेंट पाउडर 1 किग्रा,2030-04-09,2025-06-11,2025-04-10,1,9,TI1362AAA2526,9,BN52500013,1842.87,05AAECK5765H1ZE,18,34029011,0,85,0,KANHA JI DISTRIBUTORS,file2_2025-apr-sep
SUPER DISHWASH BAR-RS10/- (T.O. FREE 3N),सुपर डिशवॉश बार ₹10/- (ट्रेड ऑफर फ्री 3 नग),2028-05-25,2025-06-11,2025-05-26,1,9,TI1362AAA2526,9,AAXY250112,519.67,05AAECK5765H1ZE,18,34011941,0,10,0,KANHA JI DISTRIBUTORS,file2_2025-apr-sep
SUPER DISHWASH BAR-225 G B3G1 FREE,सुपर डिशवॉश बार 225 ग्राम (खरीदो 3 पाओ 1 मुफ्त),2028-05-26,2025-06-11,2025-05-27,1,9,TI1362AAA2526,9,AAXW250033,673.45,05AAECK5765H1ZE,18,34011990,0,72,0,KANHA JI DISTRIBUTORS,file2_2025-apr-sep
DOODH BISCUIT 70 GM (100 PC),दूध बिस्किट 70 ग्राम (100 नग),2025-12-01,2025-06-11,2025-06-04,1,9,TI1362AAA2526,9,F325/BP1,853.14,05AAECK5765H1ZE,18,19053100,0,10,0,KANHA JI DISTRIBUTORS,file2_2025-apr-sep
DOODH BISCUIT 35 GM (200 PC),दूध बिस्किट 35 ग्राम (200 नग),2025-12-04,2025-06-11,2025-06-07,1,9,TI1362AAA2526,9,FB25/BP1,851.96,05AAECK5765H1ZE,18,19053100,0,5,0,KANHA JI DISTRIBUTORS,file2_2025-apr-sep
HERBAL POWERVITA PLUS - 500 GM REFILL -T,हर्बल पावरवीटा प्लस 500 ग्राम रीफिल,2026-01-07,2025-06-11,2025-04-12,1,9,TI1362AAA2526,9,ASZ2500006,3981.51,05AAECK5765H1ZE,18,19019090,0,205,0,KANHA JI DISTRIBUTORS,file2_2025-apr-sep
DALIA 500 G,दलिया 500 ग्राम,2025-11-18,2025-06-11,2025-05-22,1,2.5,TI1362AAA2526,2.5,PDCS250135,873.15,05AAECK5765H1ZE,5,11031900,0,35,0,KANHA JI DISTRIBUTORS,file2_2025-apr-sep
MUSTARD OIL 1 L (P)-T,सरसों का तेल 1 लीटर,2026-05-17,2025-06-11,2025-05-22,2,2.5,TI1362AAA2526,2.5,N2B2500041,3805.45,05AAECK5765H1ZE,5,15149920,0,175,0,KANHA JI DISTRIBUTORS,file2_2025-apr-sep
FORTIFIED SUNFLOWER OIL 1 LTR (P) - T,फोर्टिफाइड सूरजमुखी तेल 1 लीटर,2026-02-06,2025-06-11,2025-05-12,1,2.5,TI1362AAA2526,2.5,BR2A250017,1885.09,05AAECK5765H1ZE,5,15121910,0,175,0,KANHA JI DISTRIBUTORS,file2_2025-apr-sep
FORTIFIED SOYABEAN OIL 1 LTR (P) - T,फोर्टिफाइड सोयाबीन तेल 1 लीटर,2025-12-22,2025-06-11,2025-03-27,1,2.5,TI1362AAA2526,2.5,BR2B250006,1777.36,05AAECK5765H1ZE,5,15079010,0,165,0,KANHA JI DISTRIBUTORS,file2_2025-apr-sep
MUSTARD OIL 5 L (J)-T,सरसों का तेल 5 लीटर,2026-05-14,2025-06-11,2025-05-19,1,2.5,TI1362AAA2526,2.5,N3B2500020,3323.8,05AAECK5765H1ZE,5,15149920,0,900,0,KANHA JI DISTRIBUTORS,file2_2025-apr-sep
SESAME OIL 1 L (B)-T,तिल का तेल 1 लीटर,2026-02-13,2025-06-11,2025-05-19,1,2.5,TI1362AAA2526,2.5,JACQ250044,2528.3,05AAECK5765H1ZE,5,15155091,0,260,0,KANHA JI DISTRIBUTORS,file2_2025-apr-sep
CREAMFEAST CHOCO BISCUIT 32.5 GM,क्रीमफीस्ट चोको बिस्किट 32.5 ग्राम,2025-11-27,2025-06-11,2025-05-31,1,9,TI1362AAA2526,9,EV25/BP1,613.41,05AAECK5765H1ZE,18,19053100,0,5,0,KANHA JI DISTRIBUTORS,file2_2025-apr-sep
CREAMFEAST ORANGE BISCUIT 32.5 GM,क्रीमफीस्ट ऑरेंज बिस्किट 32.5 ग्राम,2025-10-24,2025-06-11,2025-04-27,1,9,TI1362AAA2526,9,DT25/BP1,613.41,05AAECK5765H1ZE,18,19053100,0,5,0,KANHA JI DISTRIBUTORS,file2_2025-apr-sep
SPECIAL CHYAWANPRASH 500 G,विशेष च्यवनप्राश 500 ग्राम,2027-11-21,2025-06-11,2024-12-06,1,6,TI1362AAA2526,6,ADA2400010,3541.17,05AAECK5765H1ZE,12,30049011,0,185,0,KANHA JI DISTRIBUTORS,file2_2025-apr-sep
KESH KANTI ADV. H.H. EXPERT SHAMPO-100ML,केश कान्ति एडवांस हेयर एक्सपर्ट शैम्पू 100 मि.ली.,2027-04-30,2025-07-09,2025-04-30,1,9,TI1897AAA2526,9,AAWT250005,3116.76,05AAECK5765H1ZE,18,33051090,0,120,0,KANHA JI DISTRIBUTORS,file2_2025-apr-sep
GONYLE FLOOR CLEANER - 1 LTR,गोनाइल फ्लोर क्लीनर 1 लीटर,2026-05-25,2025-07-09,2025-06-25,2,9,TI1897AAA2526,9,2079/25-26,1425.91,05AAECK5765H1ZE,18,38084000,0,70,0,KANHA JI DISTRIBUTORS,file2_2025-apr-sep
AMLA JUICE 1 L (NEW),आंवला रस 1 लीटर (नया),2026-06-17,2025-07-09,2025-06-17,1,6,TI1897AAA2526,6,ACCT250050,1263.38,05AAECK5765H1ZE,12,30049011,0,150,0,KANHA JI DISTRIBUTORS,file2_2025-apr-sep
FORTIFIED SUNFLOWER OIL 1 LTR (P) - T,फोर्टिफाइड सूरजमुखी तेल 1 लीटर,2026-03-16,2025-07-09,2025-06-19,1,2.5,TI1897AAA2526,2.5,BR2A250021,1885.09,05AAECK5765H1ZE,5,15121910,0,175,0,KANHA JI DISTRIBUTORS,file2_2025-apr-sep
KALA CHANA 1000 GM (R1),काला चना 1000 ग्राम,2026-03-04,2025-07-09,2025-06-07,1,2.5,TI1897AAA2526,2.5,BPRKC25011,944.9,05AAECK5765H1ZE,5,7135000,0,122,0,KANHA JI DISTRIBUTORS,file2_2025-apr-sep
KARELA JAMUN 50-50 JUICE - 500 ML,करेला-जामुन 50-50 रस 500 मि.ली.,2026-06-13,2025-07-09,2025-06-13,2,6,TI1897AAA2526,6,ABPB250014,2526.77,05AAECK5765H1ZE,12,30049011,0,150,0,KANHA JI DISTRIBUTORS,file2_2025-apr-sep
SUPER DISHWASH BAR-RS10/- (T.O. FREE 3N),सुपर डिशवॉश बार ₹10/- (ट्रेड ऑफर फ्री 3 नग),2028-06-17,2025-07-09,2025-06-18,2,9,TI1897AAA2526,9,AAXY250129,1039.34,05AAECK5765H1ZE,18,34011941,0,10,0,KANHA JI DISTRIBUTORS,file2_2025-apr-sep
SUPER DISHWASH BAR-225 G B3G1 FREE,सुपर डिशवॉश बार 225 ग्राम (खरीदो 3 पाओ 1 मुफ्त),2028-06-15,2025-07-09,2025-06-16,2,9,TI1897AAA2526,9,AAXW250037,1346.9,05AAECK5765H1ZE,18,34011990,0,72,0,KANHA JI DISTRIBUTORS,file2_2025-apr-sep
TRADITIONAL WHOLE WHEAT ATTA 10 KG(UK),पारंपरिक गेहूं का आटा 10 किग्रा (यूके),2025-11-01,2025-07-09,2025-07-04,1,2.5,TI1897AAA2526,2.5,PDBKP25006,1973.21,05AAECK5765H1ZE,5,11010000,0,440,0,KANHA JI DISTRIBUTORS,file2_2025-apr-sep
AASTHA DIVYA HAWAN SAMAGRI 500 GM -T,आस्था दिव्य हवन सामग्री 500 ग्राम,2026-11-25,2025-07-09,2024-12-05,1,2.5,TI1897AAA2526,2.5,AAAS240009,4166.93,05AAECK5765H1ZE,5,33074100,0,100,0,KANHA JI DISTRIBUTORS,file2_2025-apr-sep
DIVYA MEDHA VATI EX.POWER 30X4 TAB,दिव्य मेधा वटी एक्स्ट्रा पावर 30×4 टैबलेट,2030-04-18,2025-07-09,2025-05-18,20,6,TI1896AAA2526,6,BMDE250070,3749.96,05AAECK5765H1ZE,12,30049011,0,250,0,KANHA JI DISTRIBUTORS,file2_2025-apr-sep
DIVYA SITOPALADI CHURNA - 25 GM,दिव्य सितोपलादि चूर्ण 25 ग्राम,2027-02-24,2025-07-09,2025-03-06,50,2.5,TI1896AAA2526,2.5,ASPC250006,1250.03,05AAECK5765H1ZE,5,30049011,0,30,0,KANHA JI DISTRIBUTORS,file2_2025-apr-sep
DATES (KHAJUR) 500 GM,खजूर 500 ग्राम,2025-12-09,2025-07-09,2025-06-12,6,6,TI1896AAA2526,6,AAYC250030,1717.5,05AAECK5765H1ZE,12,20019000,0,320,0,KANHA JI DISTRIBUTORS,file2_2025-apr-sep
NEEM GHAN VATI 60 TAB,नीम घन वटी 60 टैबलेट,2027-04-14,2025-07-09,2025-05-14,24,6,TI1896AAA2526,6,AAK2500027,1797.87,05AAECK5765H1ZE,12,30049011,0,100,0,KANHA JI DISTRIBUTORS,file2_2025-apr-sep
DIVYA SHUDDHI CHURNA 100 GM - T,दिव्य शुद्धि चूर्ण 100 ग्राम,2027-03-15,2025-07-09,2025-04-15,25,6,TI1896AAA2526,6,ADSC250016,2343.87,05AAECK5765H1ZE,12,30049011,0,125,0,KANHA JI DISTRIBUTORS,file2_2025-apr-sep
RAISINS 250 GM (MONO),किशमिश 250 ग्राम,2025-12-08,2025-07-09,2025-06-11,15,2.5,TI1896AAA2526,2.5,AARV250019,2152.71,05AAECK5765H1ZE,5,8062090,0,160,0,KANHA JI DISTRIBUTORS,file2_2025-apr-sep
DIVYA DHARA 10 ML (800 PC),दिव्य धारा 10 मि.ली. (800 नग),2028-03-28,2025-07-09,2025-04-01,30,6,TI1896AAA2526,6,ADYD250010,1012.42,05AAECK5765H1ZE,12,30049011,0,45,0,KANHA JI DISTRIBUTORS,file2_2025-apr-sep
KESH KANTI ADV.H.HAIR EXPERTOIL-30ML T.O,केश कान्ति एडवांस हेयर एक्सपर्ट ऑयल 30 मि.ली. (ट्रेड ऑफर),2027-05-14,2025-07-09,2025-05-14,36,9,TI1896AAA2526,9,ABHX250004,2519.06,05AAECK5765H1ZE,18,33059019,0,100,0,KANHA JI DISTRIBUTORS,file2_2025-apr-sep
KESH K. REETHA HAIR CLEANSER 180ML T.O.,केश कान्ति रीठा हेयर क्लींज़र 180 मि.ली. (ट्रेड ऑफर),2027-04-18,2025-07-09,2025-04-18,18,9,TI1896AAA2526,9,ABTZ250008,1686.88,05AAECK5765H1ZE,18,33051090,0,120,0,KANHA JI DISTRIBUTORS,file2_2025-apr-sep
DIVYA PEY - 100 GM - T,दिव्य पेय 100 ग्राम,2027-03-28,2025-07-09,2025-04-28,50,2.5,TI1896AAA2526,2.5,ADYP250012,2812.32,05AAECK5765H1ZE,5,9022090,0,75,0,KANHA JI DISTRIBUTORS,file2_2025-apr-sep
BALM 25 GM (144 PC),बाम 25 ग्राम (144 नग),2028-06-03,2025-07-09,2025-06-04,36,6,TI1896AAA2526,6,AV12500009,1584.98,05AAECK5765H1ZE,12,30049011,0,60,0,KANHA JI DISTRIBUTORS,file2_2025-apr-sep
SAUNDARYA ALOEVERA GEL 150ML C.O.FAG20RS,सौंदर्य एलोवेरा जेल 150 मि.ली. (कॉम्बो ऑफर ₹20),2026-11-21,2025-07-09,2025-05-23,20,9,TI1896AAA2526,9,ACCG250053,1561.85,05AAECK5765H1ZE,18,33049910,0,100,0,KANHA JI DISTRIBUTORS,file2_2025-apr-sep
DIVYA MADHUNASHNI VATI EX.POWER 30X4 TAB,दिव्य मधुनाशिनी वटी एक्स्ट्रा पावर 30×4 टैबलेट,2028-03-15,2025-07-09,2025-04-15,20,6,TI1896AAA2526,6,BMNE250098,3374.94,05AAECK5765H1ZE,12,30049011,0,225,0,KANHA JI DISTRIBUTORS,file2_2025-apr-sep
DIVYA MUKTA VATI EXTRA POWER 30X4 TAB,दिव्य मुक्तावटी एक्स्ट्रा पावर 30×4 टैबलेट,2030-03-31,2025-07-09,2025-04-01,20,6,TI1896AAA2526,6,AMUE250087,3374.94,05AAECK5765H1ZE,12,30049011,0,225,0,KANHA JI DISTRIBUTORS,file2_2025-apr-sep
AASTHA BHIMSENI KAPOOR-200G FREEGANGAJAL,आस्था भीमसेनी कपूर 200 ग्राम (फ्री गंगाजल),2027-03-28,2025-07-09,2025-04-28,2,9,TI30171AAA2526,9,ABEB250004,620.82,05AELPS3782C1ZD,18,29142922,0,500,0,DEEPAK TRADERS,file2_2025-apr-sep
AASTHA BHIMSENI KAPOOR 25 G,आस्था भीमसेनी कपूर 25 ग्राम,2027-02-15,2025-07-09,2025-02-25,24,9,TI30171AAA2526,9,ABAK250005,1354.55,05AELPS3782C1ZD,18,29142922,0,80,0,DEEPAK TRADERS,file2_2025-apr-sep
AASTHA CAMPHOR 25 GM,आस्था कपूर 25 ग्राम,2034-10-05,2025-07-09,2024-11-26,24,9,TI30171AAA2526,9,A9D2400057,873.67,05AELPS3782C1ZD,18,29142922,0,60,0,DEEPAK TRADERS,file2_2025-apr-sep
AASTHA LONG COTTONWICK -30 GM,आस्था लंबी रूई बत्ती 30 ग्राम,2027-09-23,2025-07-09,2024-10-08,12,0,TI30171AAA2526,0,ABRP250001,348.36,05AELPS3782C1ZD,0,59080010,0,40,0,DEEPAK TRADERS,file2_2025-apr-sep
AASTHA COTTON WICKS PLAIN 25 GM,आस्था कपास रूई बत्ती 25 ग्राम,2028-04-07,2025-07-09,2025-05-07,40,0,TI30171AAA2526,0,A0M2500015,1158.4,05AELPS3782C1ZD,0,33049940,0,40,0,DEEPAK TRADERS,file2_2025-apr-sep
AASTHA SPECIAL WHITESAGE DHOOP-10 N,आस्था स्पेशल व्हाइट सेज धूप 10 नग,2027-03-09,2025-07-09,2025-03-19,12,2.5,TI30171AAA2526,2.5,ABBD250001,74.09,05AELPS3782C1ZD,5,33074100,0,10,0,DEEPAK TRADERS,file2_2025-apr-sep
AASTHA GUGAL DHOOP -1N,आस्था गुगल धूप 1 नग,2027-05-11,2025-07-09,2025-06-11,12,2.5,TI30171AAA2526,2.5,ABTA250002,88.83,05AELPS3782C1ZD,5,33074100,0,20,0,DEEPAK TRADERS,file2_2025-apr-sep
AASTHA LOBAN DHOOP -1N,आस्था लोबान धूप 1 नग,2026-04-17,2025-07-09,2024-04-27,12,2.5,TI30171AAA2526,2.5,ABSZ240008,88.83,05AELPS3782C1ZD,5,33074100,0,20,0,DEEPAK TRADERS,file2_2025-apr-sep
AASTHA PREMIUM MOGRA DHOOP - 20 N,आस्था प्रीमियम मोगरा धूप 20 नग,2027-04-01,2025-07-09,2025-05-01,12,2.5,TI30171AAA2526,2.5,AAWI250010,266.62,05AELPS3782C1ZD,5,33074100,0,35,0,DEEPAK TRADERS,file2_2025-apr-sep
AASTHA PREMIUM ROSE DHOOP - 20 N,आस्था प्रीमियम गुलाब धूप 20 नग,2027-04-30,2025-07-09,2025-05-30,12,2.5,TI30171AAA2526,2.5,AAWJ250015,266.62,05AELPS3782C1ZD,5,33074100,0,35,0,DEEPAK TRADERS,file2_2025-apr-sep
AASTHA PREMIUM DELUXE DHOOP - 20 N,आस्था प्रीमियम डीलक्स धूप 20 नग,2027-03-31,2025-07-09,2025-04-30,12,2.5,TI30171AAA2526,2.5,AAWF250005,266.62,05AELPS3782C1ZD,5,33074100,0,35,0,DEEPAK TRADERS,file2_2025-apr-sep
AASTHA PREMIUM SANDAL DHOOP - 20 N,आस्था प्रीमियम चंदन धूप 20 नग,2027-03-31,2025-07-09,2025-04-30,12,2.5,TI30171AAA2526,2.5,AAWE250017,266.62,05AELPS3782C1ZD,5,33074100,0,35,0,DEEPAK TRADERS,file2_2025-apr-sep
AASTHA PREMIUM LOBAN DHOOP - 20 N,आस्था प्रीमियम लोबान धूप 20 नग,2027-05-19,2025-07-09,2025-06-19,12,2.5,TI30171AAA2526,2.5,AAWH250013,266.62,05AELPS3782C1ZD,5,33074100,0,35,0,DEEPAK TRADERS,file2_2025-apr-sep
AASTHA PREMIUM GUGAL DHOOP - 20 N,आस्था प्रीमियम गुगल धूप 20 नग,2027-05-24,2025-07-09,2025-06-24,12,2.5,TI30171AAA2526,2.5,AAWG250023,266.62,05AELPS3782C1ZD,5,33074100,0,35,0,DEEPAK TRADERS,file2_2025-apr-sep
AASTHA BACKFLOW DHOOP CONE BUDHA-160 GM,आस्था बैकफ्लो धूप कोन बुद्धा 160 ग्राम,2027-01-31,2025-07-09,2025-02-10,6,2.5,TI30171AAA2526,2.5,ACAG250003,500.03,05AELPS3782C1ZD,5,33074100,0,135,0,DEEPAK TRADERS,file2_2025-apr-sep
AASTHA BACKFLOW DHOOP CONE LOBAN-160 GM,आस्था बैकफ्लो धूप कोन लोबान 160 ग्राम,2026-12-09,2025-07-09,2024-12-19,1,2.5,TI30171AAA2526,2.5,ABSY240024,83.34,05AELPS3782C1ZD,5,33074100,0,135,0,DEEPAK TRADERS,file2_2025-apr-sep
AASTHA BACKFLOW DHOOP CONE LOBAN-160 GM,आस्था बैकफ्लो धूप कोन लोबान 160 ग्राम,2027-02-22,2025-07-09,2025-03-04,5,2.5,TI30171AAA2526,2.5,ABSY250003,416.69,05AELPS3782C1ZD,5,33074100,0,135,0,DEEPAK TRADERS,file2_2025-apr-sep
AASTHA BACKFLOW DHOOP CONE GUGAL-160 GM,आस्था बैकफ्लो धूप कोन गुगल 160 ग्राम,2027-03-14,2025-07-09,2025-03-24,6,2.5,TI30171AAA2526,2.5,ABSX250004,500.03,05AELPS3782C1ZD,5,33074100,0,135,0,DEEPAK TRADERS,file2_2025-apr-sep
AASTHA BACKFLOW DHOOPCONE VRINDAVAN-160G,आस्था बैकफ्लो धूप कोन वृंदावन 160 ग्राम,2027-02-08,2025-07-09,2025-02-18,2,2.5,TI30171AAA2526,2.5,ACBA250008,166.68,05AELPS3782C1ZD,5,33074100,0,135,0,DEEPAK TRADERS,file2_2025-apr-sep
AASTHA BACKFLOW DHOOPCONE VRINDAVAN-160G,आस्था बैकफ्लो धूप कोन वृंदावन 160 ग्राम,2027-02-08,2025-07-09,2025-02-18,4,2.5,TI30171AAA2526,2.5,ACBA250008,333.35,05AELPS3782C1ZD,5,33074100,0,135,0,DEEPAK TRADERS,file2_2025-apr-sep
AASTHA SANDAL DRY DHOOP CONE - 20 GM,आस्था चंदन ड्राई धूप कोन 20 ग्राम,2027-01-10,2025-07-09,2025-01-20,12,2.5,TI30171AAA2526,2.5,AAXG250001,84.67,05AELPS3782C1ZD,5,33074100,0,20,0,DEEPAK TRADERS,file2_2025-apr-sep
AASTHA GUGAL DRY DHOOP CONE - 20 GM,आस्था गुगल ड्राई धूप कोन 20 ग्राम,2026-11-21,2025-07-09,2024-12-01,12,2.5,TI30171AAA2526,2.5,AAXH240011,84.67,05AELPS3782C1ZD,5,33074100,0,20,0,DEEPAK TRADERS,file2_2025-apr-sep
AASTHA MUSK CONE DHOOP - 80 GM,आस्था मस्क कोन धूप 80 ग्राम,2028-04-02,2025-07-09,2025-04-18,6,2.5,TI30171AAA2526,2.5,ABKA250004,179.74,05AELPS3782C1ZD,5,33074100,0,55,0,DEEPAK TRADERS,file2_2025-apr-sep
AASTHA RAJNIGANDHA CONE DHOOP - 80 GM,आस्था रजनीगंधा कोन धूप 80 ग्राम,2028-01-13,2025-07-09,2025-01-28,6,2.5,TI30171AAA2526,2.5,ABJY250001,179.74,05AELPS3782C1ZD,5,33074100,0,55,0,DEEPAK TRADERS,file2_2025-apr-sep
AASTHA CHAMPA CONE DHOOP - 200 GM,आस्था चंपा कोन धूप 200 ग्राम,2026-12-14,2025-07-09,2024-12-24,1,2.5,TI30171AAA2526,2.5,AAUX240049,71.96,05AELPS3782C1ZD,5,33074100,0,120,0,DEEPAK TRADERS,file2_2025-apr-sep
AASTHA CHAMPA CONE DHOOP - 200 GM,आस्था चंपा कोन धूप 200 ग्राम,2027-03-31,2025-07-09,2025-04-30,2,2.5,TI30171AAA2526,2.5,AAUX250010,143.91,05AELPS3782C1ZD,5,33074100,0,120,0,DEEPAK TRADERS,file2_2025-apr-sep
AASTHA KASTURI CONE DHOOP - 200 GM,आस्था कस्तूरी कोन धूप 200 ग्राम,2027-01-31,2025-07-09,2025-02-10,3,2.5,TI30171AAA2526,2.5,ACAH250006,215.87,05AELPS3782C1ZD,5,33074100,0,120,0,DEEPAK TRADERS,file2_2025-apr-sep
AASTHA MOGRA CONE DHOOP - 200 GM,आस्था मोगरा कोन धूप 200 ग्राम,2027-05-10,2025-07-09,2025-06-10,3,2.5,TI30171AAA2526,2.5,ACAI250012,215.87,05AELPS3782C1ZD,5,33074100,0,120,0,DEEPAK TRADERS,file2_2025-apr-sep
AASTHA BOUQUET CONE DHOOP - 200 GM,आस्था बुके कोन धूप 200 ग्राम,2027-03-07,2025-07-09,2025-03-17,3,2.5,TI30171AAA2526,2.5,AAWA250004,215.87,05AELPS3782C1ZD,5,33074100,0,120,0,DEEPAK TRADERS,file2_2025-apr-sep
AASTHA SANDAL CONE DHOOP - 200 GM,आस्था चंदन कोन धूप 200 ग्राम,2027-04-23,2025-07-09,2025-05-23,3,2.5,TI30171AAA2526,2.5,AAUZ250016,215.87,05AELPS3782C1ZD,5,33074100,0,120,0,DEEPAK TRADERS,file2_2025-apr-sep
AASTHA ROSE CONE DHOOP - 200 GM,आस्था गुलाब कोन धूप 200 ग्राम,2027-05-19,2025-07-09,2025-06-19,3,2.5,TI30171AAA2526,2.5,AAUY250019,215.87,05AELPS3782C1ZD,5,33074100,0,120,0,DEEPAK TRADERS,file2_2025-apr-sep
AASTHA MUSK MELON DRY DHOOP STICK-200G,आस्था मस्क मेलन ड्राई धूप स्टिक 200 ग्राम,2027-02-17,2025-07-09,2025-02-27,3,2.5,TI30171AAA2526,2.5,ACBO250003,222.23,05AELPS3782C1ZD,5,33074100,0,120,0,DEEPAK TRADERS,file2_2025-apr-sep
AASTHA MARIGOLD DRY DHOOP STICK-200G,आस्था गेंदा ड्राई धूप स्टिक 200 ग्राम,2026-02-28,2025-07-09,2025-02-28,3,2.5,TI30171AAA2526,2.5,ACBN250004,222.23,05AELPS3782C1ZD,5,33074100,0,120,0,DEEPAK TRADERS,file2_2025-apr-sep
AASTHA VALLEYOFFLOWER DRY DHOOP STK-200G,आस्था वैली ऑफ फ्लावर ड्राई धूप स्टिक 200 ग्राम,2027-02-16,2025-07-09,2025-02-26,3,2.5,TI30171AAA2526,2.5,ACBQ250001,222.23,05AELPS3782C1ZD,5,33074100,0,120,0,DEEPAK TRADERS,file2_2025-apr-sep
AASTHA LAVENDER DRY DHOOP STICK- 200 G,आस्था लैवेंडर ड्राई धूप स्टिक 200 ग्राम,2027-04-19,2025-07-09,2025-05-19,3,2.5,TI30171AAA2526,2.5,ABHS250013,222.23,05AELPS3782C1ZD,5,33074100,0,120,0,DEEPAK TRADERS,file2_2025-apr-sep
AASTHA RAJNIGANDHA DRY DHOOP STICK-200 G,आस्था रजनीगंधा ड्राई धूप स्टिक 200 ग्राम,2027-04-08,2025-07-09,2025-04-18,3,2.5,TI30171AAA2526,2.5,ABHR250013,222.23,05AELPS3782C1ZD,5,33074100,0,120,0,DEEPAK TRADERS,file2_2025-apr-sep
AASTHA SANDAL DRY DHOOP STICK-200 G,आस्था चंदन ड्राई धूप स्टिक 200 ग्राम,2027-03-28,2025-07-09,2025-04-28,3,2.5,TI30171AAA2526,2.5,ABHQ250018,222.23,05AELPS3782C1ZD,5,33074100,0,120,0,DEEPAK TRADERS,file2_2025-apr-sep
AASTHA ROSE DRY DHOOP STICK-200 G,आस्था गुलाब ड्राई धूप स्टिक 200 ग्राम,2027-05-05,2025-07-09,2025-06-05,6,2.5,TI30171AAA2526,2.5,ABHP250015,444.47,05AELPS3782C1ZD,5,33074100,0,120,0,DEEPAK TRADERS,file2_2025-apr-sep
AASTHA COWS GHEE 100 ML - T,आस्था गाय का घी 100 मि.ली.,2025-12-01,2025-07-09,2025-04-01,48,6,TI30171AAA2526,6,NBHO250002,4159.95,05AELPS3782C1ZD,12,4059020,0,102,0,DEEPAK TRADERS,file2_2025-apr-sep
AASTHA COWS GHEE 200 ML - T,आस्था गाय का घी 200 मि.ली.,2026-02-01,2025-07-09,2025-06-01,47,6,TI30171AAA2526,6,NBAI250008,7069.03,05AELPS3782C1ZD,12,4059020,0,165,0,DEEPAK TRADERS,file2_2025-apr-sep
AASTHA GAUMAYA HAWAN KUND -30 N (12PC),आस्था गौमय हवन कुंड 30 नग (12 पैक),2028-03-31,2025-07-09,2025-04-30,12,2.5,TI30171AAA2526,2.5,ACBS250007,2469.1,05AELPS3782C1ZD,5,33074100,0,300,0,DEEPAK TRADERS,file2_2025-apr-sep
AASTHA MUSTARD OIL 200 ML (B)-T,आस्था सरसों का तेल 200 मि.ली.,2026-02-05,2025-07-09,2025-02-10,12,2.5,TI30171AAA2526,2.5,NCAD250001,467.46,05AELPS3782C1ZD,5,15149920,0,43,0,DEEPAK TRADERS,file2_2025-apr-sep
AASTHA DASANGAM 50 GM,आस्था दशांगम 50 ग्राम,2026-02-18,2025-07-09,2023-03-06,12,2.5,TI30171AAA2526,2.5,A6Q2300002,381.78,05AELPS3782C1ZD,5,33074100,0,55,0,DEEPAK TRADERS,file2_2025-apr-sep
AASTHA ASHTAGANDHA -25 GM,आस्था अष्टगंध 25 ग्राम,2029-08-15,2025-07-09,2024-09-10,24,2.5,TI30171AAA2526,2.5,ABVZ240004,588.17,05AELPS3782C1ZD,5,33074900,0,45,0,DEEPAK TRADERS,file2_2025-apr-sep
AASTHA CHANDAN (POUCH)-20G,आस्था चंदन (पाउच) 20 ग्राम,2027-10-02,2025-07-09,2024-10-17,60,0,TI30171AAA2526,0,ABVU240009,370.2,05AELPS3782C1ZD,0,33049940,0,15,0,DEEPAK TRADERS,file2_2025-apr-sep
AASTHA GAUMAYA SAMIDHA 12N -T,आस्था गौमय समिधा 12 नग,2027-02-01,2025-07-09,2025-03-29,24,2.5,TI30171AAA2526,2.5,GSN2500004,966.17,05AELPS3782C1ZD,5,31010091,0,50,0,DEEPAK TRADERS,file2_2025-apr-sep
AASTHA GHEE BATTI - 30N,आस्था घी बत्ती 30 नग,2027-04-22,2025-07-09,2025-05-22,12,6,TI30171AAA2526,6,ABLY250005,841.75,05AELPS3782C1ZD,12,59080010,0,100,0,DEEPAK TRADERS,file2_2025-apr-sep
AASTHA POOJA GOPI CHANDAN 25 GM,आस्था पूजा गोपी चंदन 25 ग्राम,2027-07-17,2025-07-09,2025-01-28,36,0,TI30171AAA2526,0,A8D2500003,648.72,05AELPS3782C1ZD,0,33049940,0,25,0,DEEPAK TRADERS,file2_2025-apr-sep
AASTHA KALAWA -1N,आस्था कलावा 1 नग,2027-08-16,2025-07-09,2024-08-31,12,0,TI30171AAA2526,0,ABXB240001,90.12,05AELPS3782C1ZD,0,52042090,0,15,0,DEEPAK TRADERS,file2_2025-apr-sep
AASTHA KALAWA -1N,आस्था कलावा 1 नग,2027-08-19,2025-07-09,2024-09-03,24,0,TI30171AAA2526,0,ABXB240003,180.24,05AELPS3782C1ZD,0,52042090,0,15,0,DEEPAK TRADERS,file2_2025-apr-sep
AASTHA CHANDAN TIKA 25 GM,आस्था चंदन टीका 25 ग्राम,2027-10-29,2025-07-09,2025-05-29,36,0,TI30171AAA2526,0,A7D2500014,648.72,05AELPS3782C1ZD,0,33049940,0,25,0,DEEPAK TRADERS,file2_2025-apr-sep
AASTHA ROLI 25 GM,आस्था रोली 25 ग्राम,2027-10-30,2025-07-09,2025-05-30,36,0,TI30171AAA2526,0,A6D2500012,648.72,05AELPS3782C1ZD,0,33049940,0,25,0,DEEPAK TRADERS,file2_2025-apr-sep
AASTHA ROLI (POUCH)-20G,आस्था रोली (पाउच) 20 ग्राम,2027-09-18,2025-07-09,2024-10-03,60,0,TI30171AAA2526,0,ABVT240010,370.2,05AELPS3782C1ZD,0,33049940,0,15,0,DEEPAK TRADERS,file2_2025-apr-sep
AASTHA SAMBRANI CUP,आस्था संभरणी कप,2030-04-14,2025-07-09,2025-05-14,20,2.5,TI30171AAA2526,2.5,A5R2500021,1410.99,05AELPS3782C1ZD,5,33074100,0,100,0,DEEPAK TRADERS,file2_2025-apr-sep
AASTHA SAMBRANI STICK (72 PC),आस्था संभरणी स्टिक (72 नग),2030-03-21,2025-07-09,2025-04-21,4,2.5,TI30171AAA2526,2.5,ABWA250017,218.36,05AELPS3782C1ZD,5,33074100,0,80,0,DEEPAK TRADERS,file2_2025-apr-sep
AASTHA HAWAN STICK SAFFRON SANDAL-20N,आस्था हवन स्टिक केसर चंदन 20 नग,2030-02-13,2025-07-09,2025-03-11,6,2.5,TI30171AAA2526,2.5,ABXL250007,355.57,05AELPS3782C1ZD,5,33074100,0,80,0,DEEPAK TRADERS,file2_2025-apr-sep
AASTHA HAWAN CUP SAFFRON SANDAL,आस्था हवन कप केसर चंदन,2028-03-31,2025-07-09,2025-04-30,6,2.5,TI30171AAA2526,2.5,ABOJ250015,444.47,05AELPS3782C1ZD,5,33074100,0,120,0,DEEPAK TRADERS,file2_2025-apr-sep
TRADITIONAL WHOLE WHEAT ATTA 5 KG(UK),पारंपरिक गेहूं का आटा 5 किग्रा (यूके),2025-11-01,2025-07-16,2025-07-04,1,2.5,TI2000AAA2526,2.5,PDBKQ25006,1650.35,05AAECK5765H1ZE,5,11010000,0,230,0,KANHA JI DISTRIBUTORS,file2_2025-apr-sep
DOODH BISCUIT 35 GM (200 PC),दूध बिस्किट 35 ग्राम (200 नग),2026-01-09,2025-07-16,2025-07-13,1,9,TI2000AAA2526,9,GH25/BP1,851.96,05AAECK5765H1ZE,18,19053100,0,5,0,KANHA JI DISTRIBUTORS,file2_2025-apr-sep
DOODH BISCUIT 70 GM (100 PC),दूध बिस्किट 70 ग्राम (100 नग),2026-01-08,2025-07-16,2025-07-12,1,9,TI2000AAA2526,9,GF25/BP1,853.14,05AAECK5765H1ZE,18,19053100,0,10,0,KANHA JI DISTRIBUTORS,file2_2025-apr-sep
ATTA NOODLES DESI MASALA 60 GM (96 PC)-T,आटा नूडल्स देसी मसाला 60 ग्राम (96 नग),2026-03-18,2025-07-16,2025-06-21,1,6,TI2000AAA2526,6,DM210625,922.52,05AAECK5765H1ZE,12,19022090,0,12,0,KANHA JI DISTRIBUTORS,file2_2025-apr-sep
DIVYA ARJUN KWATH 100G,दिव्य अर्जुन क्वाथ 100 ग्राम,2027-03-15,2025-07-16,2025-04-15,1,2.5,TI2000AAA2526,2.5,AARK250036,1458.45,05AAECK5765H1ZE,5,30049011,0,35,0,KANHA JI DISTRIBUTORS,file2_2025-apr-sep
SENDHA NAMAK 1 KG - T,सेंधा नमक 1 किग्रा,2027-02-19,2025-07-16,2025-03-01,1,0,TI2000AAA2526,0,SRS25/03,1009,05AAECK5765H1ZE,0,25010010,0,60,0,KANHA JI DISTRIBUTORS,file2_2025-apr-sep
MURMURA 500 GM - T,मुरमुरा 500 ग्राम,2026-06-11,2025-07-16,2025-06-16,1,2.5,TI2000AAA2526,2.5,VPRM250025,1090.95,05AAECK5765H1ZE,5,19041020,0,60,0,KANHA JI DISTRIBUTORS,file2_2025-apr-sep
DIVYA ASHWAGANDHA CHURNA - 100 GM,दिव्य अश्वगंधा चूर्ण 100 ग्राम,2027-03-31,2025-07-16,2025-04-01,25,2.5,TI2000AAA2526,2.5,AAGC250028,1968.84,05AAECK5765H1ZE,5,30049011,0,105,0,KANHA JI DISTRIBUTORS,file2_2025-apr-sep
SOOJI - 500 GM,सूजी 500 ग्राम,2025-10-14,2025-07-16,2025-06-16,28,2.5,TI2000AAA2526,2.5,PDR8250031,820.85,05AAECK5765H1ZE,5,11010000,0,38,0,KANHA JI DISTRIBUTORS,file2_2025-apr-sep
SOOJI - 500 GM,सूजी 500 ग्राम,2025-10-18,2025-07-16,2025-06-20,2,2.5,TI2000AAA2526,2.5,PDR8250032,58.63,05AAECK5765H1ZE,5,11010000,0,38,0,KANHA JI DISTRIBUTORS,file2_2025-apr-sep
GYANPATH OPTICLEAR 75 GSM A4,ज्ञानपथ ऑप्टिक्लियर 75 जीएसएम ए4,2026-05-27,2025-07-16,2025-06-27,1,6,TI2000AAA2526,6,2500000038,1976.02,05AAECK5765H1ZE,12,48201090,0,350,0,KANHA JI DISTRIBUTORS,file2_2025-apr-sep
SPECIAL CHYAWANPRASH 1 KG,विशेष च्यवनप्राश 1 किग्रा,2027-11-24,2025-07-16,2024-12-09,1,6,TI2000AAA2526,6,ACZ2400023,2928.65,05AAECK5765H1ZE,12,30049011,0,360,0,KANHA JI DISTRIBUTORS,file2_2025-apr-sep
AMLA CANDY 250 G,आंवला कैंडी 250 ग्राम,2026-06-05,2025-07-16,2025-06-05,1,2.5,TI2000AAA2526,2.5,ABLX250045,1554.72,05AAECK5765H1ZE,5,8112010,0,90,0,KANHA JI DISTRIBUTORS,file2_2025-apr-sep
BROWN BASMATI RICE POUCH 1 KG,भूरा बासमती चावल पाउच 1 किग्रा,2027-05-14,2025-08-21,2025-06-14,1,2.5,TI2602AAA2526,2.5,E7E2500003,1966.86,05AAECK5765H1ZE,5,10063020,0,140,0,KANHA JI DISTRIBUTORS,file2_2025-apr-sep
BASMATI RICE 1 KG(SILVER) - (NEW),बासमती चावल 1 किग्रा (सिल्वर) (नया),2027-04-09,2025-08-21,2025-05-09,1,2.5,TI2602AAA2526,2.5,EKM2500005,1637.58,05AAECK5765H1ZE,5,10063020,0,130,0,KANHA JI DISTRIBUTORS,file2_2025-apr-sep
AMLA JUICE 1 L (NEW),आंवला रस 1 लीटर (नया),2026-07-05,2025-08-21,2025-07-05,1,6,TI2602AAA2526,6,ACCT250076,1263.38,05AAECK5765H1ZE,12,30049011,0,150,0,KANHA JI DISTRIBUTORS,file2_2025-apr-sep
SUJI ELAICHI RUSK 300 GM - T,सूजी इलायची रस्क 300 ग्राम,2025-12-04,2025-08-21,2025-07-07,1,2.5,TI2602AAA2526,2.5,GB25/SGB,1028.16,05AAECK5765H1ZE,5,19054000,0,50,0,KANHA JI DISTRIBUTORS,file2_2025-apr-sep
MADHURAM 1 KG,मधुरम गुड़ पाउडर 1 किग्रा,2026-07-08,2025-08-21,2025-07-08,1,2.5,TI2602AAA2526,2.5,AHG2500154,2181.38,05AAECK5765H1ZE,5,17011410,0,85,0,KANHA JI DISTRIBUTORS,file2_2025-apr-sep
MUSTARD OIL 1 L (B)-T,सरसों का तेल 1 लीटर,2026-08-06,2025-08-21,2025-08-11,1,2.5,TI2602AAA2526,2.5,N1B2500104,2188.25,05AAECK5765H1ZE,5,15149920,0,205,0,KANHA JI DISTRIBUTORS,file2_2025-apr-sep
MUSTARD OIL 1 L (P)-T,सरसों का तेल 1 लीटर,2026-07-20,2025-08-21,2025-07-25,3,2.5,TI2602AAA2526,2.5,N2B2500058,6241.66,05AAECK5765H1ZE,5,15149920,0,195,0,KANHA JI DISTRIBUTORS,file2_2025-apr-sep
DIVYA ARJUNARISHTA - 450ML,दिव्य अर्जुनारिष्ट 450 मि.ली.,2035-05-14,2025-08-21,2025-06-14,1,2.5,TI2602AAA2526,2.5,AJN250021,1885.05,05AAECK5765H1ZE,5,30049011,0,145,0,KANHA JI DISTRIBUTORS,file2_2025-apr-sep
GILOY JUICE 500 ML,गिलोय रस 500 मि.ली.,2026-07-02,2025-08-21,2025-07-02,1,6,TI2602AAA2526,6,PFY2500012,775.23,05AAECK5765H1ZE,12,30049011,0,90,0,KANHA JI DISTRIBUTORS,file2_2025-apr-sep
MUSTARD OIL 1 L (P)-T,सरसों का तेल 1 लीटर,2026-07-20,2025-08-21,2025-07-25,1,2.5,TI2602AAA2526,2.5,N2B2500058,2080.55,05AAECK5765H1ZE,5,15149920,0,195,0,KANHA JI DISTRIBUTORS,file2_2025-apr-sep
FORTIFIED SOYABEAN OIL 1 LTR (P) - T,फोर्टिफाइड सोयाबीन तेल 1 लीटर,2026-04-04,2025-08-21,2025-07-08,1,2.5,TI2602AAA2526,2.5,BR2B250013,1777.36,05AAECK5765H1ZE,5,15079010,0,165,0,KANHA JI DISTRIBUTORS,file2_2025-apr-sep
ALOEVERA JUICE WITH FIBER 1 L (NEW),एलोवेरा रस (फाइबर युक्त) 1 लीटर (नया),2026-03-02,2025-08-21,2025-06-05,1,6,TI2602AAA2526,6,ACCR250072,1852.97,05AAECK5765H1ZE,12,30049011,0,220,0,KANHA JI DISTRIBUTORS,file2_2025-apr-sep
VERMICELLI ROASTED 400 GM - T,भुनी हुई सेवईं 400 ग्राम,2026-07-01,2025-08-21,2025-07-06,1,2.5,TI2602AAA2526,2.5,BVR4060725,1641.09,05AAECK5765H1ZE,5,19021900,0,45,0,KANHA JI DISTRIBUTORS,file2_2025-apr-sep
MAKHANA 250 GM,मखाना 250 ग्राम,2026-05-21,2025-08-21,2025-07-25,1,2.5,TI2602AAA2526,2.5,AALI250040,6960.24,05AAECK5765H1ZE,5,8029000,0,485,0,KANHA JI DISTRIBUTORS,file2_2025-apr-sep
SESAME OIL 1 L (B)-T,तिल का तेल 1 लीटर,2026-05-02,2025-08-21,2025-08-05,2,2.5,TI2602AAA2526,2.5,JACQ250065,5056.6,05AAECK5765H1ZE,5,15155091,0,260,0,KANHA JI DISTRIBUTORS,file2_2025-apr-sep
NAVRATNA ATTA 2 KG,नवरत्न आटा 2 किग्रा,2026-02-08,2025-08-21,2025-08-12,1,2.5,TI2602AAA2526,2.5,AHV2500027,3083.66,05AAECK5765H1ZE,5,11010000,0,180,0,KANHA JI DISTRIBUTORS,file2_2025-apr-sep
SHAKTI RICE XXL MINI MOGRA-2 10 KG (T),शक्ति चावल XXL मिनी मोगरा-2 10 किग्रा,2026-08-14,2025-08-21,2024-08-24,1,2.5,TI2602AAA2526,2.5,E6M2400006,1491.04,05AAECK5765H1ZE,5,10063090,0,720,0,KANHA JI DISTRIBUTORS,file2_2025-apr-sep
DIVYA GODHAN ARK - 450ML,दिव्य गोधन अर्क 450 मि.ली.,2026-06-05,2025-08-21,2025-07-05,1,6,TI2602AAA2526,6,AGDA250032,900,05AAECK5765H1ZE,12,30049011,0,60,0,KANHA JI DISTRIBUTORS,file2_2025-apr-sep
CREAMFEAST CHOCO BISCUIT 32.5 GM,क्रीमफीस्ट चोको बिस्किट 32.5 ग्राम,2026-01-29,2025-08-21,2025-08-02,1,9,TI2602AAA2526,9,H225/BP1,613.41,05AAECK5765H1ZE,18,19053100,0,5,0,KANHA JI DISTRIBUTORS,file2_2025-apr-sep
DANT KANTI NATURAL(200GX3)BIG SAVER PACK,दंत कान्ति नेचुरल (200 ग्राम × 3) बड़ा बचत पैक,2027-07-14,2025-08-21,2025-07-24,1,9,TI2602AAA2526,9,AAPW250021,5961.93,05AAECK5765H1ZE,18,33061020,0,295,0,KANHA JI DISTRIBUTORS,file2_2025-apr-sep
DANT KANTI NATURAL TOOTHPASTE 100 GM,दंत कान्ति नेचुरल टूथपेस्ट 100 ग्राम,2027-07-05,2025-08-21,2025-07-15,1,9,TI2602AAA2526,9,AAQA250077,7724.56,05AAECK5765H1ZE,18,33061020,0,63,0,KANHA JI DISTRIBUTORS,file2_2025-apr-sep
SABZI MASALA 100 GM (30 pcs),सब्जी मसाला 100 ग्राम (30 नग),2026-06-26,2025-08-21,2025-06-26,1,2.5,TI2602AAA2526,2.5,AFI2500016,1261.56,05AAECK5765H1ZE,5,9109100,0,65,0,KANHA JI DISTRIBUTORS,file2_2025-apr-sep
GILOY JUICE 500 ML,गिलोय रस 500 मि.ली.,2026-07-30,2025-08-21,2025-07-30,1,6,TI2602AAA2526,6,PFY2500014,775.23,05AAECK5765H1ZE,12,30049011,0,90,0,KANHA JI DISTRIBUTORS,file2_2025-apr-sep
DIVYA ANU TAILA 20 ML (110 PCS) -T,दिव्य अनुतैल 20 मि.ली. (110 नग),2028-05-10,2025-08-21,2025-06-10,20,2.5,TI2603AAA2526,2.5,BANT250012,599.98,05AAECK5765H1ZE,5,30049011,0,40,0,KANHA JI DISTRIBUTORS,file2_2025-apr-sep
COWS WHOLE MILK POWDER 500-GM,गाय का पूर्ण दूध पाउडर 500 ग्राम,2025-12-05,2025-08-21,2025-07-05,12,2.5,TI2603AAA2526,2.5,BLB2500007,2405.47,05AAECK5765H1ZE,5,4021090,0,235,0,KANHA JI DISTRIBUTORS,file2_2025-apr-sep
SHATAVAR CHURNA 100G (Ayu.Medicine),शतावरी चूर्ण 100 ग्राम (आयुर्वेदिक औषधि),2026-06-03,2025-08-21,2025-07-03,10,2.5,TI2603AAA2526,2.5,ABEE250061,1439.59,05AAECK5765H1ZE,5,30049011,0,200,0,KANHA JI DISTRIBUTORS,file2_2025-apr-sep
TRIPHALA CHURNA -100GM,त्रिफला चूर्ण 100 ग्राम,2027-06-01,2025-08-21,2025-07-01,25,2.5,TI2603AAA2526,2.5,ATPC250076,749.97,05AAECK5765H1ZE,5,30049011,0,40,0,KANHA JI DISTRIBUTORS,file2_2025-apr-sep
CHANDRAPRABHA VATI - 40 TAB,चंद्रप्रभा वटी 40 टैबलेट,2030-04-21,2025-08-21,2025-05-21,20,2.5,TI2603AAA2526,2.5,BCPV250085,716.73,05AAECK5765H1ZE,5,30049011,0,43,0,KANHA JI DISTRIBUTORS,file2_2025-apr-sep
DIVYA TRIPHALA GUGGUL- 40 TAB,दिव्य त्रिफला गुग्गुल 40 टैबलेट,2030-03-31,2025-08-21,2025-04-30,20,2.5,TI2603AAA2526,2.5,BTPG250017,666.75,05AAECK5765H1ZE,5,30049011,0,40,0,KANHA JI DISTRIBUTORS,file2_2025-apr-sep
DIVYA KANTHAMRIT CHEWABLE TABLET 80 N -T,दिव्य कंठामृत चबाने योग्य टैबलेट 80 नग,2028-03-15,2025-08-21,2025-04-15,10,6,TI2603AAA2526,6,ADKT250014,562.53,05AAECK5765H1ZE,12,30049011,0,75,0,KANHA JI DISTRIBUTORS,file2_2025-apr-sep
DIVYA KANTHAMRIT CHEWABLE TABLET 40 N -T,दिव्य कंठामृत चबाने योग्य टैबलेट 40 नग,2028-04-21,2025-08-21,2025-05-21,10,6,TI2603AAA2526,6,ADKT250015,300.04,05AAECK5765H1ZE,12,30049011,0,40,0,KANHA JI DISTRIBUTORS,file2_2025-apr-sep
OORJA TEA - 250 GM (POLY) - T,ऊर्जा चाय 250 ग्राम (पॉली पैक),2026-06-17,2025-08-21,2025-06-17,24,2.5,TI2603AAA2526,2.5,BBNC250014,1189.94,05AAECK5765H1ZE,5,9024090,0,60,0,KANHA JI DISTRIBUTORS,file2_2025-apr-sep
DIVYA AMLA CHURNA - 100 GM,दिव्य आंवला चूर्ण 100 ग्राम,2027-06-21,2025-08-21,2025-07-21,25,2.5,TI2603AAA2526,2.5,BAMC250036,937.39,05AAECK5765H1ZE,5,30049011,0,45,0,KANHA JI DISTRIBUTORS,file2_2025-apr-sep
ADVANCE DANT KANTI MANJAN - 100 GM,एडवांस दंत कान्ति मंजन 100 ग्राम,2027-01-26,2025-08-21,2025-08-04,10,6,TI2603AAA2526,6,AMC2500014,957.15,05AAECK5765H1ZE,12,33061010,0,110,0,KANHA JI DISTRIBUTORS,file2_2025-apr-sep
DIVYA NARI KANTI 3 U X 20 N-T,दिव्य नारी कान्ति 3 यूनिट × 20 नग,2028-04-19,2025-08-21,2025-05-19,20,6,TI2603AAA2526,6,BDNK250005,4999.9,05AAECK5765H1ZE,12,30049011,0,300,0,KANHA JI DISTRIBUTORS,file2_2025-apr-sep
Divya Renogrit 3 U X 20 N -T,दिव्य रेनोग्रिट 3 यूनिट × 20 नग,2028-05-10,2025-08-21,2025-06-10,20,6,TI2603AAA2526,6,BDRT250013,4249.95,05AAECK5765H1ZE,12,30049011,0,255,0,KANHA JI DISTRIBUTORS,file2_2025-apr-sep
AMLA MURABBA 1 KG,आंवला मुरब्बा 1 किग्रा,2026-07-07,2025-08-21,2025-07-07,3,6,TI2603AAA2526,6,ADR2500034,478.53,05AAECK5765H1ZE,12,20079990,0,200,0,KANHA JI DISTRIBUTORS,file2_2025-apr-sep
Mahavat Vidhvansan Ras 5 Gm,महावत विध्वंसन रस 5 ग्राम,2031-05-10,2025-08-21,2021-07-01,25,2.5,TI2603AAA2526,2.5,BMVR210003,729.23,05AAECK5765H1ZE,5,30049011,0,35,0,KANHA JI DISTRIBUTORS,file2_2025-apr-sep
DIVYA GOKHRU KWATH 100 GM (JAR)-T,दिव्य गोखरू क्वाथ 100 ग्राम (जार),2027-06-05,2025-08-21,2025-07-05,20,6,TI2603AAA2526,6,AGKK250025,1333.25,05AAECK5765H1ZE,12,30049011,0,80,0,KANHA JI DISTRIBUTORS,file2_2025-apr-sep
DRISHTI EYE DROP 10 ML (NEW),दृष्टि नेत्र ड्रॉप 10 मि.ली. (नया),2026-06-02,2025-08-21,2025-07-02,40,6,TI2603AAA2526,6,AAST250034,637.95,05AAECK5765H1ZE,12,30049011,0,20,0,KANHA JI DISTRIBUTORS,file2_2025-apr-sep
BADAM PAK 500 G,बादाम पाक 500 ग्राम,2027-06-15,2025-08-21,2025-06-25,6,6,TI2603AAA2526,6,ACY2500007,1315.98,05AAECK5765H1ZE,12,30049011,0,275,0,KANHA JI DISTRIBUTORS,file2_2025-apr-sep
ALMOND (BADAM) 250 GM (MONO),बादाम 250 ग्राम,2026-01-08,2025-08-21,2025-07-12,5,6,TI2603AAA2526,6,AART250025,1632.51,05AAECK5765H1ZE,12,8021100,0,365,0,KANHA JI DISTRIBUTORS,file2_2025-apr-sep
CASHEW (KAJU) 250 GM (MONO),काजू 250 ग्राम,2026-01-04,2025-08-21,2025-07-08,2,2.5,TI2603AAA2526,2.5,AARW250018,654.76,05AAECK5765H1ZE,5,8013220,0,365,0,KANHA JI DISTRIBUTORS,file2_2025-apr-sep
DIVYA IMMUNOGRIT GOLD CAPSULE 30 N - T,दिव्य इम्यूनोग्रिट गोल्ड कैप्सूल 30 नग,2028-07-01,2025-08-21,2025-08-01,5,6,TI2603AAA2526,6,ADGG250004,4499.99,05AAECK5765H1ZE,12,30049011,0,1080,0,KANHA JI DISTRIBUTORS,file2_2025-apr-sep
DIVYA THYROGRIT TABLET 60 N - T,दिव्य थायरोग्रिट टैबलेट 60 नग,2028-05-20,2025-08-21,2025-06-20,10,6,TI2603AAA2526,6,BTGT250014,2250,05AAECK5765H1ZE,12,30049011,0,300,0,KANHA JI DISTRIBUTORS,file2_2025-apr-sep
DIVYA PEEDANIL GOLD TABLET (100 PC) - T,दिव्य पीड़ानिल गोल्ड टैबलेट (100 नग),2028-07-01,2025-08-21,2025-08-02,10,6,TI2603AAA2526,6,APGT250027,3600,05AAECK5765H1ZE,12,30049011,0,480,0,KANHA JI DISTRIBUTORS,file2_2025-apr-sep
DIVYA SHILAJEET SAT - 20 G,दिव्य शिलाजीत सत 20 ग्राम,2030-05-31,2025-08-21,2025-06-30,10,2.5,TI2603AAA2526,2.5,BSHS250005,1083.29,05AAECK5765H1ZE,5,30049011,0,130,0,KANHA JI DISTRIBUTORS,file2_2025-apr-sep
AASTHA BHIMSENI KAPOOR-200G FREEGANGAJAL,आस्था भीमसेनी कपूर 200 ग्राम (फ्री गंगाजल),2027-03-28,2025-08-03,2025-04-28,5,9,TI30219AAA2526,9,ABEB250004,1552.05,05AELPS3782C1ZD,18,29142922,0,500,0,DEEPAK TRADERS,file2_2025-apr-sep
AASTHA GANGAJAL -100 ML,आस्था गंगाजल 100 मि.ली.,2030-01-02,2025-08-03,2025-01-28,7,9,TI30219AAA2526,9,ABEQ250001,0,05AELPS3782C1ZD,18,22019090,0,0,0,DEEPAK TRADERS,file2_2025-apr-sep
HERBAL WASH DETERGENT POWDER 1 KG,हर्बल वॉश डिटर्जेंट पाउडर 1 किग्रा,2030-06-23,2025-09-04,2025-06-24,1,9,TI2882AAA2526,9,AM92500053,1517.48,05AAECK5765H1ZE,18,34029011,0,70,0,KANHA JI DISTRIBUTORS,file2_2025-apr-sep
HERBO WASH DETERGENT POWDER 1 KG,हर्बो वॉश डिटर्जेंट पाउडर 1 किग्रा,2030-08-11,2025-09-04,2025-08-12,1,9,TI2882AAA2526,9,AN52500033,1842.87,05AAECK5765H1ZE,18,34029011,0,85,0,KANHA JI DISTRIBUTORS,file2_2025-apr-sep
KHAND 1 KG,खांड 1 किग्रा,2026-08-20,2025-09-04,2025-08-20,1,2.5,TI2882AAA2526,2.5,AARQ250067,2697.03,05AAECK5765H1ZE,5,17011420,0,110,0,KANHA JI DISTRIBUTORS,file2_2025-apr-sep
ATTA NOODLES DESI MASALA 60 GM (96 PC)-T,आटा नूडल्स देसी मसाला 60 ग्राम (96 नग),2026-05-19,2025-09-04,2025-08-22,2,6,TI2882AAA2526,6,DM220825,1845.04,05AAECK5765H1ZE,12,19022090,0,12,0,KANHA JI DISTRIBUTORS,file2_2025-apr-sep
ATTA NOODLES CHATPATA FAMILY PACK 240 GM,आटा नूडल्स चटपटा फैमिली पैक 240 ग्राम,2026-02-12,2025-09-04,2025-05-18,1,6,TI2882AAA2526,6,CHF180525,902.36,05AAECK5765H1ZE,12,19022090,0,48,0,KANHA JI DISTRIBUTORS,file2_2025-apr-sep
SUPER DISHWASH BAR-RS10/- (T.O. FREE 3N),सुपर डिशवॉश बार ₹10/- (ट्रेड ऑफर फ्री 3 नग),2028-08-18,2025-09-04,2025-08-19,2,9,TI2882AAA2526,9,AAXY250179,1039.34,05AAECK5765H1ZE,18,34011941,0,10,0,KANHA JI DISTRIBUTORS,file2_2025-apr-sep
FORTIFIED SUNFLOWER OIL 1 LTR (P) - T,फोर्टिफाइड सूरजमुखी तेल 1 लीटर,2026-05-22,2025-09-04,2025-08-25,1,2.5,TI2882AAA2526,2.5,BR2A250028,1885.09,05AAECK5765H1ZE,5,15121910,0,175,0,KANHA JI DISTRIBUTORS,file2_2025-apr-sep
DIVYA SWASARI PRAVAHI - 250 ML - T,दिव्य स्वासारी प्रवाही 250 मि.ली.,2028-06-10,2025-09-04,2025-07-10,1,6,TI2882AAA2526,6,BSSP250030,2635.14,05AAECK5765H1ZE,12,30049011,0,85,0,KANHA JI DISTRIBUTORS,file2_2025-apr-sep
IODIZED NAMAK 1 KG (NEW) - T,आयोडीन युक्त नमक 1 किग्रा (नया),2027-03-22,2025-09-04,2025-04-01,1,0,TI2882AAA2526,0,BS-25/04,310,05AAECK5765H1ZE,0,25010010,0,22,0,KANHA JI DISTRIBUTORS,file2_2025-apr-sep
PUSHTAHAR DALIA 500 G,पुष्टाहार दलिया 500 ग्राम,2026-05-15,2025-09-04,2025-08-18,1,2.5,TI2882AAA2526,2.5,PDCQ250063,1254.96,05AAECK5765H1ZE,5,11031900,0,50,0,KANHA JI DISTRIBUTORS,file2_2025-apr-sep
LIVAMRIT SYRUP - 200 ML,लिवामृत सिरप 200 मि.ली.,2027-06-01,2025-09-04,2025-07-01,1,6,TI2882AAA2526,6,A8B2500076,2325.77,05AAECK5765H1ZE,12,30049011,0,90,0,KANHA JI DISTRIBUTORS,file2_2025-apr-sep
TRADITIONALWHOLE WHEAT ATTA10KG(10*3)UK,पारंपरिक गेहूं का आटा 10 किग्रा (10×3) (यूके),2025-11-23,2025-09-04,2025-07-26,2,2.5,TI2882AAA2526,2.5,PDCDR25004,2367.92,05AAECK5765H1ZE,5,11010000,0,440,0,KANHA JI DISTRIBUTORS,file2_2025-apr-sep
TRADITIONAL WHOLE WHEAT ATTA5KG(5*6)UK,पारंपरिक गेहूं का आटा 5 किग्रा (5×6) (यूके),2025-12-06,2025-09-04,2025-08-08,1,2.5,TI2882AAA2526,2.5,PDCDS25003,1237.76,05AAECK5765H1ZE,5,11010000,0,230,0,KANHA JI DISTRIBUTORS,file2_2025-apr-sep
PATANJALI MUSTARD OIL 770 GM PP,पतंजलि सरसों का तेल 770 ग्राम पीपी,2026-07-31,2025-09-04,2025-07-31,2,2.5,TI2882AAA2526,2.5,OCDH250005,3455.77,05AAECK5765H1ZE,5,15149920,0,163,0,KANHA JI DISTRIBUTORS,file2_2025-apr-sep
SUGAR 1 KG,चीनी 1 किग्रा,2027-07-05,2025-09-04,2025-07-15,1,2.5,TI2882AAA2526,2.5,BAGQ250053,1938.83,05AAECK5765H1ZE,5,17011490,0,70,0,KANHA JI DISTRIBUTORS,file2_2025-apr-sep
DOODH BISCUIT 35 GM (200 PC),दूध बिस्किट 35 ग्राम (200 नग),2026-02-19,2025-09-04,2025-08-23,1,9,TI2882AAA2526,9,HR25/AV9,851.96,05AAECK5765H1ZE,18,19053100,0,5,0,KANHA JI DISTRIBUTORS,file2_2025-apr-sep
CREAMFEAST ELAICHI BISCUIT 32.5 GM,क्रीमफीस्ट इलायची बिस्किट 32.5 ग्राम,2026-02-06,2025-09-04,2025-08-10,1,9,TI2882AAA2526,9,HE25/BP1,613.41,05AAECK5765H1ZE,18,19053100,0,5,0,KANHA JI DISTRIBUTORS,file2_2025-apr-sep
DIVYA ARJUN KWATH 100G,दिव्य अर्जुन क्वाथ 100 ग्राम,2027-07-02,2025-09-04,2025-08-02,1,2.5,TI2882AAA2526,2.5,AARK250046,1458.45,05AAECK5765H1ZE,5,30049011,0,35,0,KANHA JI DISTRIBUTORS,file2_2025-apr-sep
DIVYA ARSHKALP VATI - 40 TAB,दिव्य अर्शकल्प वटी 40 टैबलेट,2028-06-24,2025-09-04,2025-07-25,20,6,TI2882AAA2526,6,BAKV250069,749.95,05AAECK5765H1ZE,12,30049011,0,45,0,KANHA JI DISTRIBUTORS,file2_2025-apr-sep
SWET MUSHLI CHURNA 100G (Ayu.Medicine),श्वेत मूसली चूर्ण 100 ग्राम (आयुर्वेदिक औषधि),2027-05-16,2025-09-04,2025-06-16,5,2.5,TI2882AAA2526,2.5,ABFF250031,1709.44,05AAECK5765H1ZE,5,30049011,0,475,0,KANHA JI DISTRIBUTORS,file2_2025-apr-sep
KESH KANTI HERBAL MEHANDI (NAT. BLACK)-T,केश कान्ति हर्बल मेहंदी (नेचुरल ब्लैक),2026-06-15,2025-09-04,2025-06-20,40,9,TI2882AAA2526,9,ANBL250156,636.73,05AAECK5765H1ZE,18,33059090,0,20,0,KANHA JI DISTRIBUTORS,file2_2025-apr-sep
BANDHANI HING 50 GM (NEW) - T,बंधनी हींग 50 ग्राम (नया),2026-12-29,2025-09-04,2025-07-07,12,2.5,TI2882AAA2526,2.5,CASY250010,972.86,05AAECK5765H1ZE,5,13019013,0,120,0,KANHA JI DISTRIBUTORS,file2_2025-apr-sep
