Item name,Hindi_Name,EXPDATE,Inv date,MFG DATE,Received Qty,sgstrate,Inv No,cgstrate,Batch,Item_Net_Amount,Supplier GST,GST Perc,HSN Code,igstrate,mrp,igst,Supplier Name
APPLE VINEGAR 500 ML,सेब का सिरका 500 मि.ली.,05-09-2025,04-04-2024,14-03-2024,1,9,TI53AAA2425,9,AB52400009,2463.27,05AAECK5765H1ZE,18,22090090,0,130,0,KANHA JI DISTRIBUTORS
DOODH BISCUIT 35 GM (200 PC),दूध बिस्किट 35 ग्राम (200 नग),14-09-2024,04-04-2024,18-03-2024,1,9,TI53AAA2425,9,CL24/BP1,844.88,05AAECK5765H1ZE,18,19053100,0,5,0,KANHA JI DISTRIBUTORS
ALOEVERA KANTI BODY CLN.150G MNTHLY PACK,एलोवेरा कान्ति बॉडी क्लीन्ज़र 150 ग्राम मासिक पैक,07-02-2026,04-04-2024,08-02-2024,1,9,TI53AAA2425,9,AAUI240007,2228.31,05AAECK5765H1ZE,18,34011941,0,115,0,KANHA JI DISTRIBUTORS
HALDICHNDN KANTI BODYCLN.150G MNTHLY PAC,हल्दी-चंदन कान्ति बॉडी क्लीन्ज़र 150 ग्राम मासिक पैक,22-01-2026,04-04-2024,23-01-2024,1,9,TI53AAA2425,9,AAUH240007,2409.62,05AAECK5765H1ZE,18,34011941,0,130,0,KANHA JI DISTRIBUTORS
DOODH BISCUIT 70 GM (100 PC),दूध बिस्किट 70 ग्राम (100 नग),09-09-2024,04-04-2024,13-03-2024,1,9,TI53AAA2425,9,CG24/BP1,844.88,05AAECK5765H1ZE,18,19053100,0,10,0,KANHA JI DISTRIBUTORS
FORTIFIED SOYABEAN OIL 1 LTR (P) - T,फोर्टिफाइड सोयाबीन तेल 1 लीटर,17-12-2024,04-04-2024,22-03-2024,1,2.5,TI53AAA2425,2.5,BR2B240017,1334.47,05AAECK5765H1ZE,5,15079010,0,125,0,KANHA JI DISTRIBUTORS
SESAME OIL 1 L (B)-T,तिल का तेल 1 लीटर,17-11-2024,04-04-2024,21-02-2024,1,2.5,TI53AAA2425,2.5,JACQ240015,3450.89,05AAECK5765H1ZE,5,15155091,0,340,0,KANHA JI DISTRIBUTORS
HERBO WASH DETERGENT POWDER 1 KG-T,हर्बो वॉश डिटर्जेंट पाउडर 1 किग्रा,20-02-2029,04-04-2024,22-02-2024,1,9,TI53AAA2425,9,BN52400009,1826.35,05AAECK5765H1ZE,18,34029011,0,85,0,KANHA JI DISTRIBUTORS
HERBAL WASH DETERGENT POWDER 1 KG-T,हर्बल वॉश डिटर्जेंट पाउडर 1 किग्रा,06-02-2029,04-04-2024,08-02-2024,1,9,TI53AAA2425,9,BM92400015,1503.91,05AAECK5765H1ZE,18,34029011,0,70,0,KANHA JI DISTRIBUTORS
MUSTARD OIL 5 L (J)-T,सरसों का तेल 5 लीटर,13-02-2025,04-04-2024,19-02-2024,1,2.5,TI53AAA2425,2.5,N3B2400005,2653.01,05AAECK5765H1ZE,5,15149920,0,725,0,KANHA JI DISTRIBUTORS
MUSTARD OIL 1 L (P)-T,सरसों का तेल 1 लीटर,06-03-2025,04-04-2024,11-03-2024,4,2.5,TI53AAA2425,2.5,N2B2400018,6033.89,05AAECK5765H1ZE,5,15149920,0,140,0,KANHA JI DISTRIBUTORS
MUSTARD OIL 1 L (B)-T,सरसों का तेल 1 लीटर,06-03-2025,04-04-2024,11-03-2024,1,2.5,TI53AAA2425,2.5,N1B2400030,1562.4,05AAECK5765H1ZE,5,15149920,0,145,0,KANHA JI DISTRIBUTORS
TRADITIONAL WHOLE WHEAT ATTA 10 KG(UK),पारंपरिक गेहूं का आटा 10 किग्रा (यूके),15-06-2024,04-04-2024,16-02-2024,2,2.5,TI53AAA2425,2.5,PDBKP24005,3677.31,05AAECK5765H1ZE,5,11010000,0,410,0,KANHA JI DISTRIBUTORS
TURMERIC POWDER 200 GM,हल्दी पाउडर 200 ग्राम,15-02-2025,04-04-2024,21-02-2024,1,2.5,TI53AAA2425,2.5,AJC2400008,1368.88,05AAECK5765H1ZE,5,9103030,0,68,0,KANHA JI DISTRIBUTORS
NEEM KANTI BODY CLNSR.150GM MONTHLY PACK,नीम कान्ति बॉडी क्लीन्ज़र 150 ग्राम मासिक पैक,27-02-2026,04-04-2024,28-02-2024,1,9,TI53AAA2425,9,AAUG240011,2228.31,05AAECK5765H1ZE,18,34011941,0,115,0,KANHA JI DISTRIBUTORS
KESH KANTI ADV. H.H. EXPERT SHAMPO-100ML,केश कान्ति एडवांस हेयर एक्सपर्ट शैम्पू 100 मि.ली.,08-02-2026,04-04-2024,09-02-2024,1,9,TI53AAA2425,9,AAWT240002,3090.45,05AAECK5765H1ZE,18,33051090,0,120,0,KANHA JI DISTRIBUTORS
KESH KANTI ADVANCE H.HAIR EXPERTOIL100ML,केश कान्ति एडवांस हेयर एक्सपर्ट ऑयल 100 मि.ली.,31-12-2025,04-04-2024,11-01-2024,1,9,TI53AAA2425,9,AATV240002,6897.56,05AAECK5765H1ZE,18,33059019,0,400,0,KANHA JI DISTRIBUTORS
PUSHTAHAR DALIA 500 G,पुष्टाहार दलिया 500 ग्राम,15-12-2024,04-04-2024,20-03-2024,1,2.5,TI53AAA2425,2.5,PDCQ240019,1141.88,05AAECK5765H1ZE,5,11031900,0,45,0,KANHA JI DISTRIBUTORS
KHAND 1 KG,खांड 1 किग्रा,15-03-2025,04-04-2024,20-03-2024,1,2.5,TI53AAA2425,2.5,AARQ240011,2553.71,05AAECK5765H1ZE,5,17011420,0,100,0,KANHA JI DISTRIBUTORS
KESH KANTI REETHA HAIR CLEANSER 180 ML,केश कान्ति रीठा हेयर क्लींज़र 180 मि.ली.,26-01-2026,04-04-2024,06-02-2024,1,9,TI53AAA2425,9,ABAB240002,3344.98,05AAECK5765H1ZE,18,33051090,0,120,0,KANHA JI DISTRIBUTORS
ATTA NOODLES CHATPATA-60 GM (96 PC) - T,आटा नूडल्स चटपटा 60 ग्राम (96 नग),19-11-2024,04-04-2024,23-02-2024,1,6,TI53AAA2425,6,CH230224,917.15,05AAECK5765H1ZE,12,19022090,0,12,0,KANHA JI DISTRIBUTORS
TUVAR DAL 1000 GM (R1),अरहर दाल 1000 ग्राम,15-11-2024,04-04-2024,19-02-2024,1,2.5,TI53AAA2425,2.5,BPRAD24005,1930.85,05AAECK5765H1ZE,5,7136000,0,225,0,KANHA JI DISTRIBUTORS
SABZI MASALA 100 GM (30 pcs),सब्जी मसाला 100 ग्राम (30 नग),07-03-2025,04-04-2024,12-03-2024,1,2.5,TI53AAA2425,2.5,AFI2400009,1308.47,05AAECK5765H1ZE,5,9109100,0,65,0,KANHA JI DISTRIBUTORS
DANT KANTI NATURAL(200GX3)BIG SAVER PACK,दंत कान्ति नेचुरल (200 ग्राम × 3) बड़ा बचत पैक,18-02-2026,04-04-2024,29-02-2024,1,9,TI53AAA2425,9,AAPW240008,5610,05AAECK5765H1ZE,18,33061020,0,280,0,KANHA JI DISTRIBUTORS
DIVYA GODHAN ARK - 450ML,दिव्य गोधन अर्क 450 मि.ली.,28-01-2025,04-04-2024,03-02-2024,1,6,TI53AAA2425,6,AGDA240007,816.7,05AAECK5765H1ZE,12,30049011,0,50,0,KANHA JI DISTRIBUTORS
GONYLE FLOOR CLEANER - 5 LTR,गोनाइल फ्लोर क्लीनर 5 लीटर,27-02-2025,04-04-2024,04-03-2024,1,9,TI53AAA2425,9,0161/23-24,1066.6,05AAECK5765H1ZE,18,38084000,0,330,0,KANHA JI DISTRIBUTORS
GILOY JUICE 500 ML,गिलोय रस 500 मि.ली.,01-03-2025,04-04-2024,01-03-2024,1,6,TI53AAA2425,6,PFY2400004,854.52,05AAECK5765H1ZE,12,30049011,0,90,0,KANHA JI DISTRIBUTORS
ALOEVERA JUICE 1 L (FIBRE),एलोवेरा रस (फाइबर युक्त) 1 लीटर,02-12-2024,04-04-2024,07-03-2024,1,6,TI53AAA2425,6,PGD2400100,1754.68,05AAECK5765H1ZE,12,30049011,0,210,0,KANHA JI DISTRIBUTORS
BURA 1 KG,बूरा 1 किग्रा,01-12-2024,04-04-2024,06-03-2024,1,2.5,TI53AAA2425,2.5,AKI2400028,2020.41,05AAECK5765H1ZE,5,17029090,0,75,0,KANHA JI DISTRIBUTORS
SABUDANA 500 GM,साबूदाना 500 ग्राम,08-09-2024,04-04-2024,12-03-2024,10,2.5,TI53AAA2425,2.5,AALX240014,592.1,05AAECK5765H1ZE,5,19030000,0,70,0,KANHA JI DISTRIBUTORS
Divya Jwar Nashak Vati 40 Tab,दिव्य ज्वर नाशक वटी 40 टैबलेट,19-11-2026,04-04-2024,05-12-2023,20,6,TI54AAA2425,6,AJNV230018,916.61,05AAECK5765H1ZE,12,30049011,0,55,0,KANHA JI DISTRIBUTORS
DIVYA ASHWAGANDHA CHURNA - 100 GM,दिव्य अश्वगंधा चूर्ण 100 ग्राम,23-01-2026,04-04-2024,03-02-2024,25,2.5,TI54AAA2425,2.5,AAGC240013,1735.39,05AAECK5765H1ZE,5,30049011,0,85,0,KANHA JI DISTRIBUTORS
ALOE SOFT MOISTURIZING CREAM-50 G,एलो सॉफ्ट मॉइस्चराइजिंग क्रीम 50 ग्राम,09-01-2026,04-04-2024,10-01-2024,24,9,TI54AAA2425,9,ABHW240001,1874.08,05AAECK5765H1ZE,18,33049930,0,100,0,KANHA JI DISTRIBUTORS
DIVYA SHILAJEET DROPS 30 ML - T,दिव्य शिलाजीत ड्रॉप्स 30 मि.ली.,30-12-2025,04-04-2024,10-01-2024,20,6,TI54AAA2425,6,BSJD240001,2041.76,05AAECK5765H1ZE,12,30049011,0,125,0,KANHA JI DISTRIBUTORS
ROSE FACE WASH 60 G,गुलाब फेस वॉश 60 ग्राम,09-04-2025,04-04-2024,17-10-2023,12,9,TI54AAA2425,9,AIO2300004,499.95,05AAECK5765H1ZE,18,34013090,0,55,0,KANHA JI DISTRIBUTORS
SAUNDARYA ALOEVERA GEL K.CHANDAN 60 ML,सौंदर्य एलोवेरा जेल केसर-चंदन 60 मि.ली.,08-08-2025,04-04-2024,15-02-2024,24,9,TI54AAA2425,9,AAHU240004,1163.62,05AAECK5765H1ZE,18,33049910,0,60,0,KANHA JI DISTRIBUTORS
BEAUTY CREAM ADV.- 50 G,ब्यूटी क्रीम एडवांस 50 ग्राम,19-11-2025,04-04-2024,20-11-2023,36,9,TI54AAA2425,9,ABED230015,2648.16,05AAECK5765H1ZE,18,33049910,0,95,0,KANHA JI DISTRIBUTORS
CRACK HEAL CREAM 50 G,क्रैक हील क्रीम 50 ग्राम,11-01-2026,04-04-2024,12-01-2024,36,9,TI54AAA2425,9,AAE2400001,1672.7,05AAECK5765H1ZE,18,33049990,0,60,0,KANHA JI DISTRIBUTORS
Divya Gulab Jal 120 ml-DUP,दिव्य गुलाब जल 120 मि.ली.,28-01-2025,04-04-2024,03-02-2024,30,9,TI54AAA2425,9,BGLJ240013,857.39,05AAECK5765H1ZE,18,33030020,0,35,0,KANHA JI DISTRIBUTORS
DRISHTI EYE DROP 10 ML (NEW),दृष्टि नेत्र ड्रॉप 10 मि.ली. (नया),18-03-2025,04-04-2024,18-03-2024,40,6,TI54AAA2425,6,AAST240009,633.02,05AAECK5765H1ZE,12,30049011,0,20,0,KANHA JI DISTRIBUTORS
KESH KANTI HERBAL MEHANDI (NAT. BLACK)-T,केश कान्ति हर्बल मेहंदी (नेचुरल ब्लैक),26-12-2024,04-04-2024,01-01-2024,20,9,TI54AAA2425,9,ANBL240021,315.77,05AAECK5765H1ZE,18,33059090,0,20,0,KANHA JI DISTRIBUTORS
BOROSAFE ANTISEPTIC 50 GM CREAM,बोरोज़सेफ एंटीसेप्टिक क्रीम 50 ग्राम,24-11-2025,04-04-2024,05-12-2023,36,9,TI54AAA2425,9,AJG2300009,1254.53,05AAECK5765H1ZE,18,33049910,0,45,0,KANHA JI DISTRIBUTORS
BADAM PAK 250 G,बादाम पाक 250 ग्राम,04-01-2026,04-04-2024,05-01-2024,6,6,TI54AAA2425,6,ACX2400001,688.4,05AAECK5765H1ZE,12,30049011,0,145,0,KANHA JI DISTRIBUTORS
BADAM PAK 500 G,बादाम पाक 500 ग्राम,08-02-2026,04-04-2024,19-02-2024,6,6,TI54AAA2425,6,ACY2400003,1305.56,05AAECK5765H1ZE,12,30049011,0,275,0,KANHA JI DISTRIBUTORS
DIVYA DHARA 10 ML (800 PC),दिव्य धारा 10 मि.ली. (800 नग),22-11-2026,04-04-2024,08-12-2023,10,6,TI54AAA2425,6,ADYD230046,367.47,05AAECK5765H1ZE,12,30049011,0,45,0,KANHA JI DISTRIBUTORS
KESH KANTI ADVANCE H.HAIR EXPERTOIL 30ML,केश कान्ति एडवांस हेयर एक्सपर्ट ऑयल 30 मि.ली.,26-12-2025,04-04-2024,27-12-2023,6,9,TI54AAA2425,9,AAUK230011,416.38,05AAECK5765H1ZE,18,33059019,0,100,0,KANHA JI DISTRIBUTORS
MOISTURIZER CREAM-50 G,मॉइस्चराइज़र क्रीम 50 ग्राम,03-01-2026,04-04-2024,04-01-2024,24,9,TI54AAA2425,9,ABHI240001,1874.08,05AAECK5765H1ZE,18,33049930,0,100,0,KANHA JI DISTRIBUTORS
SAUNDARYA FACE WASH 100 G,सौंदर्य फेस वॉश 100 ग्राम,13-01-2026,04-04-2024,24-01-2024,24,9,TI54AAA2425,9,ANT2400006,1909.06,05AAECK5765H1ZE,18,34013090,0,105,0,KANHA JI DISTRIBUTORS
ROGHAN BADAM SHIRIN - 150 ML - T,रोगन बादाम शिरीन 150 मि.ली.,09-10-2026,04-04-2024,25-10-2023,6,2.5,TI54AAA2425,2.5,BRBS230030,1935,05AAECK5765H1ZE,5,30049011,0,450,0,KANHA JI DISTRIBUTORS
ROGHAN BADAM SHIRIN - 60 ML - T,रोगन बादाम शिरीन 60 मि.ली.,04-11-2026,04-04-2024,20-11-2023,12,2.5,TI54AAA2425,2.5,BRBS230034,1634.03,05AAECK5765H1ZE,5,30049011,0,190,0,KANHA JI DISTRIBUTORS
Punarnavadi Mandoor 60 Tab,पुनर्नवादि मांडूर 60 टैबलेट,24-11-2033,04-04-2024,16-01-2024,20,2.5,TI54AAA2425,2.5,BPNM240008,916.65,05AAECK5765H1ZE,5,30049011,0,55,0,KANHA JI DISTRIBUTORS
DIVYA MEDHA VATI EX.POWER 30X4 TAB,दिव्य मेधा वटी एक्स्ट्रा पावर 30×4 टैबलेट,04-02-2029,04-04-2024,02-03-2024,20,6,TI54AAA2425,6,BMDE240019,4083.3,05AAECK5765H1ZE,12,30049011,0,250,0,KANHA JI DISTRIBUTORS
TRADITIONAL WHOLE WHEAT ATTA 10 KG(UK),पारंपरिक गेहूं का आटा 10 किग्रा (यूके),15-06-2024,10-04-2024,16-02-2024,1,2.5,TI182AAA2425,2.5,PDBKP24005,1838.66,05AAECK5765H1ZE,5,11010000,0,410,0,KANHA JI DISTRIBUTORS
MAKHANA 250 GM,मखाना 250 ग्राम,09-01-2025,10-04-2024,15-03-2024,1,2.5,TI182AAA2425,2.5,AALI240021,5262.77,05AAECK5765H1ZE,5,8029000,0,370,0,KANHA JI DISTRIBUTORS
SOOJI - 500 GM,सूजी 500 ग्राम,25-07-2024,10-04-2024,27-03-2024,1,2.5,TI182AAA2425,2.5,PDR8240019,801.21,05AAECK5765H1ZE,5,11010000,0,35,0,KANHA JI DISTRIBUTORS
RICE BRAN OIL 1 LTR (P),चावल की भूसी का तेल 1 लीटर,26-12-2024,10-04-2024,31-03-2024,1,2.5,TI182AAA2425,2.5,ORE2400025,1346.81,05AAECK5765H1ZE,5,15159040,0,125,0,KANHA JI DISTRIBUTORS
NAMKEEN BISCUIT 70G,नमकीन बिस्किट 70 ग्राम,04-09-2024,10-04-2024,08-03-2024,1,9,TI182AAA2425,9,CC24/BP1,422.44,05AAECK5765H1ZE,18,19059020,0,10,0,KANHA JI DISTRIBUTORS
GONYLE FLOOR CLEANER - 1 LTR,गोनाइल फ्लोर क्लीनर 1 लीटर,03-03-2025,10-04-2024,08-03-2024,1,9,TI182AAA2425,9,0629/23-24,618.63,05AAECK5765H1ZE,18,38084000,0,70,0,KANHA JI DISTRIBUTORS
COW GHEE 1L WITH ASTHA GOLDEN DHOOP 16N,गाय का घी 1 लीटर + आस्था गोल्डन धूप 16 नग,06-12-2024,10-04-2024,11-03-2024,1,6,TI182AAA2425,6,FBRI240018,8879.43,05AAECK5765H1ZE,12,4059020,0,665,0,KANHA JI DISTRIBUTORS
KESH KANTI ADV.H.HAIR EXPERTOIL-30ML T.O,केश कान्ति एडवांस हेयर एक्सपर्ट ऑयल 30 मि.ली. (ट्रेड ऑफर),27-03-2026,10-04-2024,27-03-2024,1,9,TI182AAA2425,9,ABHX240003,4163.84,05AAECK5765H1ZE,18,33059019,0,100,0,KANHA JI DISTRIBUTORS
SAUNDARYA ALOEVERA GEL 150MLB2G1 GEL F.W,सौंदर्य एलोवेरा जेल 150 मि.ली. (खरीदो 2 पाओ 1),19-08-2025,10-04-2024,26-02-2024,12,9,TI183AAA2425,9,ABEC240057,1939.26,05AAECK5765H1ZE,18,33049990,0,200,0,KANHA JI DISTRIBUTORS
K.K. COLOR DARK BROWN (CREAM & DEV)-T,के.के. कलर गाढ़ा भूरा (क्रीम एवं डेवलपर),24-02-2025,10-04-2024,01-03-2024,20,9,TI183AAA2425,9,ACDD240008,552.71,05AAECK5765H1ZE,18,33059090,0,35,0,KANHA JI DISTRIBUTORS
SUN SCREEN CREAM SPF30- 50GM,सनस्क्रीन क्रीम SPF 30 - 50 ग्राम,13-03-2026,10-04-2024,23-03-2024,36,9,TI183AAA2425,9,AJW2400003,2787.69,05AAECK5765H1ZE,18,33049910,0,100,0,KANHA JI DISTRIBUTORS
DIVYA KANTHAMRIT CHEWABLE TABLET 40 N -T,दिव्य कंठामृत चबाने योग्य टैबलेट 40 नग,17-01-2027,10-04-2024,02-02-2024,20,6,TI183AAA2425,6,ADKT240007,653.41,05AAECK5765H1ZE,12,30049011,0,40,0,KANHA JI DISTRIBUTORS
DIVYA KANTHAMRIT CHEWABLE TABLET 80 N -T,दिव्य कंठामृत चबाने योग्य टैबलेट 80 नग,05-01-2027,10-04-2024,21-01-2024,20,6,TI183AAA2425,6,ADKT240006,1225.06,05AAECK5765H1ZE,12,30049011,0,75,0,KANHA JI DISTRIBUTORS
DIVYA MUKTA VATI EXTRA POWER 30X4 TAB,दिव्य मुक्तावटी एक्स्ट्रा पावर 30,07-02-2029,10-04-2024,05-03-2024,20,6,TI183AAA2425,6,AMUE240029,3674.94,05AAECK5765H1ZE,12,30049011,0,225,0,KANHA JI DISTRIBUTORS
Chandraprabha Vati 40 Tab,चंद्रप्रभा वटी 40 टैबलेट,20-12-2028,10-04-2024,16-01-2024,20,2.5,TI183AAA2425,2.5,BCPV240008,716.73,05AAECK5765H1ZE,5,30049011,0,43,0,KANHA JI DISTRIBUTORS
Gokshuradi Guggul 40 Tab,गोक्षुरादि गुग्गुल 40 टैबलेट,21-10-2028,10-04-2024,17-11-2023,20,2.5,TI183AAA2425,2.5,BGKG230068,666.75,05AAECK5765H1ZE,5,30049011,0,40,0,KANHA JI DISTRIBUTORS
Arjun Kwath 100 Gm,अर्जुन क्वाथ 100 ग्राम,25-01-2026,10-04-2024,05-02-2024,1,2.5,TI183AAA2425,2.5,AARK240027,1041.6,05AAECK5765H1ZE,5,30049011,0,25,0,KANHA JI DISTRIBUTORS
AASTHA BOUQUET CONE DHOOP - 200 GM,आस्था बुके कोन धूप 200 ग्राम,27-01-2026,20-04-2024,07-02-2024,3,2.5,TI30031AAA2425,2.5,AAWA240005,215.87,05AELPS3782C1ZD,5,33074100,0,120,0,DEEPAK TRADERS
AASTHA BOUQUET CONE DHOOP - 200 GM,आस्था बुके कोन धूप 200 ग्राम,08-03-2026,20-04-2024,18-03-2024,3,2.5,TI30031AAA2425,2.5,AAWA240012,215.87,05AELPS3782C1ZD,5,33074100,0,120,0,DEEPAK TRADERS
AASTHA CHAMPA CONE DHOOP - 200 GM,आस्था चंपा कोन धूप 200 ग्राम,28-02-2026,20-04-2024,10-03-2024,4,2.5,TI30031AAA2425,2.5,AAUX240010,287.83,05AELPS3782C1ZD,5,33074100,0,120,0,DEEPAK TRADERS
AASTHA CAMPHOR 25 GM,आस्था कपूर 25 ग्राम,04-09-2033,20-04-2024,27-10-2023,36,9,TI30031AAA2425,9,A9D2300073,1310.51,05AELPS3782C1ZD,18,29142922,0,60,0,DEEPAK TRADERS
AASTHA ROSE DRY DHOOP STICK-200 G,आस्था गुलाब ड्राई धूप स्टिक 200 ग्राम,19-01-2026,20-04-2024,30-01-2024,4,2.5,TI30031AAA2425,2.5,ABHP240003,296.31,05AELPS3782C1ZD,5,33074100,0,120,0,DEEPAK TRADERS
AASTHA SPECIAL ROSE DHOOP -10 N,आस्था स्पेशल गुलाब धूप 10 नग,12-01-2026,20-04-2024,23-01-2024,24,2.5,TI30031AAA2425,2.5,AABL240001,148.18,05AELPS3782C1ZD,5,33074100,0,10,0,DEEPAK TRADERS
AASTHA SPECIAL ROSE DHOOP -10 N,आस्था स्पेशल गुलाब धूप 10 नग,23-02-2026,20-04-2024,05-03-2024,12,2.5,TI30031AAA2425,2.5,AABL240009,74.09,05AELPS3782C1ZD,5,33074100,0,10,0,DEEPAK TRADERS
AASTHA SPECIAL GUGAL DHOOP -10 N,आस्था स्पेशल गुगल धूप 10 नग,27-02-2026,20-04-2024,09-03-2024,36,2.5,TI30031AAA2425,2.5,AABM240005,222.26,05AELPS3782C1ZD,5,33074100,0,10,0,DEEPAK TRADERS
AASTHA COWS GHEE 200 ML - T,आस्था गाय का घी 200 मि.ली.,28-10-2024,20-04-2024,01-02-2024,30,6,TI30031AAA2425,6,NBAI240001,4102.22,05AELPS3782C1ZD,12,4059020,0,150,0,DEEPAK TRADERS
AASTHA COWS GHEE 100 ML - T,आस्था गाय का घी 100 मि.ली.,28-10-2024,20-04-2024,01-02-2024,12,6,TI30031AAA2425,6,NBHO240002,918.09,05AELPS3782C1ZD,12,4059020,0,95,0,DEEPAK TRADERS
AASTHA LONG COTTONWICK -30 GM,आस्था लंबी रूई बत्ती 30 ग्राम,25-02-2027,20-04-2024,12-03-2024,24,0,TI30031AAA2425,0,ABRP240001,696.72,05AELPS3782C1ZD,0,59080010,0,40,0,DEEPAK TRADERS
AASTHA SANDAL DRY DHOOP STICK-200 G,आस्था चंदन ड्राई धूप स्टिक 200 ग्राम,24-02-2026,20-04-2024,06-03-2024,4,2.5,TI30031AAA2425,2.5,ABHQ240007,296.31,05AELPS3782C1ZD,5,33074100,0,120,0,DEEPAK TRADERS
AASTHA RAJNIGANDHA DRY DHOOP STICK-200 G,आस्था रजनीगंधा ड्राई धूप स्टिक 200 ग्राम,21-10-2025,20-04-2024,01-11-2023,4,2.5,TI30031AAA2425,2.5,ABHR230019,296.31,05AELPS3782C1ZD,5,33074100,0,120,0,DEEPAK TRADERS
RED CHILLI POWDER 100 GM,लाल मिर्च पाउडर 100 ग्राम,20-02-2025,02-05-2024,26-02-2024,1,2.5,TI622AAA2425,2.5,ABKC240002,2589.11,05AAECK5765H1ZE,5,9109100,0,65,0,KANHA JI DISTRIBUTORS
SESAME OIL 1 L (B)-T,तिल का तेल 1 लीटर,15-12-2024,02-05-2024,20-03-2024,1,2.5,TI622AAA2425,2.5,JACQ240021,3450.89,05AAECK5765H1ZE,5,15155091,0,340,0,KANHA JI DISTRIBUTORS
SUPER DISHWASH BAR-RS10/- (T.O. FREE 3N),सुपर डिशवॉश बार ₹10/- (ट्रेड ऑफर फ्री 3 नग),10-04-2027,02-05-2024,10-04-2024,2,9,TI622AAA2425,9,AAXY240078,1031.05,05AAECK5765H1ZE,18,34011941,0,10,0,KANHA JI DISTRIBUTORS
KESH KANTI HERBAL MEHNDI-150 G,केश कान्ति हर्बल मेहंदी 150 ग्राम,13-12-2025,02-05-2024,14-12-2023,1,9,TI622AAA2425,9,ABNV230006,3004.79,05AAECK5765H1ZE,18,33059090,0,70,0,KANHA JI DISTRIBUTORS
ALOEVERA JUICE 1 L (FIBRE),एलोवेरा रस (फाइबर युक्त) 1 लीटर,27-12-2024,02-05-2024,01-04-2024,1,6,TI622AAA2425,6,PGD2400142,1754.68,05AAECK5765H1ZE,12,30049011,0,210,0,KANHA JI DISTRIBUTORS
AMLA JUICE 1 L,आंवला रस 1 लीटर,23-03-2025,02-05-2024,28-03-2024,1,6,TI622AAA2425,6,AGH2400080,1169.83,05AAECK5765H1ZE,12,30049011,0,140,0,KANHA JI DISTRIBUTORS
AMLA ALOEVERA JUICE WHEAT GRASS 500ML,आंवला-एलोवेरा रस गेहूं घास युक्त 500 मि.ली.,16-03-2025,02-05-2024,16-03-2024,1,6,TI622AAA2425,6,ARW2400015,949.54,05AAECK5765H1ZE,12,30049011,0,100,0,KANHA JI DISTRIBUTORS
TRADITIONAL WHOLE WHEAT ATTA 5 KG(UK),पारंपरिक गेहूं का आटा 5 किग्रा (यूके),16-07-2024,02-05-2024,18-03-2024,1,2.5,TI622AAA2425,2.5,PDBKQ24006,1542.66,05AAECK5765H1ZE,5,11010000,0,215,0,KANHA JI DISTRIBUTORS
TRADITIONAL WHOLE WHEAT ATTA 10 KG(UK),पारंपरिक गेहूं का आटा 10 किग्रा (यूके),15-06-2024,02-05-2024,16-02-2024,1,2.5,TI622AAA2425,2.5,PDBKP24005,1838.66,05AAECK5765H1ZE,5,11010000,0,410,0,KANHA JI DISTRIBUTORS
DIVYA ABHYARISHTA 450ML,दिव्य अभयारिष्ट 450 मि.ली.,28-02-2034,02-05-2024,02-03-2024,1,2.5,TI622AAA2425,2.5,ABY240012,1933.35,05AAECK5765H1ZE,5,30049011,0,145,0,KANHA JI DISTRIBUTORS
ATTA NOODLES DESI MASALA 60 GM (96 PC)-T,आटा नूडल्स देसी मसाला 60 ग्राम (96 नग),28-12-2024,02-05-2024,02-04-2024,1,6,TI622AAA2425,6,DM020424,917.15,05AAECK5765H1ZE,12,19022090,0,12,0,KANHA JI DISTRIBUTORS
DALIA 500 G,दलिया 500 ग्राम,16-07-2024,02-05-2024,18-03-2024,1,2.5,TI622AAA2425,2.5,PDCS240084,761.36,05AAECK5765H1ZE,5,11031900,0,30,0,KANHA JI DISTRIBUTORS
NARIYAL BISCUIT 75 GM,नारियल बिस्किट 75 ग्राम,05-10-2024,02-05-2024,08-04-2024,1,9,TI622AAA2425,9,DC24/AV9,844.88,05AAECK5765H1ZE,18,19053100,0,10,0,KANHA JI DISTRIBUTORS
DOODH BISCUIT 35 GM (200 PC),दूध बिस्किट 35 ग्राम (200 नग),05-10-2024,02-05-2024,08-04-2024,1,9,TI622AAA2425,9,DC24/BP1,844.88,05AAECK5765H1ZE,18,19053100,0,5,0,KANHA JI DISTRIBUTORS
DOODH BISCUIT 70 GM (100 PC),दूध बिस्किट 70 ग्राम (100 नग),09-10-2024,02-05-2024,12-04-2024,1,9,TI622AAA2425,9,DG24/AV9,844.88,05AAECK5765H1ZE,18,19053100,0,10,0,KANHA JI DISTRIBUTORS
NAMKEEN BISCUIT 35 GM,नमकीन बिस्किट 35 ग्राम,06-09-2024,02-05-2024,10-03-2024,1,9,TI622AAA2425,9,CC24/BP1,422.44,05AAECK5765H1ZE,18,19059020,0,5,0,KANHA JI DISTRIBUTORS
CREAMFEAST CHOCO BISCUIT 35 GM,क्रीमफीस्ट चोको बिस्किट 35 ग्राम,14-09-2024,02-05-2024,18-03-2024,1,9,TI622AAA2425,9,CL24/BP1,584.52,05AAECK5765H1ZE,18,19053100,0,5,0,KANHA JI DISTRIBUTORS
CREAMFEAST ELAICHI BISCUIT 35 GM,क्रीमफीस्ट इलायची बिस्किट 35 ग्राम,02-10-2024,02-05-2024,05-04-2024,1,9,TI622AAA2425,9,D524/BP1,584.52,05AAECK5765H1ZE,18,19053100,0,5,0,KANHA JI DISTRIBUTORS
HIGH KICK KRACKER BISCUIT 66.6GM,हाई किक क्रैकर बिस्किट 66.6 ग्राम,30-09-2024,02-05-2024,03-04-2024,1,9,TI622AAA2425,9,DD24/BP1,506.93,05AAECK5765H1ZE,18,19059020,0,10,0,KANHA JI DISTRIBUTORS
MARIE BISCUIT 75 GM (48 PC),मैरी बिस्किट 75 ग्राम (48 नग),09-10-2024,02-05-2024,12-04-2024,1,9,TI622AAA2425,9,DG24/BP1,405.54,05AAECK5765H1ZE,18,19053100,0,10,0,KANHA JI DISTRIBUTORS
JEERA BISCUIT 70 GM,जीरा बिस्किट 70 ग्राम,07-10-2024,02-05-2024,10-04-2024,1,9,TI622AAA2425,9,DE24/BP1,608.31,05AAECK5765H1ZE,18,19053100,0,10,0,KANHA JI DISTRIBUTORS
CRUNCHY COCONUT COOKIES 40 GM,क्रंची कोकोनट कुकीज़ 40 ग्राम,07-09-2024,02-05-2024,11-03-2024,1,9,TI622AAA2425,9,CF24/BP1,584.52,05AAECK5765H1ZE,18,19053100,0,5,0,KANHA JI DISTRIBUTORS
ATTA NOODLES YUMMY MASALA 60 GM (96PC)-T,आटा नूडल्स यम्मी मसाला 60 ग्राम (96 नग),02-12-2024,02-05-2024,07-03-2024,1,6,TI622AAA2425,6,YM070324,917.15,05AAECK5765H1ZE,12,19022090,0,12,0,KANHA JI DISTRIBUTORS
SUJI ELAICHI RUSK 300 GM - T,सूजी इलायची रस्क 300 ग्राम,14-08-2024,02-05-2024,17-03-2024,1,2.5,TI622AAA2425,2.5,CL24/SG,1019.59,05AAECK5765H1ZE,5,19054000,0,50,0,KANHA JI DISTRIBUTORS
ALOEVERA KANTI BODY CLEANSER-45G(216U),एलोवेरा कान्ति बॉडी क्लीन्ज़र 45 ग्राम (216 नग),22-01-2026,02-05-2024,23-01-2024,1,9,TI622AAA2425,9,AAVU240003,1780.17,05AAECK5765H1ZE,18,34011941,0,10,0,KANHA JI DISTRIBUTORS
COCONUT OIL 200 ML (J),नारियल तेल 200 मि.ली.,28-04-2025,02-05-2024,03-02-2024,1,2.5,TI622AAA2425,2.5,AAU2400005,2003.66,05AAECK5765H1ZE,5,15131900,0,70,0,KANHA JI DISTRIBUTORS
CORIANDER POWDER 200 GM,धनिया पाउडर 200 ग्राम,28-02-2025,02-05-2024,05-03-2024,1,2.5,TI622AAA2425,2.5,AJE2400006,1194.95,05AAECK5765H1ZE,5,9092200,0,60,0,KANHA JI DISTRIBUTORS
BANDHANI HING 50 GM (NEW) - T,बंधनी हींग 50 ग्राम (नया),12-08-2025,02-05-2024,19-02-2024,12,2.5,TI623AAA2425,2.5,CASY240008,1097.08,05AAECK5765H1ZE,5,13019013,0,120,0,KANHA JI DISTRIBUTORS
COWS WHOLE MILK POWDER 500-GM,गाय का पूर्ण दूध पाउडर 500 ग्राम,07-10-2024,02-05-2024,10-04-2024,12,2.5,TI623AAA2425,2.5,BLB2400007,2385.18,05AAECK5765H1ZE,5,4021090,0,235,0,KANHA JI DISTRIBUTORS
ALOEVERA GEL FACE WASH 60 ML,एलोवेरा जेल फेस वॉश 60 मि.ली.,18-11-2025,02-05-2024,29-11-2023,36,9,TI623AAA2425,9,AATK230034,1908.92,05AAECK5765H1ZE,18,34013090,0,70,0,KANHA JI DISTRIBUTORS
Divya Arshkalp Vati 40 Tab,दिव्य अर्शकल्प वटी 40 टैबलेट,05-01-2027,02-05-2024,21-01-2024,20,6,TI623AAA2425,6,BAKV240016,749.95,05AAECK5765H1ZE,12,30049011,0,45,0,KANHA JI DISTRIBUTORS
VIRGIN COCONUT OIL 500 ML (B) - T,वर्जिन नारियल तेल 500 मि.ली.,04-06-2025,02-05-2024,11-03-2024,6,2.5,TI623AAA2425,2.5,C9G2400002,1471.68,05AAECK5765H1ZE,5,15131900,0,290,0,KANHA JI DISTRIBUTORS
Vriddhivadhika Vati 80 Tab,वृद्धिवाधिक वटी 80 टैबलेट,08-11-2028,02-05-2024,05-12-2023,20,2.5,TI623AAA2425,2.5,BVVV230031,749.91,05AAECK5765H1ZE,5,30049011,0,45,0,KANHA JI DISTRIBUTORS
Sitopaladi Churna 25 Gm,सितोपलादि चूर्ण 25 ग्राम,27-11-2025,02-05-2024,08-12-2023,50,2.5,TI623AAA2425,2.5,ASPC230031,1250.03,05AAECK5765H1ZE,5,30049011,0,30,0,KANHA JI DISTRIBUTORS
Divya Swasari Ras 10 Gm,दिव्य स्वासारी रस 10 ग्राम,07-01-2029,02-05-2024,03-02-2024,25,6,TI623AAA2425,6,ASSR240001,520.8,05AAECK5765H1ZE,12,30049011,0,25,0,KANHA JI DISTRIBUTORS
Bilwadi Churna 100 Gm,बिल्वादि चूर्ण 100 ग्राम,27-11-2025,02-05-2024,08-12-2023,25,2.5,TI623AAA2425,2.5,ABWC230016,1145.81,05AAECK5765H1ZE,5,30049011,0,55,0,KANHA JI DISTRIBUTORS
TRIPHALA CHURNA -100GM,त्रिफला चूर्ण 100 ग्राम,21-02-2026,02-05-2024,03-03-2024,25,2.5,TI623AAA2425,2.5,ATPC240041,625.01,05AAECK5765H1ZE,5,30049011,0,30,0,KANHA JI DISTRIBUTORS
FORTIFIED SOYABEAN OIL 1 LTR (P) - T,फोर्टिफाइड सोयाबीन तेल 1 लीटर,01-01-2025,15-05-2024,06-04-2024,1,2.5,TI865AAA2425,2.5,BR2B240021,1334.47,05AAECK5765H1ZE,5,15079010,0,125,0,KANHA JI DISTRIBUTORS
MADHURAM 1 KG,मधुरम गुड़ पाउडर 1 किग्रा,31-03-2025,15-05-2024,05-04-2024,1,2.5,TI865AAA2425,2.5,AHG2400081,2044.04,05AAECK5765H1ZE,5,17011410,0,85,0,KANHA JI DISTRIBUTORS
NAVRATNA ATTA 2 KG,नवरत्न आटा 2 किग्रा,02-10-2024,15-05-2024,05-04-2024,1,2.5,TI865AAA2425,2.5,AHV2400014,2933.49,05AAECK5765H1ZE,5,11010000,0,165,0,KANHA JI DISTRIBUTORS
IODIZED NAMAK 1 KG (NEW) - T,आयोडीन युक्त नमक 1 किग्रा (नया),19-02-2026,15-05-2024,01-03-2024,1,0,TI865AAA2425,0,BS24,260,05AAECK5765H1ZE,0,25010010,0,22,0,KANHA JI DISTRIBUTORS
SENDHA NAMAK 1 KG - T,सेंधा नमक 1 किग्रा,19-02-2026,15-05-2024,01-03-2024,1,0,TI865AAA2425,0,SRS24,1009,05AAECK5765H1ZE,0,25010010,0,60,0,KANHA JI DISTRIBUTORS
OATS 500GM - T,ओट्स 500 ग्राम,07-04-2025,15-05-2024,07-04-2024,1,2.5,TI865AAA2425,2.5,ANO070424,1685.88,05AAECK5765H1ZE,5,11041200,0,100,0,KANHA JI DISTRIBUTORS
COWS GHEE 1 L - T,गाय का घी 1 लीटर,30-01-2025,15-05-2024,05-05-2024,1,6,TI865AAA2425,6,FAWC240056,8879.43,05AAECK5765H1ZE,12,4059020,0,665,0,KANHA JI DISTRIBUTORS
COWS GHEE 500 ML - T,गाय का घी 500 मि.ली.,25-01-2025,15-05-2024,30-04-2024,1,6,TI865AAA2425,6,FAWD240019,9480.42,05AAECK5765H1ZE,12,4059020,0,355,0,KANHA JI DISTRIBUTORS
DIGESTIVE BISCUIT 100 GM,डाइजेस्टिव बिस्किट 100 ग्राम,29-10-2024,15-05-2024,02-05-2024,1,9,TI865AAA2425,9,E224/AV9,764.07,05AAECK5765H1ZE,18,19053100,0,20,0,KANHA JI DISTRIBUTORS
MUSTARD OIL 1 L (P)-T,सरसों का तेल 1 लीटर,18-04-2025,15-05-2024,23-04-2024,2,2.5,TI865AAA2425,2.5,N2B2400029,3016.94,05AAECK5765H1ZE,5,15149920,0,140,0,KANHA JI DISTRIBUTORS
MUSTARD OIL 5 L (J)-T,सरसों का तेल 5 लीटर,26-03-2025,15-05-2024,31-03-2024,1,2.5,TI865AAA2425,2.5,O3B2400004,2653.01,05AAECK5765H1ZE,5,15149920,0,725,0,KANHA JI DISTRIBUTORS
GONYLE FLOOR CLEANER - 1 LTR,गोनाइल फ्लोर क्लीनर 1 लीटर,04-04-2025,15-05-2024,09-04-2024,1,9,TI865AAA2425,9,0975/24-25,618.63,05AAECK5765H1ZE,18,38084000,0,70,0,KANHA JI DISTRIBUTORS
FORTIFIED SUNFLOWER OIL 1 LTR (P) - T,फोर्टिफाइड सूरजमुखी तेल 1 लीटर,22-01-2025,15-05-2024,27-04-2024,1,2.5,TI865AAA2425,2.5,BR2A240022,1334.47,05AAECK5765H1ZE,5,15121910,0,125,0,KANHA JI DISTRIBUTORS
BANDHANI HING 25 G (NEW) - T,बंधनी हींग 25 ग्राम (नया),19-08-2025,15-05-2024,26-02-2024,24,2.5,TI866AAA2425,2.5,CASX240009,1188.68,05AAECK5765H1ZE,5,13019013,0,65,0,KANHA JI DISTRIBUTORS
JAU ATTA 500 GM,जौ का आटा 500 ग्राम,28-10-2024,15-05-2024,01-05-2024,6,2.5,TI866AAA2425,2.5,AAMA240011,228.38,05AAECK5765H1ZE,5,11029090,0,45,0,KANHA JI DISTRIBUTORS
DIVYA PEEDANIL GOLD TABLET (100 PC) - T,दिव्य पीड़ानिल गोल्ड टैबलेट (100 नग),15-02-2027,15-05-2024,02-03-2024,20,6,TI866AAA2425,6,APGT240010,6666.69,05AAECK5765H1ZE,12,30049011,0,400,0,KANHA JI DISTRIBUTORS
DIVYA SHUDDHI CHURNA 100 GM - T,दिव्य शुद्धि चूर्ण 100 ग्राम,22-03-2026,15-05-2024,01-04-2024,25,6,TI866AAA2425,6,ADSC240016,2604.28,05AAECK5765H1ZE,12,30049011,0,125,0,KANHA JI DISTRIBUTORS
TEJUS TAILUM 100 ML,तेजस तैलम 100 मि.ली.,07-02-2026,15-05-2024,08-02-2024,25,9,TI866AAA2425,9,AAO2400004,1578.25,05AAECK5765H1ZE,18,33059019,0,75,0,KANHA JI DISTRIBUTORS
AMLA HAIR OIL - 50 ML,आंवला हेयर ऑयल 50 मि.ली.,18-11-2025,15-05-2024,29-11-2023,24,9,TI866AAA2425,9,AQO2300005,504.95,05AAECK5765H1ZE,18,33059019,0,25,0,KANHA JI DISTRIBUTORS
KESH KANTI ALMOND HAIR OIL-200 ML,केश कान्ति बादाम हेयर ऑयल 200 मि.ली.,29-03-2026,15-05-2024,29-03-2024,24,9,TI866AAA2425,9,ABQQ240003,2468.55,05AAECK5765H1ZE,18,33059019,0,130,0,KANHA JI DISTRIBUTORS
BANDHANI HING POWDER 50 GM -T,बंधनी हींग पाउडर 50 ग्राम,29-11-2024,15-05-2024,08-06-2023,24,2.5,TI866AAA2425,2.5,CAUE230006,1827,05AAECK5765H1ZE,5,13019013,0,90,0,KANHA JI DISTRIBUTORS
EYEGRIT EYE DROP 10 ML,आईग्रिट आई ड्रॉप 10 मि.ली.,15-04-2026,15-05-2024,15-04-2024,40,6,TI866AAA2425,6,ABQR240006,1333.25,05AAECK5765H1ZE,12,30049011,0,40,0,KANHA JI DISTRIBUTORS
ASHVAGANDHA -11 GM (STRIP),अश्वगंधा स्ट्रिप 11 ग्राम,04-03-2026,15-05-2024,14-03-2024,20,6,TI866AAA2425,6,AASZ240014,1310.25,05AAECK5765H1ZE,12,30049011,0,90,0,KANHA JI DISTRIBUTORS
ASHVASHILA -11 GM (STRIP),अश्वशिला स्ट्रिप 11 ग्राम,11-03-2026,15-05-2024,21-03-2024,20,6,TI866AAA2425,6,AASP240017,1455.96,05AAECK5765H1ZE,12,30049011,0,100,0,KANHA JI DISTRIBUTORS
KALA CHANA 1000 GM (R1),काला चना 1000 ग्राम,06-01-2025,22-05-2024,11-04-2024,1,2.5,TI994AAA2425,2.5,BPRKC24008,943.95,05AAECK5765H1ZE,5,7135000,0,110,0,KANHA JI DISTRIBUTORS
KABULI CHANA 1000 GM (R1),काबुली चना 1000 ग्राम,23-12-2024,22-05-2024,28-03-2024,1,2.5,TI994AAA2425,2.5,BPKCC24005,1716.33,05AAECK5765H1ZE,5,7132010,0,200,0,KANHA JI DISTRIBUTORS
RAJMA 1000 GM (R1),राजमा 1000 ग्राम,01-12-2024,22-05-2024,06-03-2024,1,2.5,TI994AAA2425,2.5,BPRRC24003,1836.45,05AAECK5765H1ZE,5,7133200,0,214,0,KANHA JI DISTRIBUTORS
TRADITIONAL W.W CHAKKI ATTA W.BRAN 10K-T,पारंपरिक गेहूं चक्की आटा चोकर सहित 10 किग्रा,04-09-2024,22-05-2024,07-05-2024,2,2.5,TI994AAA2425,2.5,PPRT070524,3644.66,05AAECK5765H1ZE,5,11010000,0,410,0,KANHA JI DISTRIBUTORS
MAKHANA 250 GM,मखाना 250 ग्राम,23-01-2025,22-05-2024,29-03-2024,1,2.5,TI994AAA2425,2.5,AALI240028,5262.77,05AAECK5765H1ZE,5,8029000,0,370,0,KANHA JI DISTRIBUTORS
RICE BRAN OIL 1 LTR (P),चावल की भूसी का तेल 1 लीटर,26-12-2024,22-05-2024,31-03-2024,1,2.5,TI994AAA2425,2.5,ORE2400025,1346.81,05AAECK5765H1ZE,5,15159040,0,125,0,KANHA JI DISTRIBUTORS
SUPER DISHWASH BAR-RS10/- (T.O. FREE 3N),सुपर डिशवॉश बार ₹10/- (ट्रेड ऑफर फ्री 3 नग),24-04-2027,22-05-2024,24-04-2024,1,9,TI994AAA2425,9,AAXY240087,515.53,05AAECK5765H1ZE,18,34011941,0,10,0,KANHA JI DISTRIBUTORS
ALOEVERA JUICE 1 L (FIBRE),एलोवेरा रस (फाइबर युक्त) 1 लीटर,21-01-2025,22-05-2024,26-04-2024,1,6,TI994AAA2425,6,PGD2400177,1754.68,05AAECK5765H1ZE,12,30049011,0,210,0,KANHA JI DISTRIBUTORS
MUSTARD OIL 1 L (P)-T,सरसों का तेल 1 लीटर,06-05-2025,22-05-2024,11-05-2024,1,2.5,TI994AAA2425,2.5,O2B2400013,1508.47,05AAECK5765H1ZE,5,15149920,0,140,0,KANHA JI DISTRIBUTORS
MUSTARD OIL 5 L (J)-T,सरसों का तेल 5 लीटर,26-03-2025,22-05-2024,31-03-2024,1,2.5,TI994AAA2425,2.5,O3B2400004,2653.01,05AAECK5765H1ZE,5,15149920,0,725,0,KANHA JI DISTRIBUTORS
VERMICELLI ROASTED 400 GM - T,भुनी हुई सेवईं 400 ग्राम,05-03-2025,22-05-2024,10-03-2024,1,2.5,TI994AAA2425,2.5,CVR4100324,1507.07,05AAECK5765H1ZE,5,19021900,0,44,0,KANHA JI DISTRIBUTORS
DOODH BISCUIT 70 GM (100 PC),दूध बिस्किट 70 ग्राम (100 नग),03-11-2024,22-05-2024,07-05-2024,1,9,TI994AAA2425,9,EA24/BP1,844.88,05AAECK5765H1ZE,18,19053100,0,10,0,KANHA JI DISTRIBUTORS
MARIE BISCUIT 75 GM (48 PC),मैरी बिस्किट 75 ग्राम (48 नग),24-10-2024,22-05-2024,27-04-2024,1,9,TI994AAA2425,9,DV24/BP1,405.54,05AAECK5765H1ZE,18,19053100,0,10,0,KANHA JI DISTRIBUTORS
ATTA NOODLES CHATPATA-60 GM (96 PC) - T,आटा नूडल्स चटपटा 60 ग्राम (96 नग),29-12-2024,22-05-2024,03-04-2024,1,6,TI994AAA2425,6,CH030424,917.15,05AAECK5765H1ZE,12,19022090,0,12,0,KANHA JI DISTRIBUTORS
DIVYA NARI KANTI 3 U X 20 N-T,दिव्य नारी कान्ति 3 यूनिट × 20 नग,02-03-2027,22-05-2024,02-03-2024,20,6,TI994AAA2425,6,BDNK240004,4999.9,05AAECK5765H1ZE,12,30049011,0,300,0,KANHA JI DISTRIBUTORS
HERBAL KAJAL 3 G (NEW),हर्बल काजल 3 ग्राम (नया),02-02-2026,22-05-2024,13-02-2024,12,9,TI994AAA2425,9,AASQ240011,909.07,05AAECK5765H1ZE,18,33042000,0,90,0,KANHA JI DISTRIBUTORS
BARLEY DALIA 500 G,जौ का दलिया 500 ग्राम,09-11-2024,29-05-2024,13-05-2024,1,2.5,TI1122AAA2425,2.5,PDCU240033,1395.45,05AAECK5765H1ZE,5,11031900,0,55,0,KANHA JI DISTRIBUTORS
MALKA MASOOR 1000 GM (R1),मालका मसूर दाल 1000 ग्राम,05-01-2025,29-05-2024,10-04-2024,1,2.5,TI1122AAA2425,2.5,BPRMM24011,1072.68,05AAECK5765H1ZE,5,7134000,0,125,0,KANHA JI DISTRIBUTORS
DANT KANTI DENTAL CREAM (ADV) 2X100-GM,दंत कान्ति डेंटल क्रीम (एडवांस) 100 ग्राम × 2,04-09-2025,29-05-2024,13-03-2024,1,9,TI1122AAA2425,9,AF82400004,4363.84,05AAECK5765H1ZE,18,33061020,0,160,0,KANHA JI DISTRIBUTORS
AMLA JUICE 1 L,आंवला रस 1 लीटर,18-04-2025,29-05-2024,18-04-2024,1,6,TI1122AAA2425,6,AGH2400092,1169.83,05AAECK5765H1ZE,12,30049011,0,140,0,KANHA JI DISTRIBUTORS
KESH KANTI ADV. H.H. EXPERT SHAMPO-100ML,केश कान्ति एडवांस हेयर एक्सपर्ट शैम्पू 100 मि.ली.,13-04-2026,29-05-2024,10-05-2024,1,9,TI1122AAA2425,9,AAWT240004,3090.45,05AAECK5765H1ZE,18,33051090,0,120,0,KANHA JI DISTRIBUTORS
GUAVA BEVERAGE (TETRAPACK) 65ML,अमरूद पेय (टेट्रापैक) 65 मि.ली.,14-09-2024,29-05-2024,18-03-2024,1,6,TI1122AAA2425,6,PDBFX24004,674.69,05AAECK5765H1ZE,12,22029020,0,10,0,KANHA JI DISTRIBUTORS
LITCHI BEVERAGE (TETRAPACK) 65ML,लीची पेय (टेट्रापैक) 65 मि.ली.,11-09-2024,29-05-2024,15-03-2024,1,6,TI1122AAA2425,6,PDBFY24003,674.69,05AAECK5765H1ZE,12,22029020,0,10,0,KANHA JI DISTRIBUTORS
MANGO BEVERAGE (TETRAPACK) 65ML,आम पेय (टेट्रापैक) 65 मि.ली.,12-09-2024,29-05-2024,16-03-2024,1,6,TI1122AAA2425,6,PDBFW24005,674.69,05AAECK5765H1ZE,12,22029020,0,10,0,KANHA JI DISTRIBUTORS
Divya Sarvakalp Kwath 100 Gm,दिव्य सर्वकल्प क्वाथ 100 ग्राम,28-02-2026,29-05-2024,10-03-2024,50,6,TI1122AAA2425,6,ASKK240017,1458.24,05AAECK5765H1ZE,12,30049011,0,35,0,KANHA JI DISTRIBUTORS
TRIPHALA CHURNA -100GM,त्रिफला चूर्ण 100 ग्राम,26-03-2026,29-05-2024,05-04-2024,25,2.5,TI1122AAA2425,2.5,ATPC240053,625.01,05AAECK5765H1ZE,5,30049011,0,30,0,KANHA JI DISTRIBUTORS
KESH KANTI HERBAL MEHANDI (NAT. BLACK)-T,केश कान्ति हर्बल मेहंदी (नेचुरल ब्लैक),27-03-2025,29-05-2024,01-04-2024,20,9,TI1122AAA2425,9,ANBL240076,315.77,05AAECK5765H1ZE,18,33059090,0,20,0,KANHA JI DISTRIBUTORS
SAUMYA EYE DROP 10 ML,सौम्या आई ड्रॉप 10 मि.ली.,02-04-2026,29-05-2024,12-04-2024,40,6,TI1122AAA2425,6,AAAQ240006,1107.9,05AAECK5765H1ZE,12,30049011,0,35,0,KANHA JI DISTRIBUTORS
HERBAL WASH DETERGENT POWDER 1 KG,हर्बल वॉश डिटर्जेंट पाउडर 1 किग्रा,09-04-2029,29-05-2024,10-04-2024,1,9,TI1122AAA2425,9,AM92400034,1503.91,05AAECK5765H1ZE,18,34029011,0,70,0,KANHA JI DISTRIBUTORS
SABUDANA 500 GM,साबूदाना 500 ग्राम,05-11-2024,05-06-2024,09-05-2024,1,2.5,TI1258AAA2425,2.5,AALX240028,1184.19,05AAECK5765H1ZE,5,19030000,0,70,0,KANHA JI DISTRIBUTORS
TRADITIONAL WHOLE WHEAT ATTA 5 KG(UK),पारंपरिक गेहूं का आटा 5 किग्रा (यूके),13-09-2024,05-06-2024,16-05-2024,1,2.5,TI1258AAA2425,2.5,PDBKQ24010,1542.66,05AAECK5765H1ZE,5,11010000,0,215,0,KANHA JI DISTRIBUTORS
TRADITIONAL WHOLE WHEAT ATTA 10 KG(UK),पारंपरिक गेहूं का आटा 10 किग्रा (यूके),13-09-2024,05-06-2024,16-05-2024,2,2.5,TI1258AAA2425,2.5,PDBKP24011,3677.31,05AAECK5765H1ZE,5,11010000,0,410,0,KANHA JI DISTRIBUTORS
SUGAR 5 KG,चीनी 5 किग्रा,05-04-2026,05-06-2024,15-04-2024,1,2.5,TI1258AAA2425,2.5,BAIW240027,1564.35,05AAECK5765H1ZE,5,17011490,0,285,0,KANHA JI DISTRIBUTORS
COWS GHEE 1 L - T,गाय का घी 1 लीटर,28-10-2024,05-06-2024,01-02-2024,1,6,TI1258AAA2425,6,FAWC240026,8901.65,05AAECK5765H1ZE,12,4059020,0,650,0,KANHA JI DISTRIBUTORS
ALOEVERA JUICE 1 L (FIBRE),एलोवेरा रस (फाइबर युक्त) 1 लीटर,28-01-2025,05-06-2024,03-05-2024,1,6,TI1258AAA2425,6,PGD2400188,1754.68,05AAECK5765H1ZE,12,30049011,0,210,0,KANHA JI DISTRIBUTORS
MUSTARD OIL 1 L (B)-T,सरसों का तेल 1 लीटर,16-05-2025,05-06-2024,21-05-2024,1,2.5,TI1258AAA2425,2.5,N1B2400057,1562.4,05AAECK5765H1ZE,5,15149920,0,145,0,KANHA JI DISTRIBUTORS
MUSTARD OIL 1 L (P)-T,सरसों का तेल 1 लीटर,26-05-2025,05-06-2024,31-05-2024,1,2.5,TI1258AAA2425,2.5,N2B2400041,1616.2,05AAECK5765H1ZE,5,15149920,0,150,0,KANHA JI DISTRIBUTORS
ATTA NOODLES DESI MASALA 60 GM (96 PC)-T,आटा नूडल्स देसी मसाला 60 ग्राम (96 नग),10-02-2025,05-06-2024,16-05-2024,1,6,TI1258AAA2425,6,DM160524,917.15,05AAECK5765H1ZE,12,19022090,0,12,0,KANHA JI DISTRIBUTORS
DOODH BISCUIT 70 GM (100 PC),दूध बिस्किट 70 ग्राम (100 नग),21-11-2024,05-06-2024,25-05-2024,1,9,TI1258AAA2425,9,ES24/BP1,844.88,05AAECK5765H1ZE,18,19053100,0,10,0,KANHA JI DISTRIBUTORS
DOODH BISCUIT 35 GM (200 PC),दूध बिस्किट 35 ग्राम (200 नग),21-11-2024,05-06-2024,25-05-2024,1,9,TI1258AAA2425,9,ES24/BP1,844.88,05AAECK5765H1ZE,18,19053100,0,5,0,KANHA JI DISTRIBUTORS
DATES (KHAJUR) 500 GM,खजूर 500 ग्राम,04-11-2024,05-06-2024,08-05-2024,4,6,TI1258AAA2425,6,AAYC240022,1134.87,05AAECK5765H1ZE,12,20019000,0,320,0,KANHA JI DISTRIBUTORS
AMLA HAIR OIL - 50 ML,आंवला हेयर ऑयल 50 मि.ली.,09-07-2025,05-06-2024,20-07-2023,20,9,TI1258AAA2425,9,AQO2300003,420.79,05AAECK5765H1ZE,18,33059019,0,25,0,KANHA JI DISTRIBUTORS
ANTI WRINKLE CREAM 50 G,एंटी रिंकल क्रीम 50 ग्राम,25-04-2026,05-06-2024,25-04-2024,24,9,TI1258AAA2425,9,AAR2400004,2787.55,05AAECK5765H1ZE,18,33049910,0,150,0,KANHA JI DISTRIBUTORS
Amla Churna 100 Gm,आंवला चूर्ण 100 ग्राम,26-03-2026,05-06-2024,05-04-2024,25,2.5,TI1258AAA2425,2.5,BAMC240013,729.23,05AAECK5765H1ZE,5,30049011,0,35,0,KANHA JI DISTRIBUTORS
NAMKEEN CLASSIC PEANUT 35 GM - T,नमकीन क्लासिक मूंगफली 35 ग्राम,02-09-2024,05-06-2024,05-05-2024,30,6,TI1258AAA2425,6,FB05705E24,227.81,05AAECK5765H1ZE,12,21069099,0,10,0,KANHA JI DISTRIBUTORS
NAMKEEN HING CHANA 35 GM (300 PC) - T,नमकीन हींग चना 35 ग्राम (300 नग),02-11-2024,05-06-2024,06-05-2024,30,6,TI1258AAA2425,6,UK07506E24,227.81,05AAECK5765H1ZE,12,21069099,0,10,0,KANHA JI DISTRIBUTORS
ANARDANA GOLI 100 G,अनारदाना गोली 100 ग्राम,09-04-2025,05-06-2024,09-04-2024,12,6,TI1258AAA2425,6,AEB2400011,384.53,05AAECK5765H1ZE,12,30049011,0,45,0,KANHA JI DISTRIBUTORS
AMLA CANDY 250 G,आंवला कैंडी 250 ग्राम,28-04-2025,05-06-2024,28-04-2024,12,2.5,TI1258AAA2425,2.5,ABLX240037,771.24,05AAECK5765H1ZE,5,8112010,0,90,0,KANHA JI DISTRIBUTORS
AMLA CHATPATA CANDY 250 G,आंवला चटपटा कैंडी 250 ग्राम,23-04-2025,05-06-2024,23-04-2024,12,2.5,TI1258AAA2425,2.5,AMV2400024,813.98,05AAECK5765H1ZE,5,8112010,0,95,0,KANHA JI DISTRIBUTORS
HERBAL SHAVING CREAM-80G T.O,हर्बल शेविंग क्रीम 80 ग्राम (ट्रेड ऑफर),28-05-2026,12-06-2024,28-05-2024,12,9,TI1380AAA2425,9,ABPI240001,757.56,05AAECK5765H1ZE,18,33071010,0,75,0,KANHA JI DISTRIBUTORS
HERBAL FACIAL FOAM 60 GM,हर्बल फेशियल फोम 60 ग्राम,15-04-2026,12-06-2024,25-04-2024,24,9,TI1380AAA2425,9,AJN2400004,1272.62,05AAECK5765H1ZE,18,34013090,0,70,0,KANHA JI DISTRIBUTORS
DIVYA PEEDANIL TAILA 100 ML-T,दिव्य पीड़ानिल तैल 100 मि.ली.,26-03-2027,12-06-2024,10-04-2024,25,6,TI1380AAA2425,6,BDPN240025,1770.72,05AAECK5765H1ZE,12,30049011,0,85,0,KANHA JI DISTRIBUTORS
SOYA BARI CHURA GRANULES 200G+10% - 60ND,सोया बारी चूरा ग्रैन्यूल्स 200 ग्राम + 10% (60 नग),31-12-2024,12-06-2024,01-01-2024,7,6,TI1380AAA2425,6,TC14N,336.02,05AAECK5765H1ZE,12,21061000,0,60,0,KANHA JI DISTRIBUTORS
Baheda Churna 10 Gm,बहेड़ा चूर्ण 10 ग्राम,21-05-2025,12-06-2024,01-06-2023,25,2.5,TI1380AAA2425,2.5,ABHC230003,208.43,05AAECK5765H1ZE,5,30049011,0,10,0,KANHA JI DISTRIBUTORS
MAHA NARAYAN TAILA 100 ML - T,महा नारायण तैल 100 मि.ली.,10-03-2027,12-06-2024,10-03-2024,25,2.5,TI1380AAA2425,2.5,BMNT240007,4270.87,05AAECK5765H1ZE,5,30049011,0,205,0,KANHA JI DISTRIBUTORS
DIVYA MADHUNASHNI VATI EX.POWER 30X4 TAB,दिव्य मधुनाशिनी वटी एक्स्ट्रा पावर 30×4 टैबलेट,18-02-2027,12-06-2024,05-03-2024,20,6,TI1380AAA2425,6,BMNE240102,3749.98,05AAECK5765H1ZE,12,30049011,0,225,0,KANHA JI DISTRIBUTORS
DIVYA MADHU KALP VATI 80 TABLETS -T,दिव्य मधु कल्प वटी 80 टैबलेट,18-02-2027,12-06-2024,05-03-2024,20,6,TI1380AAA2425,6,BMKV240004,1249.92,05AAECK5765H1ZE,12,30049011,0,75,0,KANHA JI DISTRIBUTORS
MUNAKKA RAISIN 250 GM (MONO),मुनक्का किशमिश 250 ग्राम,24-11-2024,12-06-2024,28-05-2024,2,2.5,TI1380AAA2425,2.5,AARU240008,480.04,05AAECK5765H1ZE,5,8062090,0,270,0,KANHA JI DISTRIBUTORS
DIVYA ASHWAGANDHA CHURNA - 100 GM,दिव्य अश्वगंधा चूर्ण 100 ग्राम,05-03-2026,12-06-2024,15-03-2024,25,2.5,TI1380AAA2425,2.5,AAGC240026,1770.83,05AAECK5765H1ZE,5,30049011,0,85,0,KANHA JI DISTRIBUTORS
Divya Arshkalp Vati 40 Tab,दिव्य अर्शकल्प वटी 40 टैबलेट,18-01-2027,12-06-2024,03-02-2024,20,6,TI1380AAA2425,6,BAKV240028,749.95,05AAECK5765H1ZE,12,30049011,0,45,0,KANHA JI DISTRIBUTORS
GILOY GHAN VATI 60 PC (NEW),गिलोय घन वटी 60 नग (नया),14-04-2026,12-06-2024,24-04-2024,24,6,TI1380AAA2425,6,AAI2400029,1899.07,05AAECK5765H1ZE,12,30049011,0,100,0,KANHA JI DISTRIBUTORS
DIVYA JATYADI TAILA 100 ML - T,दिव्य जात्यादि तैल 100 मि.ली.,20-01-2027,12-06-2024,05-02-2024,25,2.5,TI1380AAA2425,2.5,BJYT240004,2500.05,05AAECK5765H1ZE,5,30049011,0,120,0,KANHA JI DISTRIBUTORS
SOYA CHUNKS 220 GM - T,सोया चंक्स 220 ग्राम,04-05-2025,12-06-2024,09-05-2024,20,6,TI1380AAA2425,6,SCP240002,928.03,05AAECK5765H1ZE,12,21061000,0,55,0,KANHA JI DISTRIBUTORS
ADVANCE DANT KANTI MANJAN - 100 GM,एडवांस दंत कान्ति मंजन 100 ग्राम,21-10-2025,12-06-2024,29-04-2024,20,6,TI1380AAA2425,6,AMC2400007,1897.73,05AAECK5765H1ZE,12,33061010,0,110,0,KANHA JI DISTRIBUTORS
NAMKEEN CLASSIC PEANUT 35 GM - T,नमकीन क्लासिक मूंगफली 35 ग्राम,02-09-2024,12-06-2024,05-05-2024,20,6,TI1380AAA2425,6,FB05705E24,151.87,05AAECK5765H1ZE,12,21069099,0,10,0,KANHA JI DISTRIBUTORS
NAMKEEN HING CHANA 35 GM (300 PC) - T,नमकीन हींग चना 35 ग्राम (300 नग),02-11-2024,12-06-2024,06-05-2024,10,6,TI1380AAA2425,6,UK07506E24,75.94,05AAECK5765H1ZE,12,21069099,0,10,0,KANHA JI DISTRIBUTORS
KARELA JAMUN 50-50 JUICE - 500 ML,करेला-जामुन 50-50 रस 500 मि.ली.,30-05-2025,12-06-2024,30-05-2024,1,6,TI1381AAA2425,6,ABPB240008,1424.24,05AAECK5765H1ZE,12,30049011,0,150,0,KANHA JI DISTRIBUTORS
ATTA DOODH RUSK 300 GM - T,आटा दूध रस्क 300 ग्राम,11-08-2024,12-06-2024,14-03-2024,1,2.5,TI1381AAA2425,2.5,CI24/SG,960.12,05AAECK5765H1ZE,5,19054000,0,50,0,KANHA JI DISTRIBUTORS
ATTA DOODH RUSK 182 G - T,आटा दूध रस्क 182 ग्राम,17-09-2024,12-06-2024,20-04-2024,1,2.5,TI1381AAA2425,2.5,DO24/SGB,768.1,05AAECK5765H1ZE,5,19054000,0,30,0,KANHA JI DISTRIBUTORS
CREAMFEAST ELAICHI BISCUIT 35 GM,क्रीमफीस्ट इलायची बिस्किट 35 ग्राम,01-12-2024,12-06-2024,04-06-2024,1,9,TI1381AAA2425,9,F424/BP1,584.52,05AAECK5765H1ZE,18,19053100,0,5,0,KANHA JI DISTRIBUTORS
HERBAL WASH DETERGENT CAKE-145G(Rs.10/-),हर्बल वॉश डिटर्जेंट केक 145 ग्राम (₹10/-),02-04-2027,12-06-2024,02-04-2024,3,9,TI1381AAA2425,9,ABOY240011,1706.26,05AAECK5765H1ZE,18,34029011,0,10,0,KANHA JI DISTRIBUTORS
HERBAL WASH DETERGENT CAKE-225 G,हर्बल वॉश डिटर्जेंट केक 225 ग्राम,26-02-2027,12-06-2024,27-02-2024,2,9,TI1381AAA2425,9,ABOX240003,1579.87,05AAECK5765H1ZE,18,34029011,0,20,0,KANHA JI DISTRIBUTORS
AMRIT RASAYAN 1 KG,अमृत रसायन 1 किग्रा,28-04-2027,12-06-2024,13-05-2024,1,6,TI1381AAA2425,6,ADD2400006,2658.7,05AAECK5765H1ZE,12,30049011,0,280,0,KANHA JI DISTRIBUTORS
NAVRATNA ATTA 2 KG,नवरत्न आटा 2 किग्रा,03-11-2024,12-06-2024,07-05-2024,1,2.5,TI1381AAA2425,2.5,AHV2400018,2933.49,05AAECK5765H1ZE,5,11010000,0,165,0,KANHA JI DISTRIBUTORS
KARELA AMLA JUICE 500 ML,करेला-आंवला रस 500 मि.ली.,09-05-2025,12-06-2024,09-05-2024,1,6,TI1381AAA2425,6,PGC2400010,712.19,05AAECK5765H1ZE,12,30049011,0,75,0,KANHA JI DISTRIBUTORS
JAMUN VINEGAR 500 ML,जामुन का सिरका 500 मि.ली.,08-05-2025,12-06-2024,08-05-2024,1,9,TI1381AAA2425,9,AGB2400009,757.98,05AAECK5765H1ZE,18,22090090,0,80,0,KANHA JI DISTRIBUTORS
SUPER DISH WASH BAR PACK OF 4 @ Rs. 30/-,सुपर डिश वॉश बार पैक (4 नग) ₹30/-,23-05-2027,12-06-2024,23-05-2024,2,9,TI1381AAA2425,9,ABOU240006,1186.22,05AAECK5765H1ZE,18,34011941,0,30,0,KANHA JI DISTRIBUTORS
SUPER DISHWASH BAR-RS10/- (T.O. FREE 3N),सुपर डिशवॉश बार ₹10/- (ट्रेड ऑफर फ्री 3 नग),15-05-2027,12-06-2024,15-05-2024,2,9,TI1381AAA2425,9,AAXY240102,1031.05,05AAECK5765H1ZE,18,34011941,0,10,0,KANHA JI DISTRIBUTORS
MANGO PANNA 750 ML,आम पन्ना 750 मि.ली.,14-05-2025,12-06-2024,14-05-2024,1,9,TI1381AAA2425,9,AGO2400007,1225.12,05AAECK5765H1ZE,18,21069011,0,150,0,KANHA JI DISTRIBUTORS
MIXED FRUITS BEVERAGE (TETRAPACK) 1000ML,मिश्रित फलों का पेय (टेट्रापैक) 1000 मि.ली.,27-10-2024,12-06-2024,30-04-2024,1,6,TI1381AAA2425,6,PDBEW24006,1023.3,05AAECK5765H1ZE,12,22029020,0,125,0,KANHA JI DISTRIBUTORS
GONYLE FLOOR CLEANER - 1 LTR,गोनाइल फ्लोर क्लीनर 1 लीटर,23-05-2025,12-06-2024,28-05-2024,1,9,TI1381AAA2425,9,1501/24-25,618.63,05AAECK5765H1ZE,18,38084000,0,70,0,KANHA JI DISTRIBUTORS
CHANA DAL 1000 GM (R1),चना दाल 1000 ग्राम,11-02-2025,19-06-2024,17-05-2024,1,2.5,TI1501AAA2425,2.5,BPRCD24012,986.9,05AAECK5765H1ZE,5,7139010,0,115,0,KANHA JI DISTRIBUTORS
SENDHA NAMAK 1 KG - T,सेंधा नमक 1 किग्रा,19-02-2026,19-06-2024,01-03-2024,1,0,TI1501AAA2425,0,SRS24,1009,05AAECK5765H1ZE,0,25010010,0,60,0,KANHA JI DISTRIBUTORS
REETHA POWDER 100 G,रीठा पाउडर 100 ग्राम,22-04-2026,19-06-2024,22-04-2024,1,2.5,TI1501AAA2425,2.5,ABNY240006,1099.98,05AAECK5765H1ZE,5,12119029,0,55,0,KANHA JI DISTRIBUTORS
KESH KANTI REETHA HAIR CLEANSER 180 ML,केश कान्ति रीठा हेयर क्लींज़र 180 मि.ली.,30-03-2026,19-06-2024,09-04-2024,1,9,TI1501AAA2425,9,ABAB240006,3344.98,05AAECK5765H1ZE,18,33051090,0,120,0,KANHA JI DISTRIBUTORS
MUSTARD OIL 1 L (P)-T,सरसों का तेल 1 लीटर,28-05-2025,19-06-2024,02-06-2024,2,2.5,TI1501AAA2425,2.5,O2B2400017,3232.4,05AAECK5765H1ZE,5,15149920,0,150,0,KANHA JI DISTRIBUTORS
HERBAL HANDWASH (ANTI BACTERIAL) 250 ML,हर्बल हैंडवॉश (एंटी बैक्टीरियल) 250 मि.ली.,18-05-2026,19-06-2024,18-05-2024,1,9,TI1501AAA2425,9,ABF2400014,1363.62,05AAECK5765H1ZE,18,34013019,0,60,0,KANHA JI DISTRIBUTORS
POHA 1 KG -T,पोहा 1 किग्रा,13-11-2024,19-06-2024,17-05-2024,1,2.5,TI1501AAA2425,2.5,BPRP170524,1473.15,05AAECK5765H1ZE,5,19041020,0,85,0,KANHA JI DISTRIBUTORS
WHITE LILY ADVANCE BEAUTY BAR-75 G,व्हाइट लिली एडवांस ब्यूटी बार 75 ग्राम,29-04-2026,19-06-2024,29-04-2024,1,9,TI1501AAA2425,9,ABSH240001,4449.06,05AAECK5765H1ZE,18,34011941,0,40,0,KANHA JI DISTRIBUTORS
TRADITIONAL WHOLE WHEAT ATTA 10 KG(UK),पारंपरिक गेहूं का आटा 10 किग्रा (यूके),09-10-2024,19-06-2024,11-06-2024,1,2.5,TI1501AAA2425,2.5,PDBKP24012,1838.66,05AAECK5765H1ZE,5,11010000,0,410,0,KANHA JI DISTRIBUTORS
TRADITIONAL WHOLE WHEAT ATTA 5 KG(UK),पारंपरिक गेहूं का आटा 5 किग्रा (यूके),13-09-2024,19-06-2024,16-05-2024,1,2.5,TI1501AAA2425,2.5,PDBKQ24010,1542.66,05AAECK5765H1ZE,5,11010000,0,215,0,KANHA JI DISTRIBUTORS
GULAB SHARBAT 750 ML,गुलाब शरबत 750 मि.ली.,07-06-2025,19-06-2024,07-06-2024,1,9,TI1501AAA2425,9,AGK2400039,1026.76,05AAECK5765H1ZE,18,21069011,0,130,0,KANHA JI DISTRIBUTORS
DIVYA THYROGRIT TABLET 60 N - T,दिव्य थायरोग्रिट टैबलेट 60 नग,26-03-2027,19-06-2024,10-04-2024,20,6,TI1501AAA2425,6,BTGT240006,4999.9,05AAECK5765H1ZE,12,30049011,0,300,0,KANHA JI DISTRIBUTORS
BOROSAFE ANTISEPTIC 50 GM CREAM,बोरोज़सेफ एंटीसेप्टिक क्रीम 50 ग्राम,17-01-2026,19-06-2024,28-01-2024,12,9,TI1501AAA2425,9,AJG2400001,418.18,05AAECK5765H1ZE,18,33049910,0,45,0,KANHA JI DISTRIBUTORS
SHEETAL HAIR OIL - 50 ML,शीतल हेयर ऑयल 50 मि.ली.,09-01-2025,19-06-2024,20-01-2023,10,9,TI1501AAA2425,9,A2K2300001,294.65,05AAECK5765H1ZE,18,33059011,0,35,0,KANHA JI DISTRIBUTORS
SWARNA KANTI CREAM-15 G,स्वर्ण कान्ति क्रीम 15 ग्राम,11-02-2026,19-06-2024,22-02-2024,3,9,TI1501AAA2425,9,ALK2400001,926.88,05AAECK5765H1ZE,18,33049910,0,399,0,KANHA JI DISTRIBUTORS
SWET MUSHLI CHURNA 100G (Ayu.Medicine),श्वेत मूसली चूर्ण 100 ग्राम (आयुर्वेदिक औषधि),21-03-2026,19-06-2024,21-03-2024,6,2.5,TI1501AAA2425,2.5,ABFF240019,2261.2,05AAECK5765H1ZE,5,30049011,0,475,0,KANHA JI DISTRIBUTORS
DIVYA ANU TAILA 20 ML (120 PCS) -T,दिव्य अनुतैल 20 मि.ली. (120 नग),21-01-2027,19-06-2024,06-02-2024,20,2.5,TI1501AAA2425,2.5,BANT240008,666.75,05AAECK5765H1ZE,5,30049011,0,40,0,KANHA JI DISTRIBUTORS
Divya Gulab Jal 120 ml-DUP,दिव्य गुलाब जल 120 मि.ली.,05-04-2025,19-06-2024,10-04-2024,30,9,TI1501AAA2425,9,BGLJ240032,875.09,05AAECK5765H1ZE,18,33030020,0,35,0,KANHA JI DISTRIBUTORS
Chitrakadi Vati 60 Tab,चित्रकादि वटी 60 टैबलेट,21-03-2027,19-06-2024,05-04-2024,20,2.5,TI1501AAA2425,2.5,BCKV240009,1000.02,05AAECK5765H1ZE,5,30049011,0,60,0,KANHA JI DISTRIBUTORS
DIVYA DHARA 10 ML (800 PC),दिव्य धारा 10 मि.ली. (800 नग),28-02-2027,19-06-2024,15-03-2024,20,6,TI1501AAA2425,6,ADYD240006,749.95,05AAECK5765H1ZE,12,30049011,0,45,0,KANHA JI DISTRIBUTORS
DALIA 500 G,दलिया 500 ग्राम,18-10-2024,10-07-2024,20-06-2024,1,2.5,TI1867AAA2425,2.5,PDCS240172,870.03,05AAECK5765H1ZE,5,11031900,0,34,0,KANHA JI DISTRIBUTORS
HONEY 500 G,शहद 500 ग्राम,09-09-2025,10-07-2024,18-03-2024,1,2.5,TI1867AAA2425,2.5,BCM2400018,3358.95,05AAECK5765H1ZE,5,4090000,0,210,0,KANHA JI DISTRIBUTORS
DISHWASH BAR-600G (500G+100G)+SCRUB PAD,डिशवॉश बार 600 ग्राम (500+100 ग्राम) + स्क्रब पैड,10-06-2027,10-07-2024,10-06-2024,1,9,TI1867AAA2425,9,AAYX240023,1173.3,05AAECK5765H1ZE,18,34011990,0,60,0,KANHA JI DISTRIBUTORS
SESAME OIL 1 L (B)-T,तिल का तेल 1 लीटर,02-03-2025,10-07-2024,05-06-2024,1,2.5,TI1867AAA2425,2.5,JACQ240029,3377.93,05AAECK5765H1ZE,5,15155091,0,330,0,KANHA JI DISTRIBUTORS
SPECIAL CHYAWANPRASH 1 KG,विशेष च्यवनप्राश 1 किग्रा,25-06-2026,10-07-2024,11-07-2023,1,6,TI1867AAA2425,6,ACZ2300008,2928.65,05AAECK5765H1ZE,12,30049011,0,360,0,KANHA JI DISTRIBUTORS
ALOEVERA JUICE 1 L (FIBRE),एलोवेरा रस (फाइबर युक्त) 1 लीटर,01-03-2025,10-07-2024,04-06-2024,2,6,TI1867AAA2425,6,PGD2400236,3537.53,05AAECK5765H1ZE,12,30049011,0,210,0,KANHA JI DISTRIBUTORS
NARIYAL BISCUIT 75 GM,नारियल बिस्किट 75 ग्राम,07-12-2024,10-07-2024,10-06-2024,1,9,TI1867AAA2425,9,FE24/AV9,853.14,05AAECK5765H1ZE,18,19053100,0,10,0,KANHA JI DISTRIBUTORS
TRADITIONAL WHOLE WHEAT ATTA 10 KG(UK),पारंपरिक गेहूं का आटा 10 किग्रा (यूके),19-10-2024,10-07-2024,21-06-2024,2,2.5,TI1867AAA2425,2.5,PDBKP24013,3677.31,05AAECK5765H1ZE,5,11010000,0,410,0,KANHA JI DISTRIBUTORS
MUSTARD OIL 1 L (P)-T,सरसों का तेल 1 लीटर,15-06-2025,10-07-2024,20-06-2024,1,2.5,TI1867AAA2425,2.5,O2B2400020,1630.82,05AAECK5765H1ZE,5,15149920,0,150,0,KANHA JI DISTRIBUTORS
RICE BRAN OIL 1 LTR (P),चावल की भूसी का तेल 1 लीटर,01-02-2025,10-07-2024,07-05-2024,1,2.5,TI1867AAA2425,2.5,ORE2400030,1359.04,05AAECK5765H1ZE,5,15159040,0,125,0,KANHA JI DISTRIBUTORS
FORTIFIED SUNFLOWER OIL 1 LTR (P) - T,फोर्टिफाइड सूरजमुखी तेल 1 लीटर,22-02-2025,10-07-2024,28-05-2024,1,2.5,TI1867AAA2425,2.5,BR2A240028,1346.56,05AAECK5765H1ZE,5,15121910,0,125,0,KANHA JI DISTRIBUTORS
DIVYA SWASARI PRAVAHI - 250 ML - T,दिव्य स्वासारी प्रवाही 250 मि.ली.,18-02-2027,10-07-2024,05-03-2024,1,6,TI1867AAA2425,6,BSSP240023,2606.46,05AAECK5765H1ZE,12,30049011,0,85,0,KANHA JI DISTRIBUTORS
HALDI CH. KANTI BODY CLEANSER-45G(216U),हल्दी चंदन कान्ति बॉडी क्लीन्ज़र 45 ग्राम (216 नग),04-02-2026,10-07-2024,05-02-2024,1,9,TI1867AAA2425,9,AAVV240005,1794.36,05AAECK5765H1ZE,18,34011941,0,10,0,KANHA JI DISTRIBUTORS
DIVYA GODHAN ARK - 450ML,दिव्य गोधन अर्क 450 मि.ली.,05-04-2025,10-07-2024,10-04-2024,1,6,TI1867AAA2425,6,AGDA240018,833.28,05AAECK5765H1ZE,12,30049011,0,50,0,KANHA JI DISTRIBUTORS
SUPER STEEL SCRUB - T,सुपर स्टील स्क्रब,12-02-2029,10-07-2024,10-03-2024,1,9,TI1867AAA2425,9,202403,1289.27,05AAECK5765H1ZE,18,73231000,0,10,0,KANHA JI DISTRIBUTORS
SUPER DISHWASH SCRUB PAD Rs 10/- T,सुपर डिशवॉश स्क्रब पैड ₹10/-,27-02-2029,10-07-2024,25-03-2024,1,9,TI1867AAA2425,9,IL21,1529.28,05AAECK5765H1ZE,18,39249090,0,10,0,KANHA JI DISTRIBUTORS
SOYAVITA MASALA SOYA KATORI 60 GM -T,सोयाविटा मसाला सोया कटोरी 60 ग्राम,31-01-2025,10-07-2024,06-05-2024,1,6,TI1867AAA2425,6,UK12406E24,637.95,05AAECK5765H1ZE,12,21069099,0,20,0,KANHA JI DISTRIBUTORS
SOYAVITA MASALA SOYA KATORI 27 GM -T,सोयाविटा मसाला सोया कटोरी 27 ग्राम,25-11-2024,10-07-2024,29-02-2024,1,6,TI1867AAA2425,6,UK12029B24,1148.31,05AAECK5765H1ZE,12,21069099,0,10,0,KANHA JI DISTRIBUTORS
UBTAN FACEWASH 100G (TO. BUY 2GET1 FREE),उबटन फेसवॉश 100 ग्राम (खरीदो 2 पाओ 1 मुफ्त),30-05-2026,10-07-2024,30-05-2024,1,9,TI1867AAA2425,9,ABSN240001,5432.53,05AAECK5765H1ZE,18,34013090,0,400,0,KANHA JI DISTRIBUTORS
AAROGYA BISCUIT 75 GM,आरोग्य बिस्किट 75 ग्राम,30-11-2024,10-07-2024,03-06-2024,1,9,TI1867AAA2425,9,F324/BP1,853.14,05AAECK5765H1ZE,18,19053100,0,10,0,KANHA JI DISTRIBUTORS
SOOJI - 500 GM,सूजी 500 ग्राम,16-10-2024,10-07-2024,18-06-2024,1,2.5,TI1867AAA2425,2.5,PDR8240038,868.77,05AAECK5765H1ZE,5,11010000,0,35,0,KANHA JI DISTRIBUTORS
SABZI MASALA 100 GM (30 pcs),सब्जी मसाला 100 ग्राम (30 नग),09-05-2025,10-07-2024,09-05-2024,1,2.5,TI1867AAA2425,2.5,AFI2400015,1359.69,05AAECK5765H1ZE,5,9109100,0,65,0,KANHA JI DISTRIBUTORS
HALDI CHANDAN KANTI BODY CLN-(4X1) 75 GM,हल्दी-चंदन कान्ति बॉडी क्लीन्ज़र (4×1) 75 ग्राम,28-02-2026,10-07-2024,01-02-2024,1,9,TI1867AAA2425,9,ASY2400007,2441.33,05AAECK5765H1ZE,18,34011941,0,87,0,KANHA JI DISTRIBUTORS
NEEM KANTI BODY CLN.75G-C.O B4G1 FREE,नीम कान्ति बॉडी क्लीन्ज़र 75 ग्राम (खरीदो 4 पाओ 1 मुफ्त),18-06-2026,10-07-2024,18-06-2024,1,9,TI1867AAA2425,9,ABRO240013,2637.16,05AAECK5765H1ZE,18,34011941,0,88,0,KANHA JI DISTRIBUTORS
SUPER DISHWASH BAR-225 G B3G1 FREE,सुपर डिशवॉश बार 225 ग्राम (खरीदो 3 पाओ 1 मुफ्त),08-06-2027,10-07-2024,08-06-2024,2,9,TI1867AAA2425,9,AAXW240035,1346.9,05AAECK5765H1ZE,18,34011990,0,72,0,KANHA JI DISTRIBUTORS
COWS GHEE 1 L - T,गाय का घी 1 लीटर,19-03-2025,10-07-2024,22-06-2024,5,6,TI1867AAA2425,6,FAWC240079,45954.72,05AAECK5765H1ZE,12,4059020,0,665,0,KANHA JI DISTRIBUTORS
GILOY JUICE 500 ML,गिलोय रस 500 मि.ली.,21-03-2025,10-07-2024,21-03-2024,1,6,TI1867AAA2425,6,PFY2400008,861.37,05AAECK5765H1ZE,12,30049011,0,90,0,KANHA JI DISTRIBUTORS
COWS GHEE 500 ML - T,गाय का घी 500 मि.ली.,04-03-2025,10-07-2024,07-06-2024,1,6,TI1867AAA2425,6,FAWD240023,9812.88,05AAECK5765H1ZE,12,4059020,0,355,0,KANHA JI DISTRIBUTORS
SAMAK RICE 500 GM,सामक चावल 500 ग्राम,13-06-2025,10-07-2024,18-06-2024,1,2.5,TI1867AAA2425,2.5,AANF240016,1279.53,05AAECK5765H1ZE,5,10063090,0,75,0,KANHA JI DISTRIBUTORS
HIGH KICK KRACKER BISCUIT 200GM,हाई किक क्रैकर बिस्किट 200 ग्राम,27-08-2024,10-07-2024,29-02-2024,1,9,TI1867AAA2425,9,BB24/BP1,578.58,05AAECK5765H1ZE,18,19059020,0,30,0,KANHA JI DISTRIBUTORS
CREAMFEAST ORANGE BISCUIT 120 GM,क्रीमफीस्ट ऑरेंज बिस्किट 120 ग्राम,29-07-2024,10-07-2024,31-01-2024,1,9,TI1867AAA2425,9,AF24/BP1,578.58,05AAECK5765H1ZE,18,19053100,0,20,0,KANHA JI DISTRIBUTORS
SOYAVITA SOYA KATORI 27 GM -T,सोयाविटा सोया कटोरी 27 ग्राम,01-11-2024,10-07-2024,05-02-2024,1,6,TI1867AAA2425,6,UK12105B24,1148.31,05AAECK5765H1ZE,12,21069099,0,10,0,KANHA JI DISTRIBUTORS
IODIZED NAMAK 1 KG (NEW) - T,आयोडीन युक्त नमक 1 किग्रा (नया),22-03-2026,10-07-2024,01-04-2024,1,0,TI1867AAA2425,0,BS24,260,05AAECK5765H1ZE,0,25010010,0,22,0,KANHA JI DISTRIBUTORS
SOYAVITA SOYA KATORI 60 GM -T,सोयाविटा सोया कटोरी 60 ग्राम,26-11-2024,10-07-2024,01-03-2024,1,6,TI1867AAA2425,6,UK12501C24,637.95,05AAECK5765H1ZE,12,21069099,0,20,0,KANHA JI DISTRIBUTORS
EVA YOGA MAT (6MM) - T,ईवा योगा मैट (6 मि.मी.),22-05-2026,10-07-2024,01-06-2024,10,9,TI1868AAA2425,9,23252614,4992.34,05AAECK5765H1ZE,18,95069190,0,649,0,KANHA JI DISTRIBUTORS
MIX DRY FRUITS WITH BERRIES & SEED 500 G,मिक्स ड्राई फ्रूट्स विद बेरीज़ एंड सीड 500 ग्राम,23-12-2024,10-07-2024,26-06-2024,6,6,TI1868AAA2425,6,ABOK240007,2454.55,05AAECK5765H1ZE,12,8135020,0,450,0,KANHA JI DISTRIBUTORS
PATANJALI DARK SOYA SAUCE 200G,पतंजलि डार्क सोया सॉस 200 ग्राम,10-12-2025,10-07-2024,18-06-2024,12,6,TI1868AAA2425,6,ABGA240002,499.97,05AAECK5765H1ZE,12,21031000,0,50,0,KANHA JI DISTRIBUTORS
RAW PEANUTS 500 GM (10 PCS),कच्ची मूंगफली 500 ग्राम (10 नग),11-12-2024,10-07-2024,14-06-2024,5,2.5,TI1868AAA2425,2.5,ABVQ240001,493.34,05AAECK5765H1ZE,5,12024210,0,110,0,KANHA JI DISTRIBUTORS
ROASTED DIET-FLAXSEED BLCK SALT 150 GM-T,रोस्टेड डाइट फ्लैक्ससीड ब्लैक सॉल्ट 150 ग्राम,09-09-2024,10-07-2024,13-03-2024,15,6,TI1868AAA2425,6,FSA0730124,777.67,05AAECK5765H1ZE,12,21069099,0,65,0,KANHA JI DISTRIBUTORS
DIVYA DHARA 10 ML (800 PC),दिव्य धारा 10 मि.ली. (800 नग),28-02-2027,10-07-2024,15-03-2024,30,6,TI1868AAA2425,6,ADYD240006,1124.93,05AAECK5765H1ZE,12,30049011,0,45,0,KANHA JI DISTRIBUTORS
Sanjeevani Vati 80 Tab,संजीवनी वटी 80 टैबलेट,05-01-2027,10-07-2024,21-01-2024,20,2.5,TI1868AAA2425,2.5,BSJV240003,749.91,05AAECK5765H1ZE,5,30049011,0,45,0,KANHA JI DISTRIBUTORS
KESH KANTI HERBAL MEHANDI (DARK BROWN)-T,केश कान्ति हर्बल मेहंदी (डार्क ब्राउन),27-03-2025,10-07-2024,01-04-2024,40,9,TI1868AAA2425,9,ADBR240024,636.73,05AAECK5765H1ZE,18,33059090,0,20,0,KANHA JI DISTRIBUTORS
Dalchini Churna 100 Gm,दालचीनी चूर्ण 100 ग्राम,21-02-2026,10-07-2024,03-03-2024,24,2.5,TI1868AAA2425,2.5,ADCC240014,1300.07,05AAECK5765H1ZE,5,30049011,0,65,0,KANHA JI DISTRIBUTORS
Divya Udarkalp Churna 100 Gm,दिव्य उदरकल्प चूर्ण 100 ग्राम,26-03-2026,10-07-2024,05-04-2024,25,6,TI1868AAA2425,6,BUKC240014,1354.08,05AAECK5765H1ZE,12,30049011,0,65,0,KANHA JI DISTRIBUTORS
GASHER CHURAN - 100 GM - T,गैशर चूर्ण 100 ग्राम,26-03-2026,10-07-2024,05-04-2024,25,6,TI1868AAA2425,6,BGHC240014,2187.36,05AAECK5765H1ZE,12,30049011,0,105,0,KANHA JI DISTRIBUTORS
NAMKEEN HING CHANA 35 GM (300 PC) - T,नमकीन हींग चना 35 ग्राम (300 नग),02-11-2024,10-07-2024,06-05-2024,100,6,TI1868AAA2425,6,UK07506E24,759.36,05AAECK5765H1ZE,12,21069099,0,10,0,KANHA JI DISTRIBUTORS
HERBAL HEALTH FOOD BAR 35GM - T,हर्बल हेल्थ फूड बार 35 ग्राम,30-01-2025,10-07-2024,05-02-2024,30,9,TI1868AAA2425,9,AU52400002,731.36,05AAECK5765H1ZE,18,17049090,0,30,0,KANHA JI DISTRIBUTORS
GOLD TEA - 10 GM (RS.5) (MT) - T,गोल्ड टी 10 ग्राम (₹5),18-01-2025,10-07-2024,19-01-2024,30,2.5,TI1868AAA2425,2.5,BBNN240001,128.21,05AAECK5765H1ZE,5,9024090,0,5,0,KANHA JI DISTRIBUTORS
OORJA TEA - 15 GM (RS.5) (MT) - T,ऊर्जा टी 15 ग्राम (₹5),11-02-2025,10-07-2024,12-02-2024,30,2.5,TI1868AAA2425,2.5,BBNB240002,128.21,05AAECK5765H1ZE,5,9024090,0,5,0,KANHA JI DISTRIBUTORS
ATTA NOODLES CHATPATA-60 GM (96 PC) - T,आटा नूडल्स चटपटा 60 ग्राम (96 नग),02-03-2025,08-08-2024,05-06-2024,1,6,TI2351AAA2425,6,CH050624,925.75,05AAECK5765H1ZE,12,19022090,0,12,0,KANHA JI DISTRIBUTORS
ATTA NOODLES DESI MASALA 60 GM (96 PC)-T,आटा नूडल्स देसी मसाला 60 ग्राम (96 नग),08-04-2025,08-08-2024,12-07-2024,1,6,TI2351AAA2425,6,DM120724,925.75,05AAECK5765H1ZE,12,19022090,0,12,0,KANHA JI DISTRIBUTORS
NAVRATNA ATTA 2 KG,नवरत्न आटा 2 किग्रा,22-12-2024,08-08-2024,25-06-2024,1,2.5,TI2351AAA2425,2.5,AHV2400022,2959.95,05AAECK5765H1ZE,5,11010000,0,165,0,KANHA JI DISTRIBUTORS
DOODH BISCUIT 35 GM (200 PC),दूध बिस्किट 35 ग्राम (200 नग),11-01-2025,08-08-2024,15-07-2024,2,9,TI2351AAA2425,9,GJ24/AV9,1703.92,05AAECK5765H1ZE,18,19053100,0,5,0,KANHA JI DISTRIBUTORS
DIGESTIVE COOKIES (WHOLE WHEAT) 250 GM,साबुत गेहूं डाइजेस्टिव कुकीज़ 250 ग्राम,13-01-2025,08-08-2024,17-07-2024,1,9,TI2351AAA2425,9,GL24/BP1,803.34,05AAECK5765H1ZE,18,19053100,0,50,0,KANHA JI DISTRIBUTORS
RAGI COOKIES DIGESTIVE 200 GM,रागी डाइजेस्टिव कुकीज़ 200 ग्राम,19-12-2024,08-08-2024,22-07-2024,1,9,TI2351AAA2425,9,GO24/BP1,1205.02,05AAECK5765H1ZE,18,19053100,0,75,0,KANHA JI DISTRIBUTORS
CORIANDER POWDER 500 GM,धनिया पाउडर 500 ग्राम,17-07-2025,08-08-2024,17-07-2024,1,2.5,TI2351AAA2425,2.5,ALE2400007,1118.03,05AAECK5765H1ZE,5,9092200,0,135,0,KANHA JI DISTRIBUTORS
BESAN 500 G,बेसन 500 ग्राम,14-12-2024,08-08-2024,17-07-2024,1,2.5,TI2351AAA2425,2.5,PDCR240086,1109.81,05AAECK5765H1ZE,5,11061090,0,70,0,KANHA JI DISTRIBUTORS
TRADITIONAL WHOLE WHEAT ATTA 5 KG(UK),पारंपरिक गेहूं का आटा 5 किग्रा (यूके),01-11-2024,08-08-2024,04-07-2024,1,2.5,TI2351AAA2425,2.5,PDBKQ24013,1542.74,05AAECK5765H1ZE,5,11010000,0,215,0,KANHA JI DISTRIBUTORS
SHAKTI RICE XXL MINI MOGRA-2 10 KG (T),शक्ति चावल XXL मिनी मोगरा-2 10 किग्रा,29-06-2026,08-08-2024,09-07-2024,1,2.5,TI2351AAA2425,2.5,E6M2400005,1457.74,05AAECK5765H1ZE,5,10063090,0,720,0,KANHA JI DISTRIBUTORS
SESAME OIL 1 L (B)-T,तिल का तेल 1 लीटर,31-03-2025,08-08-2024,04-07-2024,1,2.5,TI2351AAA2425,2.5,JACQ240035,3019.72,05AAECK5765H1ZE,5,15155091,0,295,0,KANHA JI DISTRIBUTORS
AMLA JUICE 1 L,आंवला रस 1 लीटर,02-07-2025,08-08-2024,02-07-2024,1,6,TI2351AAA2425,6,AGH2400134,1179.18,05AAECK5765H1ZE,12,30049011,0,140,0,KANHA JI DISTRIBUTORS
ALOEVERA JUICE 1 L (FIBRE),एलोवेरा रस (फाइबर युक्त) 1 लीटर,30-03-2025,08-08-2024,03-07-2024,1,6,TI2351AAA2425,6,PGD2400320,1768.77,05AAECK5765H1ZE,12,30049011,0,210,0,KANHA JI DISTRIBUTORS
GILOY JUICE 500 ML,गिलोय रस 500 मि.ली.,07-06-2025,08-08-2024,07-06-2024,1,6,TI2351AAA2425,6,PFY2400010,861.37,05AAECK5765H1ZE,12,30049011,0,90,0,KANHA JI DISTRIBUTORS
GONYLE FLOOR CLEANER - 1 LTR,गोनाइल फ्लोर क्लीनर 1 लीटर,15-07-2025,08-08-2024,20-07-2024,1,9,TI2351AAA2425,9,2292/24-25,623.89,05AAECK5765H1ZE,18,38084000,0,70,0,KANHA JI DISTRIBUTORS
MAKHANA 250 GM,मखाना 250 ग्राम,24-04-2025,08-08-2024,28-06-2024,1,2.5,TI2351AAA2425,2.5,AALI240050,6457.92,05AAECK5765H1ZE,5,8029000,0,450,0,KANHA JI DISTRIBUTORS
CREAMFEAST CHOCO BISCUIT 35 GM,क्रीमफीस्ट चोको बिस्किट 35 ग्राम,06-01-2025,08-08-2024,10-07-2024,1,9,TI2351AAA2425,9,GR94/BP1,589.62,05AAECK5765H1ZE,18,19053100,0,5,0,KANHA JI DISTRIBUTORS
CREAMFEAST ORANGE BISCUIT 35 GM,क्रीमफीस्ट ऑरेंज बिस्किट 35 ग्राम,21-01-2025,08-08-2024,25-07-2024,1,9,TI2351AAA2425,9,GS24/BP1,589.62,05AAECK5765H1ZE,18,19053100,0,5,0,KANHA JI DISTRIBUTORS
SUPER DISHWASH BAR-RS10/- (T.O. FREE 3N),सुपर डिशवॉश बार ₹10/- (ट्रेड ऑफर फ्री 3 नग),02-07-2027,08-08-2024,02-07-2024,2,9,TI2351AAA2425,9,AAXY240141,1039.34,05AAECK5765H1ZE,18,34011941,0,10,0,KANHA JI DISTRIBUTORS
URAD CHILKA 1000 GM (R1),उड़द दाल छिलका 1000 ग्राम,09-11-2024,08-08-2024,13-05-2024,1,2.5,TI2351AAA2425,2.5,BPRUC24005,1514.73,05AAECK5765H1ZE,5,7133110,0,175,0,KANHA JI DISTRIBUTORS
PUSHTAHAR DALIA 500 G,पुष्टाहार दलिया 500 ग्राम,06-04-2025,08-08-2024,10-07-2024,1,2.5,TI2351AAA2425,2.5,PDCQ240051,1151.64,05AAECK5765H1ZE,5,11031900,0,45,0,KANHA JI DISTRIBUTORS
BURA 1 KG,बूरा 1 किग्रा,30-03-2025,08-08-2024,03-07-2024,1,2.5,TI2351AAA2425,2.5,AKI2400080,2038.68,05AAECK5765H1ZE,5,17029090,0,75,0,KANHA JI DISTRIBUTORS
MUSTARD OIL 5 L (J)-T,सरसों का तेल 5 लीटर,21-07-2025,08-08-2024,26-07-2024,1,2.5,TI2351AAA2425,2.5,N3B2400025,2862.17,05AAECK5765H1ZE,5,15149920,0,775,0,KANHA JI DISTRIBUTORS
SENDHA NAMAK 1 KG - T,सेंधा नमक 1 किग्रा,22-05-2026,08-08-2024,01-06-2024,1,0,TI2351AAA2425,0,SRS24,1009,05AAECK5765H1ZE,0,25010010,0,60,0,KANHA JI DISTRIBUTORS
HERBAL HANDWASH (ANTI BACTERIAL) 750 ML,हर्बल हैंडवॉश (एंटी बैक्टीरियल) 750 मि.ली.,25-06-2026,08-08-2024,05-07-2024,1,9,TI2351AAA2425,9,AAIX240047,1008.33,05AAECK5765H1ZE,18,34013019,0,110,0,KANHA JI DISTRIBUTORS
MUSTARD OIL 1 L (P)-T,सरसों का तेल 1 लीटर,19-07-2025,08-08-2024,24-07-2024,4,2.5,TI2351AAA2425,2.5,N2B2400055,6523.27,05AAECK5765H1ZE,5,15149920,0,150,0,KANHA JI DISTRIBUTORS
DIVYA SWASARI PRAVAHI - 250 ML - T,दिव्य स्वासारी प्रवाही 250 मि.ली.,05-04-2027,08-08-2024,20-04-2024,1,6,TI2351AAA2425,6,BSSP240028,2493.12,05AAECK5765H1ZE,12,30049011,0,85,0,KANHA JI DISTRIBUTORS
DIVYA MUKTA VATI EXTRA POWER 30X4 TAB,दिव्य मुक्तावटी एक्स्ट्रा पावर 30×4 टैबलेट,10-05-2029,08-08-2024,05-06-2024,20,6,TI2351AAA2425,6,AMUE240079,3749.98,05AAECK5765H1ZE,12,30049011,0,225,0,KANHA JI DISTRIBUTORS
KESH KANTI HERBAL MEHANDI (NAT. BLACK)-T,केश कान्ति हर्बल मेहंदी (नेचुरल ब्लैक),27-05-2025,08-08-2024,01-06-2024,40,9,TI2352AAA2425,9,ANBL240144,636.73,05AAECK5765H1ZE,18,33059090,0,20,0,KANHA JI DISTRIBUTORS
DIVYA SHUDDHI CHURNA 100 GM - T,दिव्य शुद्धि चूर्ण 100 ग्राम,26-05-2026,08-08-2024,05-06-2024,25,6,TI2352AAA2425,6,ADSC240027,2604.28,05AAECK5765H1ZE,12,30049011,0,125,0,KANHA JI DISTRIBUTORS
DIVYA MADHUGRIT 60 N - T,दिव्य मधुग्रिट 60 नग,18-05-2027,08-08-2024,02-06-2024,20,6,TI2352AAA2425,6,BMDT240049,4999.9,05AAECK5765H1ZE,12,30049011,0,300,0,KANHA JI DISTRIBUTORS
DIVYA MADHUNASHNI VATI EX.POWER 30X4 TAB,दिव्य मधुनाशिनी वटी एक्स्ट्रा पावर 30×4 टैबलेट,18-05-2027,08-08-2024,02-06-2024,20,6,TI2352AAA2425,6,BMNE240160,3749.98,05AAECK5765H1ZE,12,30049011,0,225,0,KANHA JI DISTRIBUTORS
DIVYA MEDHA VATI EX.POWER 30X4 TAB,दिव्य मेधा वटी एक्स्ट्रा पावर 30×4 टैबलेट,25-03-2029,08-08-2024,20-04-2024,20,6,TI2352AAA2425,6,BMDE240056,4166.62,05AAECK5765H1ZE,12,30049011,0,250,0,KANHA JI DISTRIBUTORS
Mahayograj Guggul 60 Tab,महायोगराज गुग्गुल 60 टैबलेट,14-04-2029,08-08-2024,10-05-2024,20,2.5,TI2352AAA2425,2.5,BMYG240006,1500.03,05AAECK5765H1ZE,5,30049011,0,90,0,KANHA JI DISTRIBUTORS
TRIPHALA CHURNA -100GM,त्रिफला चूर्ण 100 ग्राम,26-05-2026,08-08-2024,05-06-2024,25,2.5,TI2352AAA2425,2.5,ATPC240079,625.01,05AAECK5765H1ZE,5,30049011,0,30,0,KANHA JI DISTRIBUTORS
ANTI WRINKLE CREAM 50 G,एंटी रिंकल क्रीम 50 ग्राम,13-06-2026,08-08-2024,13-06-2024,12,9,TI2352AAA2425,9,AAR2400006,1405.66,05AAECK5765H1ZE,18,33049910,0,150,0,KANHA JI DISTRIBUTORS
DIVYA KAYAKALP TAILA ADVANCE 100 ML,दिव्य कायाकल्प तैल एडवांस 100 मि.ली.,10-03-2027,08-08-2024,10-03-2024,25,6,TI2352AAA2425,6,BKTA240007,4166.68,05AAECK5765H1ZE,12,30049011,0,200,0,KANHA JI DISTRIBUTORS
Divya Swasari Kwath 100 Gm,दिव्य स्वासारी क्वाथ 100 ग्राम,23-02-2026,08-08-2024,05-03-2024,25,6,TI2352AAA2425,6,ASSK240010,1666.56,05AAECK5765H1ZE,12,30049011,0,80,0,KANHA JI DISTRIBUTORS
Triphala Guggul 40 Tab,त्रिफला गुग्गुल 40 टैबलेट,14-04-2029,08-08-2024,10-05-2024,20,2.5,TI2352AAA2425,2.5,BTPG240026,666.75,05AAECK5765H1ZE,5,30049011,0,40,0,KANHA JI DISTRIBUTORS
EARGRIT EARDROP 15 ML,ईयरग्रिट ईयरड्रॉप 15 मि.ली.,05-04-2025,08-08-2024,05-04-2024,20,6,TI2352AAA2425,6,AAWB240006,1515.36,05AAECK5765H1ZE,12,30049011,0,95,0,KANHA JI DISTRIBUTORS
SAUNDARYA ALOEVERA GEL 150 ML,सौंदर्य एलोवेरा जेल 150 मि.ली.,25-12-2025,08-08-2024,03-07-2024,20,9,TI2352AAA2425,9,AAHP240112,1629.82,05AAECK5765H1ZE,18,33049910,0,100,0,KANHA JI DISTRIBUTORS
Trikatu Churna 10 Gm,त्रिकटु चूर्ण 10 ग्राम,10-01-2026,16-08-2024,21-01-2024,25,2.5,TI2506AAA2425,2.5,ATKC240004,416.59,05AAECK5765H1ZE,5,30049011,0,20,0,KANHA JI DISTRIBUTORS
BALM 25 GM (144 PC),बाम 25 ग्राम (144 नग),01-07-2027,16-08-2024,01-07-2024,48,6,TI2506AAA2425,6,AV12400024,1929.45,05AAECK5765H1ZE,12,30049011,0,60,0,KANHA JI DISTRIBUTORS
DIVYA MAHAMANJISTHADI KW. PRA.- 450ML,दिव्य महामंजिष्ठादि क्वाथ प्रायोगिक 450 मि.ली.,20-03-2034,16-08-2024,11-05-2024,1,2.5,TI2506AAA2425,2.5,MMP240007,1755,05AAECK5765H1ZE,5,30049011,0,135,0,KANHA JI DISTRIBUTORS
TRADITIONAL WHOLE WHEAT ATTA 10 KG(UK),पारंपरिक गेहूं का आटा 10 किग्रा (यूके),21-11-2024,16-08-2024,24-07-2024,2,2.5,TI2507AAA2425,2.5,PDBKP24016,3677.31,05AAECK5765H1ZE,5,11010000,0,410,0,KANHA JI DISTRIBUTORS
MADHURAM 1 KG,मधुरम गुड़ पाउडर 1 किग्रा,22-07-2025,16-08-2024,22-07-2024,1,2.5,TI2507AAA2425,2.5,AHG2400166,2291.63,05AAECK5765H1ZE,5,17011410,0,85,0,KANHA JI DISTRIBUTORS
DOODH BISCUIT 70 GM (100 PC),दूध बिस्किट 70 ग्राम (100 नग),22-01-2025,16-08-2024,26-07-2024,2,9,TI2507AAA2425,9,GT24/BP1,1706.28,05AAECK5765H1ZE,18,19053100,0,10,0,KANHA JI DISTRIBUTORS
AASTHA ROLI (POUCH)-20G,आस्था रोली (पाउच) 20 ग्राम,27-06-2027,14-08-2024,12-07-2024,96,0,TI30189AAA2425,0,ABVT240002,592.32,05AELPS3782C1ZD,0,33049940,0,15,0,DEEPAK TRADERS
AASTHA CHANDAN (POUCH)-20G,आस्था चंदन (पाउच) 20 ग्राम,07-07-2027,14-08-2024,22-07-2024,96,0,TI30189AAA2425,0,ABVU240001,592.32,05AELPS3782C1ZD,0,33049940,0,15,0,DEEPAK TRADERS
AASTHA SINDOOR (POUCH) -20G,आस्था सिंदूर (पाउच) 20 ग्राम,20-07-2027,14-08-2024,04-08-2024,96,0,TI30189AAA2425,0,ABVV240001,720.96,05AELPS3782C1ZD,0,33049940,0,15,0,DEEPAK TRADERS
AASTHA PREMIUM SANDAL DHOOP - 20 N,आस्था प्रीमियम चंदन धूप 20 नग,06-05-2026,14-08-2024,16-05-2024,30,2.5,TI30189AAA2425,2.5,AAWE240025,642.92,05AELPS3782C1ZD,5,33074100,0,35,0,DEEPAK TRADERS
AASTHA PREMIUM DELUXE DHOOP - 20 N,आस्था प्रीमियम डीलक्स धूप 20 नग,14-06-2026,14-08-2024,24-06-2024,30,2.5,TI30189AAA2425,2.5,AAWF240003,642.92,05AELPS3782C1ZD,5,33074100,0,35,0,DEEPAK TRADERS
AASTHA CHAMPA CONE DHOOP - 200 GM,आस्था चंपा कोन धूप 200 ग्राम,07-07-2026,14-08-2024,17-07-2024,6,2.5,TI30189AAA2425,2.5,AAUX240028,431.74,05AELPS3782C1ZD,5,33074100,0,120,0,DEEPAK TRADERS
AASTHA ROSE CONE DHOOP - 200 GM,आस्था गुलाब कोन धूप 200 ग्राम,21-06-2026,14-08-2024,01-07-2024,6,2.5,TI30189AAA2425,2.5,AAUY240036,431.74,05AELPS3782C1ZD,5,33074100,0,120,0,DEEPAK TRADERS
AASTHA BOUQUET CONE DHOOP - 200 GM,आस्था बुके कोन धूप 200 ग्राम,16-06-2026,14-08-2024,26-06-2024,6,2.5,TI30189AAA2425,2.5,AAWA240023,431.74,05AELPS3782C1ZD,5,33074100,0,120,0,DEEPAK TRADERS
AASTHA BAMBOOLESS AGARBATI BUDDHA -80G,आस्था बांस रहित अगरबत्ती बुद्धा 80 ग्राम,30-06-2027,14-08-2024,15-07-2024,6,2.5,TI30189AAA2425,2.5,ABTT240020,196.06,05AELPS3782C1ZD,5,33074100,0,60,0,DEEPAK TRADERS
AASTHA BAMBOOLESS AGARBATI SANDAL-80G,आस्था बांस रहित अगरबत्ती चंदन 80 ग्राम,19-07-2027,14-08-2024,03-08-2024,6,2.5,TI30189AAA2425,2.5,ABWJ240001,196.06,05AELPS3782C1ZD,5,33074100,0,60,0,DEEPAK TRADERS
AASTHA BAMBOOLESS AGARBATI WHITEROSE-80G,आस्था बांस रहित अगरबत्ती सफेद गुलाब 80 ग्राम,18-07-2027,14-08-2024,02-08-2024,6,2.5,TI30189AAA2425,2.5,ABWK240001,196.06,05AELPS3782C1ZD,5,33074100,0,60,0,DEEPAK TRADERS
AASTHA ASHTAGANDHA -25 GM,आस्था अष्टगंधा 25 ग्राम,15-06-2029,14-08-2024,11-07-2024,12,2.5,TI30189AAA2425,2.5,ABVZ240002,294.08,05AELPS3782C1ZD,5,33074900,0,45,0,DEEPAK TRADERS
AASTHA ROYAL 3-IN-1 - 16 GM,आस्था रॉयल 3-इन-1 अगरबत्ती 16 ग्राम,30-05-2027,14-08-2024,14-06-2024,24,2.5,TI30189AAA2425,2.5,ABBQ240003,148.18,05AELPS3782C1ZD,5,33074100,0,12,0,DEEPAK TRADERS
AASTHA ROYAL BLACK PEARL AGARBATTI- 16 G,आस्था रॉयल ब्लैक पर्ल अगरबत्ती 16 ग्राम,06-02-2027,14-08-2024,22-02-2024,24,2.5,TI30189AAA2425,2.5,ABBF240001,148.18,05AELPS3782C1ZD,5,33074100,0,12,0,DEEPAK TRADERS
AASTHA ROYAL DIVISHA AGARBATTI - 16 GM,आस्था रॉयल दिविशा अगरबत्ती 16 ग्राम,18-02-2027,14-08-2024,05-03-2024,24,2.5,TI30189AAA2425,2.5,AAYF240003,148.18,05AELPS3782C1ZD,5,33074100,0,12,0,DEEPAK TRADERS
AASTHA ROYAL JASMINE AGARBATTI - 16 GM,आस्था रॉयल चमेली अगरबत्ती 16 ग्राम,21-04-2027,14-08-2024,06-05-2024,24,2.5,TI30189AAA2425,2.5,ABBI240002,148.18,05AELPS3782C1ZD,5,33074100,0,12,0,DEEPAK TRADERS
AASTHA ROYAL KASTURI AGARBATTI - 16 GM,आस्था रॉयल कस्तूरी अगरबत्ती 16 ग्राम,07-04-2027,14-08-2024,22-04-2024,24,2.5,TI30189AAA2425,2.5,AAWX240002,148.18,05AELPS3782C1ZD,5,33074100,0,12,0,DEEPAK TRADERS
AASTHA ROYAL ROSE AGARBATTI - 16 GM,आस्था रॉयल गुलाब अगरबत्ती 16 ग्राम,19-04-2027,14-08-2024,04-05-2024,24,2.5,TI30189AAA2425,2.5,AAWV240005,148.18,05AELPS3782C1ZD,5,33074100,0,12,0,DEEPAK TRADERS
AASTHA COTTON WICKS PLAIN 25 GM,आस्था कपास रूई बत्ती 25 ग्राम,06-06-2027,14-08-2024,21-06-2024,16,0,TI30189AAA2425,0,A0M2400038,463.36,05AELPS3782C1ZD,0,33049940,0,40,0,DEEPAK TRADERS
AASTHA AIR FRESHNER (PBSMRF)MIX 250 ML-T,आस्था एयर फ्रेशनर (पीबीएसएमआरएफ) मिक्स 250 मि.ली.,15-09-2026,14-08-2024,01-10-2023,12,9,TI30189AAA2425,9,AF2023-50,1268.88,05AELPS3782C1ZD,18,33079090,0,185,0,DEEPAK TRADERS
Avipattikar Churna 100 Gm,अविपत्तिकर चूर्ण 100 ग्राम,01-05-2026,22-08-2024,11-05-2024,25,2.5,TI2601AAA2425,2.5,BAVC240013,1250.03,05AAECK5765H1ZE,5,30049011,0,60,0,KANHA JI DISTRIBUTORS
COWS GHEE 500 ML - T,गाय का घी 500 मि.ली.,11-05-2025,22-08-2024,14-08-2024,1,6,TI2601AAA2425,6,FAWD240034,9812.88,05AAECK5765H1ZE,12,4059020,0,355,0,KANHA JI DISTRIBUTORS
DANT KANTI NATURAL(200GX3)BIG SAVER PACK,दंत कान्ति नेचुरल (200 ग्राम × 3) बड़ा बचत पैक,22-06-2026,22-08-2024,02-07-2024,2,9,TI2601AAA2425,9,AAPW240019,11317.8,05AAECK5765H1ZE,18,33061020,0,280,0,KANHA JI DISTRIBUTORS
MOONG CHILKA 1000 GM (R1),मूंग दाल छिलका 1000 ग्राम,02-05-2025,22-08-2024,05-08-2024,2,2.5,TI2601AAA2425,2.5,BPRMC24016,2596.65,05AAECK5765H1ZE,5,7133190,0,150,0,KANHA JI DISTRIBUTORS
GONYLE FLOOR CLEANER - 1 LTR,गोनाइल फ्लोर क्लीनर 1 लीटर,03-08-2025,22-08-2024,08-08-2024,1,9,TI2601AAA2425,9,2465/24-25,623.89,05AAECK5765H1ZE,18,38084000,0,70,0,KANHA JI DISTRIBUTORS
TRIPHALA CHURNA -100GM,त्रिफला चूर्ण 100 ग्राम,26-05-2026,22-08-2024,05-06-2024,25,2.5,TI2601AAA2425,2.5,ATPC240079,612.41,05AAECK5765H1ZE,5,30049011,0,30,0,KANHA JI DISTRIBUTORS
Chandraprabha Vati 40 Tab,चंद्रप्रभा वटी 40 टैबलेट,17-02-2029,22-08-2024,15-03-2024,20,2.5,TI2601AAA2425,2.5,BCPV240073,716.73,05AAECK5765H1ZE,5,30049011,0,43,0,KANHA JI DISTRIBUTORS
ASHVASHILA -11 GM (STRIP),अश्वशिला स्ट्रिप 11 ग्राम,25-06-2026,22-08-2024,05-07-2024,20,6,TI2601AAA2425,6,AASP240030,1435.68,05AAECK5765H1ZE,12,30049011,0,100,0,KANHA JI DISTRIBUTORS
DIVYA LIVAMRIT ADVANCE 60 N - T,दिव्य लिवामृत एडवांस 60 नग,26-04-2027,22-08-2024,11-05-2024,20,6,TI2601AAA2425,6,ALAT240026,3920,05AAECK5765H1ZE,12,30049011,0,240,0,KANHA JI DISTRIBUTORS
K.K. COLOR NATURAL BLACK (CREAM & DEV)-T,के.के. कलर नेचुरल ब्लैक (क्रीम एवं डेवलपर),27-05-2025,22-08-2024,01-06-2024,20,9,TI2601AAA2425,9,ACBD240038,636.73,05AAECK5765H1ZE,18,33059090,0,40,0,KANHA JI DISTRIBUTORS
LIVAMRIT SYRUP - 200 ML,लिवामृत सिरप 200 मि.ली.,08-07-2026,22-08-2024,08-07-2024,24,6,TI2601AAA2425,6,A8B2400076,1688.33,05AAECK5765H1ZE,12,30049011,0,90,0,KANHA JI DISTRIBUTORS
BROWN BASMATI RICE POUCH 1 KG,भूरा बासमती चावल पाउच 1 किग्रा,06-07-2026,22-08-2024,16-07-2024,1,2.5,TI2601AAA2425,2.5,E7E2400005,2018.31,05AAECK5765H1ZE,5,10063020,0,140,0,KANHA JI DISTRIBUTORS
ALOEVERA JUICE 1 L (FIBRE),एलोवेरा रस (फाइबर युक्त) 1 लीटर,20-04-2025,29-08-2024,24-07-2024,1,6,TI2741AAA2425,6,PGD2400360,1768.77,05AAECK5765H1ZE,12,30049011,0,210,0,KANHA JI DISTRIBUTORS
SUGAR 1 KG,चीनी 1 किग्रा,07-07-2026,29-08-2024,17-07-2024,1,2.5,TI2741AAA2425,2.5,BAGQ240067,1800.54,05AAECK5765H1ZE,5,17011490,0,65,0,KANHA JI DISTRIBUTORS
COCONUT OIL 200 ML (B) TRADE OFFER,नारियल तेल 200 मि.ली. (बी) ट्रेड ऑफर,05-09-2025,29-08-2024,12-06-2024,1,2.5,TI2741AAA2425,2.5,ABUJ240007,2866.25,05AAECK5765H1ZE,5,15131900,0,70,0,KANHA JI DISTRIBUTORS
TURMERIC POWDER 500 GM,हल्दी पाउडर 500 ग्राम,11-07-2025,29-08-2024,11-07-2024,1,2.5,TI2741AAA2425,2.5,ALC2400024,1656.3,05AAECK5765H1ZE,5,9103030,0,200,0,KANHA JI DISTRIBUTORS
KARELA JAMUN 50-50 JUICE - 500 ML,करेला-जामुन 50-50 रस 500 मि.ली.,07-08-2025,29-08-2024,07-08-2024,2,6,TI2741AAA2425,6,ABPB240013,2871.32,05AAECK5765H1ZE,12,30049011,0,150,0,KANHA JI DISTRIBUTORS
Punarnavadi Mandoor 60 Tab,पुनर्नवादि मांडूर 60 टैबलेट,11-05-2034,29-08-2024,02-07-2024,20,2.5,TI2741AAA2425,2.5,BPNM240032,916.65,05AAECK5765H1ZE,5,30049011,0,55,0,KANHA JI DISTRIBUTORS
Divya Sarvakalp Kwath 100 Gm,दिव्य सर्वकल्प क्वाथ 100 ग्राम,30-04-2026,29-08-2024,10-05-2024,50,6,TI2741AAA2425,6,ASKK240022,1458.24,05AAECK5765H1ZE,12,30049011,0,35,0,KANHA JI DISTRIBUTORS
GILOY GHAN VATI 60 PC (NEW),गिलोय घन वटी 60 नग (नया),06-07-2026,29-08-2024,16-07-2024,24,6,TI2741AAA2425,6,AAI2400052,1875.96,05AAECK5765H1ZE,12,30049011,0,100,0,KANHA JI DISTRIBUTORS
BANDHANI HING 50 GM (NEW) - T,बंधनी हींग 50 ग्राम (नया),30-11-2025,29-08-2024,06-05-2024,12,2.5,TI2741AAA2425,2.5,CASY240013,1061.3,05AAECK5765H1ZE,5,13019013,0,120,0,KANHA JI DISTRIBUTORS
KESH K. HERBAL MEHANDI (BURGUNDY) 15GM-T,केश कान्ति हर्बल मेहंदी (बरगंडी) 15 ग्राम,24-02-2025,29-08-2024,01-03-2024,20,9,TI2741AAA2425,9,ABUR240003,477.43,05AAECK5765H1ZE,18,33059090,0,30,0,KANHA JI DISTRIBUTORS
SUGAR 5 KG,चीनी 5 किग्रा,16-06-2026,29-08-2024,26-06-2024,1,2.5,TI2741AAA2425,2.5,BAIW240040,1744.97,05AAECK5765H1ZE,5,17011490,0,315,0,KANHA JI DISTRIBUTORS
MUSTARD OIL 5 L (J)-T,सरसों का तेल 5 लीटर,16-08-2025,04-09-2024,21-08-2024,1,2.5,TI2861AAA2425,2.5,N3B2400028,2862.17,05AAECK5765H1ZE,5,15149920,0,775,0,KANHA JI DISTRIBUTORS
NUT SPT ORG OMEGA 3679,"न्यूट्रेला नट्रिशन सप्लीमेंट ओमेगा 3, 6, 7, 9 युक्त",01-07-2026,04-09-2024,01-07-2024,1,9,TI2861AAA2425,9,ABUU240002,333.34,05AAECK5765H1ZE,18,21069099,0,550,0,KANHA JI DISTRIBUTORS
Divya Hawan Samagari 500 Gm-DUP,दिव्य हवन सामग्री 500 ग्राम,10-05-2026,04-09-2024,20-05-2024,1,2.5,TI2861AAA2425,2.5,ADHS240028,1666.77,05AAECK5765H1ZE,5,33074100,0,100,0,KANHA JI DISTRIBUTORS
HERBO WASH DETERGENT POWDER 500 G-T,हर्बो वॉश डिटर्जेंट पाउडर 500 ग्राम,04-06-2029,04-09-2024,05-06-2024,1,9,TI2861AAA2425,9,BN42400005,1491.52,05AAECK5765H1ZE,18,34029011,0,43,0,KANHA JI DISTRIBUTORS
DOODH BISCUIT 70 GM (100 PC),दूध बिस्किट 70 ग्राम (100 नग),20-02-2025,04-09-2024,24-08-2024,1,9,TI2861AAA2425,9,HR24/BP1,853.14,05AAECK5765H1ZE,18,19053100,0,10,0,KANHA JI DISTRIBUTORS
DOODH BISCUIT 35 GM (200 PC),दूध बिस्किट 35 ग्राम (200 नग),21-02-2025,04-09-2024,25-08-2024,1,9,TI2861AAA2425,9,HT24/AV9,851.96,05AAECK5765H1ZE,18,19053100,0,5,0,KANHA JI DISTRIBUTORS
MUSTARD OIL 1 L (P)-T,सरसों का तेल 1 लीटर,23-08-2025,04-09-2024,28-08-2024,1,2.5,TI2861AAA2425,2.5,N2B2400061,1630.82,05AAECK5765H1ZE,5,15149920,0,150,0,KANHA JI DISTRIBUTORS
Chirayta Kwath 100 GM,चिरायता क्वाथ 100 ग्राम,24-07-2026,04-09-2024,03-08-2024,25,2.5,TI2861AAA2425,2.5,ACRK240010,1875.04,05AAECK5765H1ZE,5,30049011,0,90,0,KANHA JI DISTRIBUTORS
PAT NUTRELA VIT D2K NATURAL VANILA(60),न्यूट्रेला विटामिन D2K नेचुरल वनीला (60 नग),06-07-2026,04-09-2024,06-07-2024,6,9,TI2861AAA2425,9,AANU240009,1136.34,05AAECK5765H1ZE,18,21069099,0,250,0,KANHA JI DISTRIBUTORS
BEAUTY CREAM ADV.- 50 G,ब्यूटी क्रीम एडवांस 50 ग्राम,19-06-2026,04-09-2024,19-06-2024,24,9,TI2861AAA2425,9,ABED240004,1780.48,05AAECK5765H1ZE,18,33049910,0,95,0,KANHA JI DISTRIBUTORS
DRISHTI EYE DROP 10 ML (NEW),दृष्टि नेत्र ड्रॉप 10 मि.ली. (नया),05-07-2025,04-09-2024,05-07-2024,40,6,TI2861AAA2425,6,AAST240035,637.95,05AAECK5765H1ZE,12,30049011,0,20,0,KANHA JI DISTRIBUTORS
DIVYA ASHWAGANDHA CHURNA - 100 GM,दिव्य अश्वगंधा चूर्ण 100 ग्राम,24-07-2026,04-09-2024,03-08-2024,25,2.5,TI2861AAA2425,2.5,AAGC240041,1735.39,05AAECK5765H1ZE,5,30049011,0,85,0,KANHA JI DISTRIBUTORS
ASHVAGANDHA -11 GM (STRIP),अश्वगंधा स्ट्रिप 11 ग्राम,14-07-2026,04-09-2024,24-07-2024,20,6,TI2861AAA2425,6,AASZ240025,1292.09,05AAECK5765H1ZE,12,30049011,0,90,0,KANHA JI DISTRIBUTORS
TOMATO KETCHUP W/O ONION GRLC 950GM(P)-T,टमाटर केचप (बिना प्याज व लहसुन) 950 ग्राम,12-04-2025,04-09-2024,16-07-2024,1,6,TI2861AAA2425,6,DQU2400019,1202.88,05AAECK5765H1ZE,12,21032000,0,150,0,KANHA JI DISTRIBUTORS
MIXED FRUIT JAM 500 G,मिश्रित फल जैम 500 ग्राम,05-12-2025,04-09-2024,13-06-2024,1,6,TI2861AAA2425,6,BAW2400015,962.3,05AAECK5765H1ZE,12,20079990,0,125,0,KANHA JI DISTRIBUTORS
DIVYA ASHWAGANDHARISHTA - 450 ML,दिव्य अश्वगंधारिष्ट 450 मि.ली.,19-05-2034,04-09-2024,10-07-2024,1,2.5,TI2861AAA2425,2.5,ASG240013,2274.98,05AAECK5765H1ZE,5,30049011,0,175,0,KANHA JI DISTRIBUTORS
AMLA JUICE 1 L,आंवला रस 1 लीटर,08-08-2025,04-09-2024,08-08-2024,1,6,TI2861AAA2425,6,AGH2400163,1179.18,05AAECK5765H1ZE,12,30049011,0,140,0,KANHA JI DISTRIBUTORS
COWS WHOLE MILK POWDER 500-GM,गाय का पूर्ण दूध पाउडर 500 ग्राम,06-02-2025,04-09-2024,10-08-2024,1,2.5,TI2861AAA2425,2.5,BLB2400011,4810.93,05AAECK5765H1ZE,5,4021090,0,235,0,KANHA JI DISTRIBUTORS
TWISTY TASTY BISCUIT 70 GM,ट्विस्टी टेस्टी बिस्किट 70 ग्राम,22-02-2025,04-09-2024,26-08-2024,1,9,TI2861AAA2425,9,HU24/BP1,426.57,05AAECK5765H1ZE,18,19059020,0,10,0,KANHA JI DISTRIBUTORS
KESH KANTI ADV. H.H. EXPERT SHAMPO-100ML,केश कान्ति एडवांस हेयर एक्सपर्ट शैम्पू 100 मि.ली.,27-06-2026,04-09-2024,27-06-2024,12,9,TI2861AAA2425,9,AAWT240006,1038.92,05AAECK5765H1ZE,18,33051090,0,120,0,KANHA JI DISTRIBUTORS
PAT NUTRELA BONE HEALTH NATURAL CAPSULE,न्यूट्रेला बोन हेल्थ नेचुरल कैप्सूल,05-07-2027,04-09-2024,05-07-2024,3,6,TI2861AAA2425,6,AANN240012,454.54,05AAECK5765H1ZE,12,30049011,0,250,0,KANHA JI DISTRIBUTORS
PEEDANTAK PAIN RELIEVER 50 G,पीड़ान्तक दर्द निवारक क्रीम 50 ग्राम,12-08-2026,04-09-2024,12-08-2024,12,6,TI2861AAA2425,6,AAD2400005,669.98,05AAECK5765H1ZE,12,30049011,0,70,0,KANHA JI DISTRIBUTORS
SHATAVAR CHURNA (Ayurvedic Medicine),शतावरी चूर्ण (आयुर्वेदिक औषधि),18-07-2025,04-09-2024,18-07-2024,5,2.5,TI2861AAA2425,2.5,ABEE240066,783.77,05AAECK5765H1ZE,5,30049011,0,200,0,KANHA JI DISTRIBUTORS
AMLA CANDY 250 G,आंवला कैंडी 250 ग्राम,02-07-2025,04-09-2024,02-07-2024,12,2.5,TI2861AAA2425,2.5,ABLX240051,777.36,05AAECK5765H1ZE,5,8112010,0,90,0,KANHA JI DISTRIBUTORS
MUNAKKA RAISIN 250 GM (MONO),मुनक्का किशमिश 250 ग्राम,01-01-2025,04-09-2024,05-07-2024,2,2.5,TI2861AAA2425,2.5,AARU240012,484.34,05AAECK5765H1ZE,5,8062090,0,270,0,KANHA JI DISTRIBUTORS
FIG (ANJEER) 250 GM (MONO),अंजीर 250 ग्राम,03-02-2025,04-09-2024,07-08-2024,1,6,TI2861AAA2425,6,AARX240019,447.27,05AAECK5765H1ZE,12,8042090,0,500,0,KANHA JI DISTRIBUTORS
TUVAR DAL 1000 GM (R1),अरहर दाल 1000 ग्राम,17-05-2025,11-09-2024,20-08-2024,1,2.5,TI2986AAA2425,2.5,BPRAD24021,2250.47,05AAECK5765H1ZE,5,7136000,0,260,0,KANHA JI DISTRIBUTORS
ALOEVERA JUICE 1 L (FIBRE),एलोवेरा रस (फाइबर युक्त) 1 लीटर,10-05-2025,11-09-2024,13-08-2024,1,6,TI2986AAA2425,6,PGD2400390,1768.77,05AAECK5765H1ZE,12,30049011,0,210,0,KANHA JI DISTRIBUTORS
OATS 500GM - T,ओट्स 500 ग्राम,10-08-2025,11-09-2024,10-08-2024,1,2.5,TI2986AAA2425,2.5,ANO100824,1700.5,05AAECK5765H1ZE,5,11041200,0,100,0,KANHA JI DISTRIBUTORS
ATTA NOODLES CHATPATA-60 GM (96 PC) - T,आटा नूडल्स चटपटा 60 ग्राम (96 नग),04-05-2025,11-09-2024,07-08-2024,1,6,TI2986AAA2425,6,CH070824,925.75,05AAECK5765H1ZE,12,19022090,0,12,0,KANHA JI DISTRIBUTORS
DIGESTIVE BISCUIT 100 GM,डाइजेस्टिव बिस्किट 100 ग्राम,19-02-2025,11-09-2024,23-08-2024,1,9,TI2986AAA2425,9,HR24/AV9,771.44,05AAECK5765H1ZE,18,19053100,0,20,0,KANHA JI DISTRIBUTORS
MUSTARD OIL 1 L (P)-T,सरसों का तेल 1 लीटर,24-08-2025,11-09-2024,29-08-2024,10,2.5,TI2986AAA2425,2.5,O2B2400028,16308.18,05AAECK5765H1ZE,5,15149920,0,150,0,KANHA JI DISTRIBUTORS
SPE. CHYWNPRSH 1 KG - FREE HONEY 100 GM,विशेष च्यवनप्राश 1 किग्रा + मुफ्त शहद 100 ग्राम,16-12-2026,11-09-2024,01-01-2024,1,6,TI2986AAA2425,6,ABKF240002,2928.65,05AAECK5765H1ZE,12,30049011,0,360,0,KANHA JI DISTRIBUTORS
PATANJALI HONEY 100 GM (OFFER PACK),पतंजलि शहद 100 ग्राम (ऑफर पैक),25-06-2025,11-09-2024,02-01-2024,12,2.5,TI2986AAA2425,2.5,ABKG240002,0.69,05AAECK5765H1ZE,5,4090000,0,1.14583,0,KANHA JI DISTRIBUTORS
NAVRATNA ATTA 2 KG,नवरत्न आटा 2 किग्रा,15-02-2025,11-09-2024,19-08-2024,1,2.5,TI2986AAA2425,2.5,AHV2400028,2959.95,05AAECK5765H1ZE,5,11010000,0,165,0,KANHA JI DISTRIBUTORS
HERBAL POWERVITA PLUS - 500 GM REFILL -T,हर्बल पावरवीटा प्लस 500 ग्राम रीफिल,15-04-2025,11-09-2024,19-07-2024,1,9,TI2986AAA2425,9,ASZ2400015,3981.51,05AAECK5765H1ZE,18,19019090,0,205,0,KANHA JI DISTRIBUTORS
FORTIFIED SOYABEAN OIL 1 LTR (P) - T,फोर्टिफाइड सोयाबीन तेल 1 लीटर,07-05-2025,11-09-2024,10-08-2024,2,2.5,TI2986AAA2425,2.5,BR2B240030,2693.12,05AAECK5765H1ZE,5,15079010,0,125,0,KANHA JI DISTRIBUTORS
RICE BRAN OIL 1 LTR (P),चावल की भूसी का तेल 1 लीटर,23-05-2025,11-09-2024,26-08-2024,1,2.5,TI2986AAA2425,2.5,ORE2400052,1413.47,05AAECK5765H1ZE,5,15159040,0,130,0,KANHA JI DISTRIBUTORS
MADHURAM 1 KG,मधुरम गुड़ पाउडर 1 किग्रा,09-08-2025,11-09-2024,09-08-2024,1,2.5,TI2986AAA2425,2.5,AHG2400184,2177.05,05AAECK5765H1ZE,5,17011410,0,85,0,KANHA JI DISTRIBUTORS
TRADITIONAL WHOLE WHEAT ATTA 5 KG(UK),पारंपरिक गेहूं का आटा 5 किग्रा (यूके),20-12-2024,11-09-2024,22-08-2024,1,2.5,TI2986AAA2425,2.5,PDBKQ24019,1542.74,05AAECK5765H1ZE,5,11010000,0,215,0,KANHA JI DISTRIBUTORS
TRADITIONAL WHOLE WHEAT ATTA 10 KG(UK),पारंपरिक गेहूं का आटा 10 किग्रा (यूके),21-12-2024,11-09-2024,23-08-2024,1,2.5,TI2986AAA2425,2.5,PDBKP24020,1838.66,05AAECK5765H1ZE,5,11010000,0,410,0,KANHA JI DISTRIBUTORS
Avipattikar Churna 100 Gm,अविपत्तिकर चूर्ण 100 ग्राम,25-07-2026,11-09-2024,04-08-2024,50,2.5,TI2986AAA2425,2.5,BAVC240016,2500.05,05AAECK5765H1ZE,5,30049011,0,60,0,KANHA JI DISTRIBUTORS
GROUNDNUT OIL 1 LTR (P),मूंगफली का तेल 1 लीटर,26-05-2025,11-09-2024,29-08-2024,1,2.5,TI2986AAA2425,2.5,ORQ2400032,2228.81,05AAECK5765H1ZE,5,15089091,0,205,0,KANHA JI DISTRIBUTORS
SESAME OIL 1 L (B)-T,तिल का तेल 1 लीटर,11-04-2025,11-09-2024,15-07-2024,1,2.5,TI2986AAA2425,2.5,JACQ240036,2868.73,05AAECK5765H1ZE,5,15155091,0,295,0,KANHA JI DISTRIBUTORS
BADAM PAK 500 G,बादाम पाक 500 ग्राम,28-07-2026,11-09-2024,07-08-2024,6,6,TI2987AAA2425,6,ACY2400008,1315.98,05AAECK5765H1ZE,12,30049011,0,275,0,KANHA JI DISTRIBUTORS
DIVYA MUKTA VATI EXTRA POWER 30X4 TAB,दिव्य मुक्तावटी एक्स्ट्रा पावर 30×4 टैबलेट,06-06-2029,11-09-2024,02-07-2024,20,6,TI2987AAA2425,6,AMUE240096,3674.94,05AAECK5765H1ZE,12,30049011,0,225,0,KANHA JI DISTRIBUTORS
DIVYA MADHUNASHNI VATI EX.POWER 30X4 TAB,दिव्य मधुनाशिनी वटी एक्स्ट्रा पावर 30×4 टैबलेट,17-06-2027,11-09-2024,02-07-2024,20,6,TI2987AAA2425,6,BMNE240186,3674.94,05AAECK5765H1ZE,12,30049011,0,225,0,KANHA JI DISTRIBUTORS
K.K. COLOR DARK BROWN (CREAM & DEV)-T,के.के. कलर गाढ़ा भूरा (क्रीम एवं डेवलपर),26-06-2025,11-09-2024,01-07-2024,20,9,TI2987AAA2425,9,ACDD240028,556.96,05AAECK5765H1ZE,18,33059090,0,35,0,KANHA JI DISTRIBUTORS
NUT SPT ORG OMEGA 3679,"न्यूट्रेला नट्रिशन सप्लीमेंट ओमेगा 3, 6, 7, 9 युक्त",01-07-2026,11-09-2024,01-07-2024,3,9,TI2987AAA2425,9,ABUU240002,1000.01,05AAECK5765H1ZE,18,21069099,0,550,0,KANHA JI DISTRIBUTORS
DIVYA SHUNTHI CHURAN (B.P.N) -100GM,दिव्य शुंठी चूर्ण (बी.पी.एन) 100 ग्राम,10-05-2026,11-09-2024,20-05-2024,25,2.5,TI2987AAA2425,2.5,BSUC240009,1354.24,05AAECK5765H1ZE,5,30049011,0,65,0,KANHA JI DISTRIBUTORS
RAISINS 250 GM (MONO),किशमिश 250 ग्राम,23-02-2025,11-09-2024,27-08-2024,6,2.5,TI2987AAA2425,2.5,AARV240025,538.15,05AAECK5765H1ZE,5,8062090,0,100,0,KANHA JI DISTRIBUTORS
GOLD TEA - 10 GM (RS.5) (MT) - T,गोल्ड टी 10 ग्राम (₹5),18-01-2025,11-09-2024,19-01-2024,16,2.5,TI2987AAA2425,2.5,BBNN240001,68.38,05AAECK5765H1ZE,5,9024090,0,5,0,KANHA JI DISTRIBUTORS
EYEGRIT EYE DROP 10 ML,आईग्रिट आई ड्रॉप 10 मि.ली.,08-08-2026,11-09-2024,08-08-2024,40,6,TI2987AAA2425,6,ABQR240014,1306.82,05AAECK5765H1ZE,12,30049011,0,40,0,KANHA JI DISTRIBUTORS
CASHEW (KAJU) 250 GM (MONO),काजू 250 ग्राम,13-01-2025,11-09-2024,17-07-2024,2,2.5,TI2987AAA2425,2.5,AARW240015,493.31,05AAECK5765H1ZE,5,8013220,0,275,0,KANHA JI DISTRIBUTORS
ALMOND (BADAM) 250 GM (MONO),बादाम 250 ग्राम,17-02-2025,11-09-2024,21-08-2024,3,6,TI2987AAA2425,6,AART240025,845.34,05AAECK5765H1ZE,12,8021100,0,315,0,KANHA JI DISTRIBUTORS
BADAM PAK 250 G,बादाम पाक 250 ग्राम,24-06-2026,11-09-2024,04-07-2024,6,6,TI2987AAA2425,6,ACX2400005,693.91,05AAECK5765H1ZE,12,30049011,0,145,0,KANHA JI DISTRIBUTORS
MAKHANA 250 GM,मखाना 250 ग्राम,04-07-2025,26-09-2024,07-09-2024,1,2.5,TI3275AAA2425,2.5,AALI240062,6457.92,05AAECK5765H1ZE,5,8029000,0,450,0,KANHA JI DISTRIBUTORS
DOODH BISCUIT 35 GM (200 PC),दूध बिस्किट 35 ग्राम (200 नग),10-03-2025,26-09-2024,11-09-2024,1,9,TI3275AAA2425,9,IF24/AV9,851.96,05AAECK5765H1ZE,18,19053100,0,5,0,KANHA JI DISTRIBUTORS
TOOTHBRUSH NORMAL HANGER (336 PC) - T,टूथब्रश नॉर्मल हैंगर 336 नग,28-06-2029,26-09-2024,29-06-2024,1,9,TI3275AAA2425,9,290624NL,2680.2,05AAECK5765H1ZE,18,96032100,0,10,0,KANHA JI DISTRIBUTORS
FORTIFIED SUNFLOWER OIL 1 LTR (P) - T,फोर्टिफाइड सूरजमुखी तेल 1 लीटर,13-06-2025,26-09-2024,16-09-2024,2,2.5,TI3275AAA2425,2.5,BR2A240042,3231.65,05AAECK5765H1ZE,5,15121910,0,150,0,KANHA JI DISTRIBUTORS
ATTA NOODLES DESI MASALA 60 GM (96 PC)-T,आटा नूडल्स देसी मसाला 60 ग्राम (96 नग),07-06-2025,26-09-2024,10-09-2024,2,6,TI3275AAA2425,6,DM100924,1851.49,05AAECK5765H1ZE,12,19022090,0,12,0,KANHA JI DISTRIBUTORS
Amla Churna 100 Gm,आंवला चूर्ण 100 ग्राम,05-08-2026,26-09-2024,15-08-2024,25,2.5,TI3275AAA2425,2.5,BAMC240028,729.23,05AAECK5765H1ZE,5,30049011,0,35,0,KANHA JI DISTRIBUTORS
Divya Arshkalp Vati 40 Tab,दिव्य अर्शकल्प वटी 40 टैबलेट,16-03-2027,26-09-2024,31-03-2024,20,6,TI3275AAA2425,6,BAKV240031,749.95,05AAECK5765H1ZE,12,30049011,0,45,0,KANHA JI DISTRIBUTORS
AMLA CANDY 100G POUCH (FSSAI),आंवला कैंडी 100 ग्राम पाउच (एफएसएसएआई प्रमाणित),17-08-2025,26-09-2024,17-08-2024,20,2.5,TI3275AAA2425,2.5,ABJW240069,0.56,05AAECK5765H1ZE,5,8112010,0,40,0,KANHA JI DISTRIBUTORS
HONEY 500GM OFFER WITH AMLA CANDY 100 GM,शहद 500 ग्राम (आंवला कैंडी 100 ग्राम के साथ ऑफर),08-02-2026,26-09-2024,17-08-2024,1,2.5,TI3275AAA2425,2.5,ABJO240016,2855.11,05AAECK5765H1ZE,5,4090000,0,210,0,KANHA JI DISTRIBUTORS
TRADITIONAL WHOLE WHEAT ATTA 10 KG(UK),पारंपरिक गेहूं का आटा 10 किग्रा (यूके),20-12-2024,26-09-2024,22-08-2024,1,2.5,TI3275AAA2425,2.5,PDBKP24019,1838.66,05AAECK5765H1ZE,5,11010000,0,410,0,KANHA JI DISTRIBUTORS
SUPER DISHWASH BAR-225 G B3G1 FREE,सुपर डिशवॉश बार 225 ग्राम (खरीदो 3 पाओ 1 मुफ्त),06-08-2027,26-09-2024,06-08-2024,2,9,TI3275AAA2425,9,AAXW240047,1346.9,05AAECK5765H1ZE,18,34011990,0,72,0,KANHA JI DISTRIBUTORS
SUPER DISHWASH BAR-RS10/- (T.O. FREE 3N),सुपर डिशवॉश बार ₹10/- (ट्रेड ऑफर फ्री 3 नग),02-08-2027,26-09-2024,02-08-2024,1,9,TI3275AAA2425,9,AAXY240161,519.67,05AAECK5765H1ZE,18,34011941,0,10,0,KANHA JI DISTRIBUTORS
BARLEY DALIA 500 G,जौ का दलिया 500 ग्राम,09-02-2025,26-09-2024,13-08-2024,1,2.5,TI3275AAA2425,2.5,PDCU240061,1407.42,05AAECK5765H1ZE,5,11031900,0,55,0,KANHA JI DISTRIBUTORS
BASMATI RICE 5 KG(SILVER) - (NEW),बासमती चावल 5 किग्रा (सिल्वर) (नया),30-07-2026,26-09-2024,09-08-2024,1,2.5,TI3275AAA2425,2.5,EKE2400008,1801.59,05AAECK5765H1ZE,5,10063020,0,635,0,KANHA JI DISTRIBUTORS
DANT KANTI NATURAL TOOTHPASTE 100 GM,दंत कान्ति नेचुरल टूथपेस्ट 100 ग्राम,10-08-2026,03-10-2024,20-08-2024,1,9,TI3402AAA2425,9,AAQA240109,7355.84,05AAECK5765H1ZE,18,33061020,0,60,0,KANHA JI DISTRIBUTORS
HERBO WASH DETERGENT POWDER 1 KG-T,हर्बो वॉश डिटर्जेंट पाउडर 1 किग्रा,24-06-2029,03-10-2024,25-06-2024,1,9,TI3402AAA2425,9,BN52400025,1842.87,05AAECK5765H1ZE,18,34029011,0,85,0,KANHA JI DISTRIBUTORS
GONYLE FLOOR CLEANER - 5 LTR,गोनाइल फ्लोर क्लीनर 5 लीटर,04-09-2025,03-10-2024,09-09-2024,1,9,TI3402AAA2425,9,0610/24-25,980.39,05AAECK5765H1ZE,18,38084000,0,330,0,KANHA JI DISTRIBUTORS
GONYLE FLOOR CLEANER - 1 LTR,गोनाइल फ्लोर क्लीनर 1 लीटर,04-09-2025,03-10-2024,09-09-2024,1,9,TI3402AAA2425,9,2991/24-25,623.89,05AAECK5765H1ZE,18,38084000,0,70,0,KANHA JI DISTRIBUTORS
COWS GHEE 500 ML - T,गाय का घी 500 मि.ली.,19-06-2025,03-10-2024,22-09-2024,1,6,TI3402AAA2425,6,FAWD240046,9567.56,05AAECK5765H1ZE,12,4059020,0,355,0,KANHA JI DISTRIBUTORS
COWS GHEE 1 L - T,गाय का घी 1 लीटर,22-06-2025,03-10-2024,25-09-2024,1,6,TI3402AAA2425,6,FAWC240147,8961.17,05AAECK5765H1ZE,12,4059020,0,665,0,KANHA JI DISTRIBUTORS
BASMATI RICE 1 KG(SILVER) - (NEW),बासमती चावल 1 किग्रा (सिल्वर) (नया),06-09-2026,03-10-2024,16-09-2024,1,2.5,TI3402AAA2425,2.5,EKM2400009,1648.5,05AAECK5765H1ZE,5,10063020,0,130,0,KANHA JI DISTRIBUTORS
PATANJALI HONEY 100 GM (OFFER PACK),पतंजलि शहद 100 ग्राम (ऑफर पैक),26-06-2025,03-10-2024,03-01-2024,12,2.5,TI3402AAA2425,2.5,ABKG240003,0.53,05AAECK5765H1ZE,5,4090000,0,55,0,KANHA JI DISTRIBUTORS
SPE. CHYWNPRSH 1 KG - FREE HONEY 100 GM,विशेष च्यवनप्राश 1 किग्रा + मुफ्त शहद 100 ग्राम,17-12-2026,03-10-2024,02-01-2024,1,6,TI3402AAA2425,6,ABKF240003,2928.65,05AAECK5765H1ZE,12,30049011,0,360,0,KANHA JI DISTRIBUTORS
KABULI CHANA 1000 GM (R1),काबुली चना 1000 ग्राम,06-05-2025,03-10-2024,09-08-2024,1,2.5,TI3402AAA2425,2.5,BPKCC24012,1731.14,05AAECK5765H1ZE,5,7132010,0,200,0,KANHA JI DISTRIBUTORS
SESAME OIL 1 L (B)-T,तिल का तेल 1 लीटर,18-06-2025,03-10-2024,21-09-2024,1,2.5,TI3402AAA2425,2.5,JACQ240051,2722.81,05AAECK5765H1ZE,5,15155091,0,280,0,KANHA JI DISTRIBUTORS
GREEN FLUSH TOILET CLEANER LOW HCl-500ML,ग्रीन फ्लश टॉयलेट क्लीनर (लो HCl) 500 मि.ली.,04-09-2026,03-10-2024,04-09-2024,1,9,TI3402AAA2425,9,ABHE240012,1625.57,05AAECK5765H1ZE,18,34029092,0,95,0,KANHA JI DISTRIBUTORS
TRADITIONAL WHOLE WHEAT ATTA 10 KG(UK),पारंपरिक गेहूं का आटा 10 किग्रा (यूके),21-12-2024,03-10-2024,23-08-2024,1,2.5,TI3402AAA2425,2.5,PDBKP24020,1838.66,05AAECK5765H1ZE,5,11010000,0,410,0,KANHA JI DISTRIBUTORS
HERBO WASH DETERGENT CAKE-225 G,हर्बो वॉश डिटर्जेंट केक 225 ग्राम,24-07-2027,03-10-2024,24-07-2024,1,9,TI3402AAA2425,9,ABOW240004,996.51,05AAECK5765H1ZE,18,34029011,0,25,0,KANHA JI DISTRIBUTORS
DISHWASH BAR-600G (500G+100G)+SCRUB PAD,डिशवॉश बार 600 ग्राम (500+100 ग्राम) + स्क्रब पैड,09-09-2027,03-10-2024,09-09-2024,1,9,TI3402AAA2425,9,AAYX240031,1173.3,05AAECK5765H1ZE,18,34011990,0,60,0,KANHA JI DISTRIBUTORS
SUPER DISH WASH BAR PACK OF 4 @ Rs. 30/-,सुपर डिश वॉश बार पैक (4 नग) ₹30/-,29-06-2027,03-10-2024,29-06-2024,1,9,TI3402AAA2425,9,ABOU240010,598.4,05AAECK5765H1ZE,18,34011941,0,30,0,KANHA JI DISTRIBUTORS
SUPER DISHWASH BAR-225 G B3G1 FREE,सुपर डिशवॉश बार 225 ग्राम (खरीदो 3 पाओ 1 मुफ्त),16-08-2027,03-10-2024,16-08-2024,1,9,TI3402AAA2425,9,AAXW240050,673.45,05AAECK5765H1ZE,18,34011990,0,72,0,KANHA JI DISTRIBUTORS
MARIE BISCUIT 75 GM (48 PC),मैरी बिस्किट 75 ग्राम (48 नग),24-03-2025,03-10-2024,25-09-2024,1,9,TI3402AAA2425,9,IR24/BP1,409.51,05AAECK5765H1ZE,18,19053100,0,10,0,KANHA JI DISTRIBUTORS
SUPER DISHWASH BAR-RS10/- (T.O. FREE 3N),सुपर डिशवॉश बार ₹10/- (ट्रेड ऑफर फ्री 3 नग),02-08-2027,03-10-2024,02-08-2024,1,9,TI3402AAA2425,9,AAXY240161,519.67,05AAECK5765H1ZE,18,34011941,0,10,0,KANHA JI DISTRIBUTORS
CUMIN SEED 100 GM (30 pcs),जीरा 100 ग्राम (30 नग),04-09-2025,03-10-2024,04-09-2024,1,2.5,TI3402AAA2425,2.5,AER2400014,1604.48,05AAECK5765H1ZE,5,9093119,0,80,0,KANHA JI DISTRIBUTORS
CAROM SEED 100 GM (30 pcs),अजवाइन 100 ग्राम (30 नग),09-08-2025,03-10-2024,09-08-2024,1,2.5,TI3402AAA2425,2.5,AEH2400015,1404.12,05AAECK5765H1ZE,5,9109914,0,70,0,KANHA JI DISTRIBUTORS
DIVYA PUNARNAVARISHTA - 450ML,दिव्य पुनर्नवारिष्ट 450 मि.ली.,24-06-2034,03-10-2024,15-08-2024,1,2.5,TI3402AAA2425,2.5,PNR240012,1885.05,05AAECK5765H1ZE,5,30049011,0,145,0,KANHA JI DISTRIBUTORS
AMLA JUICE 1 L,आंवला रस 1 लीटर,29-08-2025,03-10-2024,29-08-2024,1,6,TI3402AAA2425,6,AGH2400182,1179.18,05AAECK5765H1ZE,12,30049011,0,140,0,KANHA JI DISTRIBUTORS
SABUDANA 500 GM,साबूदाना 500 ग्राम,09-03-2025,03-10-2024,10-09-2024,1,2.5,TI3402AAA2425,2.5,AALX240063,1194.27,05AAECK5765H1ZE,5,19030000,0,70,0,KANHA JI DISTRIBUTORS
GILOY JUICE 500 ML,गिलोय रस 500 मि.ली.,05-09-2025,03-10-2024,05-09-2024,1,6,TI3402AAA2425,6,PFY2400014,861.37,05AAECK5765H1ZE,12,30049011,0,90,0,KANHA JI DISTRIBUTORS
ALOEVERA JUICE 1 L (FIBRE),एलोवेरा रस (फाइबर युक्त) 1 लीटर,06-06-2025,03-10-2024,09-09-2024,1,6,TI3402AAA2425,6,PGD2400425,1768.77,05AAECK5765H1ZE,12,30049011,0,210,0,KANHA JI DISTRIBUTORS
HERBO WASH ADV.DETERGENT POWDER 1 KG,हर्बो वॉश एडवांस डिटर्जेंट पाउडर 1 किग्रा,09-07-2029,03-10-2024,15-07-2024,1,9,TI3402AAA2425,9,AU72400005,1964.13,05AAECK5765H1ZE,18,34029011,0,210,0,KANHA JI DISTRIBUTORS
DIVYA PEY - 100 GM - T,दिव्य पेय 100 ग्राम,25-07-2026,03-10-2024,04-08-2024,1,2.5,TI3402AAA2425,2.5,ADYP240019,6124.65,05AAECK5765H1ZE,5,9022090,0,75,0,KANHA JI DISTRIBUTORS
DOODH BISCUIT 35 GM (200 PC),दूध बिस्किट 35 ग्राम (200 नग),20-03-2025,03-10-2024,21-09-2024,1,9,TI3402AAA2425,9,IO24/BP1,851.96,05AAECK5765H1ZE,18,19053100,0,5,0,KANHA JI DISTRIBUTORS
DOODH BISCUIT 70 GM (100 PC),दूध बिस्किट 70 ग्राम (100 नग),17-03-2025,03-10-2024,18-09-2024,1,9,TI3402AAA2425,9,IM24/BP1,853.14,05AAECK5765H1ZE,18,19053100,0,10,0,KANHA JI DISTRIBUTORS
KESH KANTI ADV. H.H. EXPERT SHAMPO-100ML,केश कान्ति एडवांस हेयर एक्सपर्ट शैम्पू 100 मि.ली.,14-08-2026,03-10-2024,14-08-2024,1,9,TI3402AAA2425,9,AAWT240007,3116.76,05AAECK5765H1ZE,18,33051090,0,120,0,KANHA JI DISTRIBUTORS
TOOTHBRUSH ALL IN ONE HANGER (144 PC) -T,टूथब्रश ऑल इन वन हैंगर 144 नग,30-05-2029,03-10-2024,01-06-2024,130,9,TI3402AAA2425,9,JBCE240001,1622.97,05AAECK5765H1ZE,18,96032100,0,20,0,KANHA JI DISTRIBUTORS
DIVYA PEEDANIL TAILA 100 ML-T,दिव्य पीड़ानिल तैल 100 मि.ली.,21-08-2027,03-10-2024,05-09-2024,25,6,TI3403AAA2425,6,BDPN240048,1735.44,05AAECK5765H1ZE,12,30049011,0,85,0,KANHA JI DISTRIBUTORS
BALM FAST RELIEF 25G DISPN.T.O(5+1)FREE,बाम फास्ट रिलीफ 25 ग्राम (डिस्पेंसर ट्रेड ऑफर 5+1 मुफ्त),09-09-2027,03-10-2024,09-09-2024,6,6,TI3403AAA2425,6,ABLW240014,1431.49,05AAECK5765H1ZE,12,30049011,0,300,0,KANHA JI DISTRIBUTORS
CASHEW (KAJU) 250 GM (MONO),काजू 250 ग्राम,23-02-2025,03-10-2024,27-08-2024,2,2.5,TI3403AAA2425,2.5,AARW240019,609.92,05AAECK5765H1ZE,5,8013220,0,340,0,KANHA JI DISTRIBUTORS
DATES (KHAJUR) 500 GM,खजूर 500 ग्राम,26-02-2025,03-10-2024,30-08-2024,6,6,TI3403AAA2425,6,AAYC240041,1717.5,05AAECK5765H1ZE,12,20019000,0,320,0,KANHA JI DISTRIBUTORS
FIG (ANJEER) 250 GM (MONO),अंजीर 250 ग्राम,10-03-2025,03-10-2024,11-09-2024,2,6,TI3403AAA2425,6,AARX240025,894.54,05AAECK5765H1ZE,12,8042090,0,500,0,KANHA JI DISTRIBUTORS
MUNAKKA RAISIN 250 GM (MONO),मुनक्का किशमिश 250 ग्राम,13-03-2025,03-10-2024,14-09-2024,2,2.5,TI3403AAA2425,2.5,AARU240018,484.34,05AAECK5765H1ZE,5,8062090,0,270,0,KANHA JI DISTRIBUTORS
ALMOND (BADAM) 250 GM (MONO),बादाम 250 ग्राम,08-03-2025,03-10-2024,09-09-2024,2,6,TI3403AAA2425,6,AART240031,563.56,05AAECK5765H1ZE,12,8021100,0,315,0,KANHA JI DISTRIBUTORS
OORJA TEA - 15 GM (RS.5) (MT) - T,ऊर्जा चाय 15 ग्राम (₹5),11-02-2025,03-10-2024,12-02-2024,30,2.5,TI3403AAA2425,2.5,BBNB240002,128.21,05AAECK5765H1ZE,5,9024090,0,5,0,KANHA JI DISTRIBUTORS
GOLD TEA - 10 GM (RS.5) (MT) - T,गोल्ड चाय 10 ग्राम (₹5),18-01-2025,03-10-2024,19-01-2024,30,2.5,TI3403AAA2425,2.5,BBNN240001,128.21,05AAECK5765H1ZE,5,9024090,0,5,0,KANHA JI DISTRIBUTORS
OORJA TEA - 250 GM (POLY) - T,ऊर्जा चाय 250 ग्राम (पॉली पैक),16-07-2025,03-10-2024,16-07-2024,8,2.5,TI3403AAA2425,2.5,BBNC240016,341.8,05AAECK5765H1ZE,5,9024090,0,50,0,KANHA JI DISTRIBUTORS
Triphala Guggul 40 Tab,त्रिफला गुग्गुल 40 टैबलेट,24-04-2029,03-10-2024,20-05-2024,20,2.5,TI3403AAA2425,2.5,BTPG240027,666.75,05AAECK5765H1ZE,5,30049011,0,40,0,KANHA JI DISTRIBUTORS
Divya Kesh Taila 100 ml,दिव्य केश तैल 100 मि.ली.,26-05-2027,03-10-2024,10-06-2024,10,6,TI3403AAA2425,6,BKST240006,874.94,05AAECK5765H1ZE,12,30049011,0,105,0,KANHA JI DISTRIBUTORS
ALOE SOFT MOISTURIZING CREAM-50 G,एलो सॉफ्ट मॉइस्चराइजिंग क्रीम 50 ग्राम,06-08-2026,03-10-2024,06-08-2024,24,9,TI3403AAA2425,9,ABHW240004,1874.22,05AAECK5765H1ZE,18,33049930,0,100,0,KANHA JI DISTRIBUTORS
KESAR 1 GM (48 Pcs),केसर 1 ग्राम (48 नग),03-02-2026,03-10-2024,12-08-2024,12,2.5,TI3403AAA2425,2.5,AT12400018,2677.48,05AAECK5765H1ZE,5,9102010,0,310,0,KANHA JI DISTRIBUTORS
Haritaki Churna 100 Gm,हरितकी चूर्ण 100 ग्राम,05-08-2026,03-10-2024,15-08-2024,25,2.5,TI3403AAA2425,2.5,AHTC240011,833.44,05AAECK5765H1ZE,5,30049011,0,40,0,KANHA JI DISTRIBUTORS
Shuddh Shilajeet 20 gm,शुद्ध शिलाजीत 20 ग्राम,15-08-2029,03-10-2024,10-09-2024,20,2.5,TI3403AAA2425,2.5,BSHS240008,2166.57,05AAECK5765H1ZE,5,30049011,0,130,0,KANHA JI DISTRIBUTORS
ANTI WRINKLE CREAM 50 G,एंटी रिंकल क्रीम 50 ग्राम,28-06-2026,03-10-2024,28-06-2024,12,9,TI3403AAA2425,9,AAR2400007,1405.66,05AAECK5765H1ZE,18,33049910,0,150,0,KANHA JI DISTRIBUTORS
DIVYA MULETHI CHURNA 100 GM -T,दिव्य मुलेठी चूर्ण 100 ग्राम,05-09-2026,03-10-2024,15-09-2024,25,2.5,TI3403AAA2425,2.5,BMLC240033,1145.81,05AAECK5765H1ZE,5,30049011,0,55,0,KANHA JI DISTRIBUTORS
DIVYA PEEDANIL GOLD TABLET (100 PC) - T,दिव्य पीड़ानिल गोल्ड टैबलेट (100 नग),31-07-2027,03-10-2024,15-08-2024,20,6,TI3403AAA2425,6,APGT240027,6533.41,05AAECK5765H1ZE,12,30049011,0,400,0,KANHA JI DISTRIBUTORS
DIVYA EYEGRIT GOLD 20 N - T,दिव्य आईग्रिट गोल्ड 20 नग,31-07-2027,03-10-2024,15-08-2024,20,6,TI3403AAA2425,6,AEEG240006,9800,05AAECK5765H1ZE,12,30049011,0,600,0,KANHA JI DISTRIBUTORS
AASTHA CAMPHOR 25 GM,आस्था कपूर 25 ग्राम,19-07-2034,06-10-2024,09-09-2024,48,9,TI30289AAA2425,9,A9D2400026,1747.34,05AELPS3782C1ZD,18,29142922,0,60,0,DEEPAK TRADERS
AASTHA CHANDAN TIKA 25 GM,आस्था चंदन टीका 25 ग्राम,17-02-2027,06-10-2024,31-08-2024,24,0,TI30289AAA2425,0,A7D2400017,432.48,05AELPS3782C1ZD,0,33049940,0,25,0,DEEPAK TRADERS
AASTHA ROLI 25 GM,आस्था रोली 25 ग्राम,14-02-2027,06-10-2024,28-08-2024,24,0,TI30289AAA2425,0,A6D2400013,432.48,05AELPS3782C1ZD,0,33049940,0,25,0,DEEPAK TRADERS
AASTHA COTTON WICKS PLAIN 25 GM,आस्था कपास रूई बत्ती 25 ग्राम,18-08-2027,06-10-2024,02-09-2024,24,0,TI30289AAA2425,0,A0M2400059,695.04,05AELPS3782C1ZD,0,33049940,0,40,0,DEEPAK TRADERS
AASTHA BAMBOOLESS AGARBATI BUDDHA -80G,आस्था बांस रहित अगरबत्ती बुद्धा 80 ग्राम,09-09-2027,06-10-2024,24-09-2024,60,2.5,TI30289AAA2425,2.5,ABTT240029,1960.56,05AELPS3782C1ZD,5,33074100,0,60,0,DEEPAK TRADERS
AASTHA BAMBOOLESS AGARBATI SANDAL-80G,आस्था बांस रहित अगरबत्ती चंदन 80 ग्राम,12-09-2027,06-10-2024,27-09-2024,60,2.5,TI30289AAA2425,2.5,ABWJ240009,1960.56,05AELPS3782C1ZD,5,33074100,0,60,0,DEEPAK TRADERS
AASTHA BAMBOOLESS AGARBATI WHITEROSE-80G,आस्था बांस रहित अगरबत्ती सफेद गुलाब 80 ग्राम,18-07-2027,06-10-2024,02-08-2024,30,2.5,TI30289AAA2425,2.5,ABWK240001,980.28,05AELPS3782C1ZD,5,33074100,0,60,0,DEEPAK TRADERS
AASTHA BAMBOOLESS AGARBATI WHITEROSE-80G,आस्था बांस रहित अगरबत्ती सफेद गुलाब 80 ग्राम,12-09-2027,06-10-2024,27-09-2024,30,2.5,TI30289AAA2425,2.5,ABWK240008,980.28,05AELPS3782C1ZD,5,33074100,0,60,0,DEEPAK TRADERS
AASTHA LAVENDER DRY DHOOP STICKS - 10N,आस्था लैवेंडर ड्राई धूप स्टिक 10 नग,14-06-2026,06-10-2024,24-06-2024,12,2.5,TI30289AAA2425,2.5,AAWN240009,87.7,05AELPS3782C1ZD,5,33074100,0,15,0,DEEPAK TRADERS
AASTHA PINEAPPLE DRY DHOOP STICKS - 10N,आस्था पाइनएप्पल ड्राई धूप स्टिक 10 नग,08-05-2026,06-10-2024,18-05-2024,12,2.5,TI30289AAA2425,2.5,AAWO240006,87.7,05AELPS3782C1ZD,5,33074100,0,15,0,DEEPAK TRADERS
AASTHA ROSE DRY DHOOP STICKS - 10N,आस्था गुलाब ड्राई धूप स्टिक 10 नग,24-03-2026,06-10-2024,03-04-2024,12,2.5,TI30289AAA2425,2.5,AAWP240007,87.7,05AELPS3782C1ZD,5,33074100,0,15,0,DEEPAK TRADERS
AASTHA SANDAL DRY DHOOP CONE - 20 GM,आस्था चंदन ड्राई धूप कोन 20 ग्राम,23-04-2026,06-10-2024,03-05-2024,12,2.5,TI30289AAA2425,2.5,AAXG240007,84.67,05AELPS3782C1ZD,5,33074100,0,20,0,DEEPAK TRADERS
AASTHA GUGAL DRY DHOOP CONE - 20 GM,आस्था गुगल ड्राई धूप कोन 20 ग्राम,30-04-2026,06-10-2024,10-05-2024,12,2.5,TI30289AAA2425,2.5,AAXH240006,84.67,05AELPS3782C1ZD,5,33074100,0,20,0,DEEPAK TRADERS
AASTHA ROSE DRY DHOOP CONE - 20 GM,आस्था गुलाब ड्राई धूप कोन 20 ग्राम,08-05-2026,06-10-2024,18-05-2024,12,2.5,TI30289AAA2425,2.5,AAXJ240007,84.67,05AELPS3782C1ZD,5,33074100,0,20,0,DEEPAK TRADERS
AASTHA DRY DHOOP STICKS MUSK -8N,आस्था मस्क ड्राई धूप स्टिक 8 नग,04-06-2027,06-10-2024,19-06-2024,24,2.5,TI30289AAA2425,2.5,ABKT240004,158.76,05AELPS3782C1ZD,5,33074100,0,15,0,DEEPAK TRADERS
AASTHA ROSE DRY DHOOP STICK-200 G,आस्था गुलाब ड्राई धूप स्टिक 200 ग्राम,10-08-2026,06-10-2024,20-08-2024,6,2.5,TI30289AAA2425,2.5,ABHP240028,444.47,05AELPS3782C1ZD,5,33074100,0,120,0,DEEPAK TRADERS
AASTHA SANDAL DRY DHOOP STICK-200 G,आस्था चंदन ड्राई धूप स्टिक 200 ग्राम,14-09-2026,06-10-2024,24-09-2024,6,2.5,TI30289AAA2425,2.5,ABHQ240038,444.47,05AELPS3782C1ZD,5,33074100,0,120,0,DEEPAK TRADERS
AASTHA RAJNIGANDHA DRY DHOOP STICK-200 G,आस्था रजनीगंधा ड्राई धूप स्टिक 200 ग्राम,13-09-2026,06-10-2024,23-09-2024,6,2.5,TI30289AAA2425,2.5,ABHR240029,444.47,05AELPS3782C1ZD,5,33074100,0,120,0,DEEPAK TRADERS
AASTHA LAVENDER DRY DHOOP STICK- 200 G,आस्था लैवेंडर ड्राई धूप स्टिक 200 ग्राम,04-06-2026,06-10-2024,14-06-2024,2,2.5,TI30289AAA2425,2.5,ABHS240015,148.16,05AELPS3782C1ZD,5,33074100,0,120,0,DEEPAK TRADERS
AASTHA LAVENDER DRY DHOOP STICK- 200 G,आस्था लैवेंडर ड्राई धूप स्टिक 200 ग्राम,28-07-2026,06-10-2024,07-08-2024,4,2.5,TI30289AAA2425,2.5,ABHS240019,296.31,05AELPS3782C1ZD,5,33074100,0,120,0,DEEPAK TRADERS
AASTHA DRY DHOOP STICKS SANDAL-8N,आस्था चंदन ड्राई धूप स्टिक 8 नग,22-07-2027,06-10-2024,06-08-2024,12,2.5,TI30289AAA2425,2.5,ABTV240004,79.38,05AELPS3782C1ZD,5,33074100,0,15,0,DEEPAK TRADERS
AASTHA DRY DHOOP STICKS ORANGE-8N,आस्था ऑरेंज ड्राई धूप स्टिक 8 नग,30-04-2027,06-10-2024,15-05-2024,12,2.5,TI30289AAA2425,2.5,ABKU240004,79.38,05AELPS3782C1ZD,5,33074100,0,15,0,DEEPAK TRADERS
AASTHA MOGRA DRY DHOOP CONE - 20 GM,आस्था मोगरा ड्राई धूप कोन 20 ग्राम,10-04-2026,06-10-2024,20-04-2024,12,2.5,TI30289AAA2425,2.5,ABSF240004,84.67,05AELPS3782C1ZD,5,33074100,0,20,0,DEEPAK TRADERS
AASTHA LAVENDER DRY DHOOP CONE - 20 GM,आस्था लैवेंडर ड्राई धूप कोन 20 ग्राम,01-04-2026,06-10-2024,11-04-2024,12,2.5,TI30289AAA2425,2.5,ABSE240003,84.67,05AELPS3782C1ZD,5,33074100,0,20,0,DEEPAK TRADERS
AASTHA DRY DHOOP STICKS ROSE -8N,आस्था गुलाब ड्राई धूप स्टिक 8 नग,18-07-2027,06-10-2024,02-08-2024,12,2.5,TI30289AAA2425,2.5,ABTU240004,79.38,05AELPS3782C1ZD,5,33074100,0,15,0,DEEPAK TRADERS
AASTHA DRY DHOOP STICKS BLACKPEARL -8N,आस्था ब्लैक पर्ल ड्राई धूप स्टिक 8 नग,09-07-2027,06-10-2024,24-07-2024,12,2.5,TI30289AAA2425,2.5,ABVG240003,79.38,05AELPS3782C1ZD,5,33074100,0,15,0,DEEPAK TRADERS
AASTHA DRY DHOOP STICKS GUGAL-8N,आस्था गुगल ड्राई धूप स्टिक 8 नग,04-07-2027,06-10-2024,19-07-2024,12,2.5,TI30289AAA2425,2.5,ABVF240003,79.38,05AELPS3782C1ZD,5,33074100,0,15,0,DEEPAK TRADERS
AASTHA CHAMPA CONE DHOOP - 200 GM,आस्था चंपा कोन धूप 200 ग्राम,28-07-2026,06-10-2024,07-08-2024,6,2.5,TI30289AAA2425,2.5,AAUX240031,431.74,05AELPS3782C1ZD,5,33074100,0,120,0,DEEPAK TRADERS
AASTHA ROSE CONE DHOOP - 200 GM,आस्था गुलाब कोन धूप 200 ग्राम,07-09-2026,06-10-2024,17-09-2024,6,2.5,TI30289AAA2425,2.5,AAUY240051,431.74,05AELPS3782C1ZD,5,33074100,0,120,0,DEEPAK TRADERS
AASTHA BOUQUET CONE DHOOP - 200 GM,आस्था बुके कोन धूप 200 ग्राम,07-08-2026,06-10-2024,17-08-2024,6,2.5,TI30289AAA2425,2.5,AAWA240028,431.74,05AELPS3782C1ZD,5,33074100,0,120,0,DEEPAK TRADERS
AASTHA SANDAL CONE DHOOP - 200 GM,आस्था चंदन कोन धूप 200 ग्राम,07-09-2026,06-10-2024,17-09-2024,4,2.5,TI30289AAA2425,2.5,AAUZ240054,287.83,05AELPS3782C1ZD,5,33074100,0,120,0,DEEPAK TRADERS
AASTHA SANDAL CONE DHOOP - 200 GM,आस्था चंदन कोन धूप 200 ग्राम,14-09-2026,06-10-2024,24-09-2024,2,2.5,TI30289AAA2425,2.5,AAUZ240058,143.91,05AELPS3782C1ZD,5,33074100,0,120,0,DEEPAK TRADERS
AASTHA GUGAL CONE DHOOP - 80 GM,आस्था गुगल कोन धूप 80 ग्राम,20-07-2027,06-10-2024,04-08-2024,12,2.5,TI30289AAA2425,2.5,ABJZ240008,359.48,05AELPS3782C1ZD,5,33074100,0,55,0,DEEPAK TRADERS
AASTHA MUSK CONE DHOOP - 80 GM,आस्था मस्क कोन धूप 80 ग्राम,01-03-2027,06-10-2024,16-03-2024,6,2.5,TI30289AAA2425,2.5,ABKA240002,179.74,05AELPS3782C1ZD,5,33074100,0,55,0,DEEPAK TRADERS
AASTHA MUSK CONE DHOOP - 80 GM,आस्था मस्क कोन धूप 80 ग्राम,08-04-2027,06-10-2024,23-04-2024,6,2.5,TI30289AAA2425,2.5,ABKA240003,179.74,05AELPS3782C1ZD,5,33074100,0,55,0,DEEPAK TRADERS
AASTHA MUSTARD OIL 200 ML (B)-T,आस्था सरसों का तेल 200 मि.ली.,29-07-2025,06-10-2024,03-08-2024,12,2.5,TI30289AAA2425,2.5,OF62400001,402.32,05AELPS3782C1ZD,5,15149920,0,37,0,DEEPAK TRADERS
AMLA CHATPATA CANDY 250 G,आंवला चटपटा कैंडी 250 ग्राम,29-08-2025,09-10-2024,29-08-2024,12,2.5,TI3536AAA2425,2.5,AMV2400046,820.57,05AAECK5765H1ZE,5,8112010,0,95,0,KANHA JI DISTRIBUTORS
PATANJALI UTSAV CHOCOLATE-4 NOS - T,पतंजलि उत्सव चॉकलेट 4 नग,01-06-2025,09-10-2024,04-09-2024,5,9,TI3536AAA2425,9,NF/CS/21,1041.65,05AAECK5765H1ZE,18,18069010,0,250,0,KANHA JI DISTRIBUTORS
Divya Kesh Taila 100 ml,दिव्य केश तैल 100 मि.ली.,26-05-2027,09-10-2024,10-06-2024,15,6,TI3536AAA2425,6,BKST240006,1312.42,05AAECK5765H1ZE,12,30049011,0,105,0,KANHA JI DISTRIBUTORS
DIVYA LIVOGRIT 60 N - T,दिव्य लिवोग्रिट 60 नग,16-06-2027,09-10-2024,01-07-2024,20,6,TI3536AAA2425,6,BLGT240024,4409.89,05AAECK5765H1ZE,12,30049011,0,270,0,KANHA JI DISTRIBUTORS
SENDHA NAMAK 1 KG - T,सेंधा नमक 1 किग्रा,22-07-2026,09-10-2024,01-08-2024,1,0,TI3536AAA2425,0,SRS24,1009,05AAECK5765H1ZE,0,25010010,0,60,0,KANHA JI DISTRIBUTORS
Arjun Kwath 100 Gm,अर्जुन क्वाथ 100 ग्राम,05-08-2026,09-10-2024,15-08-2024,1,2.5,TI3536AAA2425,2.5,AARK240057,1041.6,05AAECK5765H1ZE,5,30049011,0,25,0,KANHA JI DISTRIBUTORS
RAW PEANUTS 500 GM (10 PCS),कच्ची मूंगफली 500 ग्राम (10 नग),24-03-2025,09-10-2024,25-09-2024,5,2.5,TI3536AAA2425,2.5,ABVQ240011,493.34,05AAECK5765H1ZE,5,12024210,0,110,0,KANHA JI DISTRIBUTORS
BANDHANI HING 25 G (NEW) - T,बंधनी हींग 25 ग्राम (नया),03-02-2026,09-10-2024,12-08-2024,12,2.5,TI3536AAA2425,2.5,CASX240016,598.88,05AAECK5765H1ZE,5,13019013,0,65,0,KANHA JI DISTRIBUTORS
BANDHANI HING 50 GM (NEW) – T,बंधनी हींग 50 ग्राम (नया),24-02-2026,09-10-2024,02-09-2024,24,2.5,TI3536AAA2425,2.5,CASY240017,2211.05,05AAECK5765H1ZE,5,13019013,0,120,0,KANHA JI DISTRIBUTORS
HIKICK CANDY - KACHA AAM (JAR) - T,हाईकिक कैंडी - कच्चा आम (जार),16-05-2025,09-10-2024,21-05-2024,6,6,TI3536AAA2425,6,DP240007,676.44,05AAECK5765H1ZE,12,17049030,0,150,0,KANHA JI DISTRIBUTORS
PATANJALI UTSAV CHOCOLATE-6 NOS - T,पतंजलि उत्सव चॉकलेट 6 नग,01-06-2025,09-10-2024,04-09-2024,5,9,TI3536AAA2425,9,NF/CL/21,2083.35,05AAECK5765H1ZE,18,18069010,0,500,0,KANHA JI DISTRIBUTORS
TRADITIONAL WHOLE WHEAT ATTA 10 KG(UK),पारंपरिक गेहूं का आटा 10 किग्रा (यूके),17-01-2025,09-10-2024,19-09-2024,1,2.5,TI3536AAA2425,2.5,PDBKP24021,1838.66,05AAECK5765H1ZE,5,11010000,0,410,0,KANHA JI DISTRIBUTORS
NARIYAL BISCUIT 75 GM,नारियल बिस्किट 75 ग्राम,15-03-2025,09-10-2024,16-09-2024,1,9,TI3536AAA2425,9,IK24/AV9,853.14,05AAECK5765H1ZE,18,19053100,0,10,0,KANHA JI DISTRIBUTORS
SHAKTI RICE XXL MINI MOGRA-2 10 KG (T),शक्ति चावल XXL मिनी मोगरा-2 10 किग्रा,14-08-2026,09-10-2024,24-08-2024,2,2.5,TI3536AAA2425,2.5,E6M2400006,2982.08,05AAECK5765H1ZE,5,10063090,0,720,0,KANHA JI DISTRIBUTORS
SHAKTI RICE XXL MINI MOGRA 10 KG (T),शक्ति चावल XXL मिनी मोगरा 10 किग्रा,24-03-2026,09-10-2024,03-04-2024,1,2.5,TI3536AAA2425,2.5,E6K2400003,1701.08,05AAECK5765H1ZE,5,10063020,0,755,0,KANHA JI DISTRIBUTORS
MAIDA 1 KG,मैदा 1 किग्रा,03-01-2025,09-10-2024,05-09-2024,1,2.5,TI3536AAA2425,2.5,AANB240020,517.86,05AAECK5765H1ZE,5,11010000,0,58,0,KANHA JI DISTRIBUTORS
NAVRATNA ATTA 2 KG,नवरत्न आटा 2 किग्रा,13-03-2025,09-10-2024,14-09-2024,1,2.5,TI3536AAA2425,2.5,AHV2400032,2959.95,05AAECK5765H1ZE,5,11010000,0,165,0,KANHA JI DISTRIBUTORS
KHAND 1 KG,खांड 1 किग्रा,30-09-2025,09-10-2024,30-09-2024,1,2.5,TI3536AAA2425,2.5,AARQ240052,2833.11,05AAECK5765H1ZE,5,17011420,0,110,0,KANHA JI DISTRIBUTORS
UTSAV DF BOX (1*4) N-102,उत्सव डीएफ बॉक्स (1×4) N-102,12-01-2025,09-10-2024,14-09-2024,1,6,TI3536AAA2425,6,ABXN240025,4994.98,05AAECK5765H1ZE,12,8025200,0,999,0,KANHA JI DISTRIBUTORS
TOOTHBRUSH ALL IN ONE HANGER (144 PC) -T,टूथब्रश ऑल इन वन हैंगर 144 नग,30-05-2029,09-10-2024,01-06-2024,2,9,TI3536AAA2425,9,JBCE240001,24.97,05AAECK5765H1ZE,18,96032100,0,20,0,KANHA JI DISTRIBUTORS
ALOEVERA JUICE 1 L (FIBRE),एलोवेरा रस (फाइबर युक्त) 1 लीटर,09-06-2025,17-10-2024,12-09-2024,1,6,TI3676AAA2425,6,PGD2400434,1768.77,05AAECK5765H1ZE,12,30049011,0,210,0,KANHA JI DISTRIBUTORS
DOODH BISCUIT 35 GM (200 PC),दूध बिस्किट 35 ग्राम (200 नग),07-04-2025,17-10-2024,09-10-2024,1,9,TI3676AAA2425,9,JC24/BP1,851.96,05AAECK5765H1ZE,18,19053100,0,5,0,KANHA JI DISTRIBUTORS
DOODH BISCUIT 70 GM (100 PC),दूध बिस्किट 70 ग्राम (100 नग),07-04-2025,17-10-2024,09-10-2024,1,9,TI3676AAA2425,9,JC24/BP1,853.14,05AAECK5765H1ZE,18,19053100,0,10,0,KANHA JI DISTRIBUTORS
CREAMFEAST CHOCO BISCUIT 35 GM,क्रीमफीस्ट चोको बिस्किट 35 ग्राम,08-04-2025,17-10-2024,10-10-2024,1,9,TI3676AAA2425,9,JD24/BP1,589.62,05AAECK5765H1ZE,18,19053100,0,5,0,KANHA JI DISTRIBUTORS
CREAMFEAST ELAICHI BISCUIT 35 GM,क्रीमफीस्ट इलायची बिस्किट 35 ग्राम,02-04-2025,17-10-2024,04-10-2024,1,9,TI3676AAA2425,9,J324/BP1,589.62,05AAECK5765H1ZE,18,19053100,0,5,0,KANHA JI DISTRIBUTORS
CREAMFEAST ORANGE BISCUIT 35 GM,क्रीमफीस्ट ऑरेंज बिस्किट 35 ग्राम,29-03-2025,17-10-2024,30-09-2024,1,9,TI3676AAA2425,9,IV24/BP1,589.62,05AAECK5765H1ZE,18,19053100,0,5,0,KANHA JI DISTRIBUTORS
KESH KANTI HERBAL MEHANDI (NAT. BLACK)-T,केश कान्ति हर्बल मेहंदी (नेचुरल ब्लैक),25-07-2025,17-10-2024,30-07-2024,40,9,TI3676AAA2425,9,ANBL240160,636.73,05AAECK5765H1ZE,18,33059090,0,20,0,KANHA JI DISTRIBUTORS
NEEM GHAN VATI 60 TAB,नीम घन वटी 60 टैबलेट,08-09-2026,17-10-2024,18-09-2024,24,6,TI3676AAA2425,6,AAK2400051,1957.67,05AAECK5765H1ZE,12,30049011,0,100,0,KANHA JI DISTRIBUTORS
TRIPHALA CHURNA -100GM,त्रिफला चूर्ण 100 ग्राम,05-09-2026,17-10-2024,15-09-2024,25,2.5,TI3676AAA2425,2.5,ATPC240109,612.41,05AAECK5765H1ZE,5,30049011,0,30,0,KANHA JI DISTRIBUTORS
SPE. CHYWNPRSH 500 GM - FREE HONEY 50 GM,विशेष च्यवनप्राश 500 ग्राम + मुफ्त शहद 50 ग्राम,07-01-2027,17-10-2024,23-01-2024,1,6,TI3676AAA2425,6,ABKE240003,3009.99,05AAECK5765H1ZE,12,30049011,0,185,0,KANHA JI DISTRIBUTORS
HONEY 50 GM - OFFER PACK,शहद 50 ग्राम (ऑफर पैक),14-01-2025,17-10-2024,20-01-2024,24,2.5,TI3676AAA2425,2.5,BAKO240002,0.77,05AAECK5765H1ZE,5,4090000,0,32,0,KANHA JI DISTRIBUTORS
DIVYA ARJUNARISHTA - 450ML,दिव्य अर्जुनारिष्ट 450 मि.ली.,25-07-2034,17-10-2024,15-09-2024,1,2.5,TI3676AAA2425,2.5,AJN240033,1885.05,05AAECK5765H1ZE,5,30049011,0,145,0,KANHA JI DISTRIBUTORS
GARAM MASALA 100 GM (30 pcs),गरम मसाला 100 ग्राम (30 नग),10-11-2025,23-10-2024,17-08-2024,1,2.5,TI3806AAA2425,2.5,AEV2400018,64.88,05AAECK5765H1ZE,5,9109100,0,95,0,KANHA JI DISTRIBUTORS
RICE BRAN OIL 1 LTR (P),चावल की भूसी का तेल 1 लीटर,27-06-2025,23-10-2024,30-09-2024,1,2.5,TI3806AAA2425,2.5,ORE2400061,1793.99,05AAECK5765H1ZE,5,15159040,0,165,0,KANHA JI DISTRIBUTORS
ATTA NOODLES CHATPATA-60 GM (96 PC) - T,आटा नूडल्स चटपटा 60 ग्राम (96 नग),30-05-2025,23-10-2024,02-09-2024,1,6,TI3806AAA2425,6,CH020924,925.75,05AAECK5765H1ZE,12,19022090,0,12,0,KANHA JI DISTRIBUTORS
SABZI MASALA 100 GM (30 pcs),सब्जी मसाला 100 ग्राम (30 नग),06-09-2025,23-10-2024,06-09-2024,1,2.5,TI3806AAA2425,2.5,AFI2400027,1331.66,05AAECK5765H1ZE,5,9109100,0,65,0,KANHA JI DISTRIBUTORS
MUSTARD OIL 5 L (J)-T,सरसों का तेल 5 लीटर,02-10-2025,23-10-2024,07-10-2024,1,2.5,TI3806AAA2425,2.5,O3B2400013,3416.11,05AAECK5765H1ZE,5,15149920,0,925,0,KANHA JI DISTRIBUTORS
SUPER DISHWASH BAR-RS10/- (T.O. FREE 3N),सुपर डिशवॉश बार ₹10/- (ट्रेड ऑफर फ्री 3 नग),10-09-2027,23-10-2024,10-09-2024,1,9,TI3806AAA2425,9,AAXY240192,519.67,05AAECK5765H1ZE,18,34011941,0,10,0,KANHA JI DISTRIBUTORS
COWS WHOLE MILK POWDER 500-GM,गाय का पूर्ण दूध पाउडर 500 ग्राम,04-03-2025,23-10-2024,05-09-2024,1,2.5,TI3806AAA2425,2.5,BLB2400012,4810.93,05AAECK5765H1ZE,5,4021090,0,235,0,KANHA JI DISTRIBUTORS
POHA 1 KG -T,पोहा 1 किग्रा,19-03-2025,23-10-2024,20-09-2024,1,2.5,TI3806AAA2425,2.5,BPRP200924,1485.96,05AAECK5765H1ZE,5,19041020,0,85,0,KANHA JI DISTRIBUTORS
SOOJI - 500 GM,सूजी 500 ग्राम,08-02-2025,23-10-2024,11-10-2024,1,2.5,TI3806AAA2425,2.5,PDR8240065,807.96,05AAECK5765H1ZE,5,11010000,0,35,0,KANHA JI DISTRIBUTORS
MUSTARD OIL 1 L (B)-T,सरसों का तेल 1 लीटर,15-10-2025,23-10-2024,20-10-2024,1,2.5,TI3806AAA2425,2.5,N1B2400130,2065.77,05AAECK5765H1ZE,5,15149920,0,190,0,KANHA JI DISTRIBUTORS
HONEY 500GM OFFER WITH AMLA CANDY 100 GM,शहद 500 ग्राम (आंवला कैंडी 100 ग्राम के साथ ऑफर),10-03-2026,23-10-2024,16-09-2024,1,2.5,TI3806AAA2425,2.5,ABJO240021,2855.11,05AAECK5765H1ZE,5,4090000,0,210,0,KANHA JI DISTRIBUTORS
AMLA CANDY 100G POUCH (FSSAI),आंवला कैंडी 100 ग्राम पाउच (एफएसएसएआई प्रमाणित),12-09-2025,23-10-2024,12-09-2024,20,2.5,TI3806AAA2425,2.5,ABJW240079,0.64,05AAECK5765H1ZE,5,8112010,0,40,0,KANHA JI DISTRIBUTORS
DIVYA MEDHA VATI EX.POWER 30X4 TAB,दिव्य मेधा वटी एक्स्ट्रा पावर 30×4 टैबलेट,15-08-2029,23-10-2024,10-09-2024,20,6,TI3806AAA2425,6,BMDE240089,4083.3,05AAECK5765H1ZE,12,30049011,0,250,0,KANHA JI DISTRIBUTORS
Chandraprabha Vati 40 Tab,चंद्रप्रभा वटी 40 टैबलेट,10-07-2029,07-11-2024,05-08-2024,20,2.5,TI4034AAA2425,2.5,BCPV240144,716.73,05AAECK5765H1ZE,5,30049011,0,43,0,KANHA JI DISTRIBUTORS
HONEY 1KG (OFFER WITH AMLA CANDY 250 GM),शहद 1 किग्रा (आंवला कैंडी 250 ग्राम के साथ ऑफर),07-03-2026,07-11-2024,13-09-2024,1,2.5,TI4034AAA2425,2.5,ABJN240021,3344.54,05AAECK5765H1ZE,5,4090000,0,410,0,KANHA JI DISTRIBUTORS
AMLA CANDY 250G POUCH (FSSAI),आंवला कैंडी 250 ग्राम पाउच (एफएसएसएआई प्रमाणित),19-09-2025,07-11-2024,19-09-2024,12,2.5,TI4034AAA2425,2.5,ABJE240024,0.65,05AAECK5765H1ZE,5,8112010,0,90,0,KANHA JI DISTRIBUTORS
MALKA MASOOR 1000 GM (R1),मालका मसूर दाल 1000 ग्राम,10-06-2025,07-11-2024,13-09-2024,1,2.5,TI4034AAA2425,2.5,BPRMM24027,1081.92,05AAECK5765H1ZE,5,7134000,0,125,0,KANHA JI DISTRIBUTORS
DALIA 500 G,दलिया 500 ग्राम,01-02-2025,07-11-2024,04-10-2024,1,2.5,TI4034AAA2425,2.5,PDCS240301,870.03,05AAECK5765H1ZE,5,11031900,0,34,0,KANHA JI DISTRIBUTORS
PUSHTAHAR DALIA 500 G,पुष्टाहार दलिया 500 ग्राम,24-06-2025,07-11-2024,27-09-2024,1,2.5,TI4034AAA2425,2.5,PDCQ240073,1279.53,05AAECK5765H1ZE,5,11031900,0,50,0,KANHA JI DISTRIBUTORS
COWS GHEE 1 L - T,गाय का घी 1 लीटर,11-07-2025,07-11-2024,14-10-2024,1,6,TI4034AAA2425,6,FAWC240179,8961.17,05AAECK5765H1ZE,12,4059020,0,665,0,KANHA JI DISTRIBUTORS
ATTA NOODLES CHATPATA-60 GM (96 PC) - T,आटा नूडल्स चटपटा 60 ग्राम (96 नग),18-06-2025,07-11-2024,21-09-2024,1,6,TI4034AAA2425,6,CH210924,925.75,05AAECK5765H1ZE,12,19022090,0,12,0,KANHA JI DISTRIBUTORS
ATTA NOODLES DESI MASALA 60 GM (96 PC)-T,आटा नूडल्स देसी मसाला 60 ग्राम (96 नग),23-06-2025,07-11-2024,26-09-2024,1,6,TI4034AAA2425,6,DM260924,925.75,05AAECK5765H1ZE,12,19022090,0,12,0,KANHA JI DISTRIBUTORS
GONYLE FLOOR CLEANER - 1 LTR,गोनाइल फ्लोर क्लीनर 1 लीटर,09-09-2025,07-11-2024,14-09-2024,1,9,TI4034AAA2425,9,3093/24-25,623.89,05AAECK5765H1ZE,18,38084000,0,70,0,KANHA JI DISTRIBUTORS
DIVYA KANTHAMRIT CHEWABLE TABLET 40 N -T,दिव्य कंठामृत चबाने योग्य टैबलेट 40 नग,05-09-2027,07-11-2024,20-09-2024,40,6,TI4034AAA2425,6,ADKT240019,1306.82,05AAECK5765H1ZE,12,30049011,0,40,0,KANHA JI DISTRIBUTORS
DIVYA KANTHAMRIT CHEWABLE TABLET 80 N -T,दिव्य कंठामृत चबाने योग्य टैबलेट 80 नग,26-08-2027,07-11-2024,10-09-2024,20,6,TI4034AAA2425,6,ADKT240018,1225.06,05AAECK5765H1ZE,12,30049011,0,75,0,KANHA JI DISTRIBUTORS
DIVYA SWASARI PRAVAHI - 250 ML - T,दिव्य स्वासारी प्रवाही 250 मि.ली.,21-08-2027,07-11-2024,05-09-2024,1,6,TI4034AAA2425,6,BSSP240046,2436.67,05AAECK5765H1ZE,12,30049011,0,85,0,KANHA JI DISTRIBUTORS
ALMOND (BADAM) 250 GM (MONO),बादाम 250 ग्राम,16-03-2025,07-11-2024,17-09-2024,2,6,TI4034AAA2425,6,AART240033,563.56,05AAECK5765H1ZE,12,8021100,0,315,0,KANHA JI DISTRIBUTORS
MUNAKKA RAISIN 250 GM (MONO),मुनक्का किशमिश 250 ग्राम,22-03-2025,07-11-2024,23-09-2024,4,2.5,TI4034AAA2425,2.5,AARU240019,968.69,05AAECK5765H1ZE,5,8062090,0,270,0,KANHA JI DISTRIBUTORS
ANARDANA GOLI 100 G,अनारदाना गोली 100 ग्राम,17-09-2025,07-11-2024,17-09-2024,25,6,TI4034AAA2425,6,AEB2400028,852.54,05AAECK5765H1ZE,12,30049011,0,45,0,KANHA JI DISTRIBUTORS
SHODHIT HARAD 100 G,शोधित हरड़ 100 ग्राम,14-09-2025,07-11-2024,14-09-2024,25,6,TI4034AAA2425,6,AFP2400028,852.54,05AAECK5765H1ZE,12,30049011,0,45,0,KANHA JI DISTRIBUTORS
SAUNDARYA ALOEVERA GEL 150 ML,सौंदर्य एलोवेरा जेल 150 मि.ली.,13-02-2026,07-11-2024,22-08-2024,24,9,TI4034AAA2425,9,AAHP240181,1955.78,05AAECK5765H1ZE,18,33049910,0,100,0,KANHA JI DISTRIBUTORS
SAUNDARYA ALOEVERA GEL 60 ML,सौंदर्य एलोवेरा जेल 60 मि.ली.,28-01-2026,07-11-2024,06-08-2024,24,9,TI4034AAA2425,9,AAHQ240179,977.89,05AAECK5765H1ZE,18,33049910,0,50,0,KANHA JI DISTRIBUTORS
KESH KANTI REETHA HAIR CLEANSER 180 ML,केश कान्ति रीठा हेयर क्लींज़र 180 मि.ली.,30-08-2026,07-11-2024,09-09-2024,18,9,TI4034AAA2425,9,ABAB240010,1686.88,05AAECK5765H1ZE,18,33051090,0,120,0,KANHA JI DISTRIBUTORS
KESH KANTI HAIR CLEANSER M.PROTIEN 180ML,केश कान्ति हेयर क्लींज़र मिल्क प्रोटीन 180 मि.ली.,27-09-2026,07-11-2024,07-10-2024,18,9,TI4034AAA2425,9,AAVN240016,1686.88,05AAECK5765H1ZE,18,33051090,0,120,0,KANHA JI DISTRIBUTORS
KESH K. ANTI-D. HAIR CLEANSER 180ML T.O.,केश कान्ति एंटी-डैंड्रफ हेयर क्लींज़र 180 मि.ली. (ट्रेड ऑफर),27-08-2026,07-11-2024,27-08-2024,18,9,TI4034AAA2425,9,ABTY240008,1827.28,05AAECK5765H1ZE,18,33051090,0,130,0,KANHA JI DISTRIBUTORS
GASHER CHURAN - 100 GM - T,गैशर चूर्ण 100 ग्राम,05-09-2026,07-11-2024,15-09-2024,25,6,TI4034AAA2425,6,BGHC240029,2143.68,05AAECK5765H1ZE,12,30049011,0,105,0,KANHA JI DISTRIBUTORS
DIVYA GODHAN ARK - 450ML,दिव्य गोधन अर्क 450 मि.ली.,10-09-2025,07-11-2024,15-09-2024,1,6,TI4034AAA2425,6,AGDA240036,816.7,05AAECK5765H1ZE,12,30049011,0,50,0,KANHA JI DISTRIBUTORS
PEEDANTAK PAIN RELIEVER 50 G,पीड़ान्तक दर्द निवारक क्रीम 50 ग्राम,17-09-2026,07-11-2024,17-09-2024,12,6,TI4034AAA2425,6,AAD2400007,669.98,05AAECK5765H1ZE,12,30049011,0,70,0,KANHA JI DISTRIBUTORS
DIVYA DHARA 10 ML (800 PC),दिव्य धारा 10 मि.ली. (800 नग),21-08-2027,07-11-2024,05-09-2024,20,6,TI4034AAA2425,6,ADYD240018,734.94,05AAECK5765H1ZE,12,30049011,0,45,0,KANHA JI DISTRIBUTORS
DIVYA ORTHOGRIT 60 N - T,दिव्य ऑर्थोग्रिट 60 नग,31-08-2027,07-11-2024,15-09-2024,20,6,TI4034AAA2425,6,AOTT240055,5880,05AAECK5765H1ZE,12,30049011,0,360,0,KANHA JI DISTRIBUTORS
DANT KANTI JUNIOR TP.(STRAWBERY)-80G C.O,दंत कान्ति जूनियर टूथपेस्ट (स्ट्रॉबेरी) 80 ग्राम (कॉम्बो ऑफर),10-09-2026,07-11-2024,10-09-2024,12,9,TI4034AAA2425,9,ABRS240002,917.57,05AAECK5765H1ZE,18,33061020,0,100,0,KANHA JI DISTRIBUTORS
DANT KANTI ALOEVERA GEL TOOTHPASTE 80 GM,दंत कान्ति एलोवेरा जेल टूथपेस्ट 80 ग्राम,03-02-2026,07-11-2024,12-08-2024,12,9,TI4034AAA2425,9,A4R2400005,612.99,05AAECK5765H1ZE,18,33061020,0,60,0,KANHA JI DISTRIBUTORS
DANT KANTI RED TP.(PAN FL.)80G+25% EXTRA,दंत कान्ति रेड टूथपेस्ट (पान फ्लेवर) 80 ग्राम + 25% अतिरिक्त,09-05-2026,07-11-2024,09-05-2024,12,9,TI4034AAA2425,9,ABSK240001,596.42,05AAECK5765H1ZE,18,33061020,0,65,0,KANHA JI DISTRIBUTORS
DANT KANTI FRESH ACTIVE GEL T.P 80 GM,दंत कान्ति फ्रेश एक्टिव जेल टूथपेस्ट 80 ग्राम,04-10-2025,07-11-2024,12-04-2024,12,9,TI4034AAA2425,9,A3M2400002,459.78,05AAECK5765H1ZE,18,33061020,0,45,0,KANHA JI DISTRIBUTORS
DANT KANTI MEDICATED ORAL GEL 100 G(48),दंत कान्ति मेडिकेटेड ओरल जेल 100 ग्राम (48 नग),15-04-2026,07-11-2024,22-10-2024,12,9,TI4034AAA2425,9,AH22400037,460.77,05AAECK5765H1ZE,18,33061020,0,45,0,KANHA JI DISTRIBUTORS
DANT KANTI SENSITIVE TP-50GX3 DISP. PACK,दंत कान्ति सेंसिटिव टूथपेस्ट 50 ग्राम × 3 डिस्पेंसर पैक,08-06-2026,07-11-2024,18-06-2024,3,9,TI4034AAA2425,9,AASB240003,520.13,05AAECK5765H1ZE,18,33061020,0,240,0,KANHA JI DISTRIBUTORS
SPE. CHYWNPRSH 1 KG - FREE HONEY 100 GM,विशेष च्यवनप्राश 1 किग्रा + मुफ्त शहद 100 ग्राम,27-12-2026,07-11-2024,12-01-2024,1,6,TI4034AAA2425,6,ABKF240006,2928.71,05AAECK5765H1ZE,12,30049011,0,360,0,KANHA JI DISTRIBUTORS
PATANJALI HONEY 100 GM (OFFER PACK),पतंजलि शहद 100 ग्राम (ऑफर पैक),07-03-2026,07-11-2024,13-09-2024,12,2.5,TI4034AAA2425,2.5,ABKG240011,0.66,05AAECK5765H1ZE,5,4090000,0,55,0,KANHA JI DISTRIBUTORS
HERBAL WASH DETERGENT POWDER 1 KG,हर्बल वॉश डिटर्जेंट पाउडर 1 किग्रा,22-09-2029,07-11-2024,23-09-2024,1,9,TI4034AAA2425,9,AM92400082,1517.48,05AAECK5765H1ZE,18,34029011,0,70,0,KANHA JI DISTRIBUTORS
AMLA JUICE 1 L,आंवला रस 1 लीटर,11-10-2025,23-11-2024,11-10-2024,1,6,TI4371AAA2425,6,AGH2400214,1179.18,05AAECK5765H1ZE,12,30049011,0,140,0,KANHA JI DISTRIBUTORS
MUSTARD OIL 1 L (B)-T,सरसों का तेल 1 लीटर,09-11-2025,23-11-2024,14-11-2024,1,2.5,TI4371AAA2425,2.5,O1B2400069,2065.77,05AAECK5765H1ZE,5,15149920,0,190,0,KANHA JI DISTRIBUTORS
SUGAR 5 KG,चीनी 5 किग्रा,01-10-2026,23-11-2024,11-10-2024,1,2.5,TI4371AAA2425,2.5,BAIW240065,1744.97,05AAECK5765H1ZE,5,17011490,0,315,0,KANHA JI DISTRIBUTORS
SESAME OIL 1 L (B)-T,तिल का तेल 1 लीटर,20-07-2025,23-11-2024,23-10-2024,1,2.5,TI4371AAA2425,2.5,JACQ240062,2722.81,05AAECK5765H1ZE,5,15155091,0,280,0,KANHA JI DISTRIBUTORS
CORIANDER POWDER 200 GM,धनिया पाउडर 200 ग्राम,08-10-2025,23-11-2024,08-10-2024,1,2.5,TI4371AAA2425,2.5,AJE2400025,1229.45,05AAECK5765H1ZE,5,9092200,0,60,0,KANHA JI DISTRIBUTORS
TURMERIC POWDER 200 GM,हल्दी पाउडर 200 ग्राम,11-09-2025,23-11-2024,11-09-2024,1,2.5,TI4371AAA2425,2.5,AJC2400055,1680.21,05AAECK5765H1ZE,5,9103030,0,82,0,KANHA JI DISTRIBUTORS
DOODH BISCUIT 35 GM (200 PC),दूध बिस्किट 35 ग्राम (200 नग),10-05-2025,23-11-2024,11-11-2024,1,9,TI4371AAA2425,9,KF24/AV9,851.96,05AAECK5765H1ZE,18,19053100,0,5,0,KANHA JI DISTRIBUTORS
TRADITIONAL WHOLE WHEAT ATTA 5 KG(UK),पारंपरिक गेहूं का आटा 5 किग्रा (यूके),05-02-2025,23-11-2024,08-10-2024,1,2.5,TI4371AAA2425,2.5,PDBKQ24021,1542.74,05AAECK5765H1ZE,5,11010000,0,215,0,KANHA JI DISTRIBUTORS
SHATAVAR CHURNA (Ayurvedic Medicine),शतावरी चूर्ण (आयुर्वेदिक औषधि),11-10-2025,23-11-2024,11-10-2024,10,2.5,TI4372AAA2425,2.5,ABEE240094,1567.55,05AAECK5765H1ZE,5,30049011,0,200,0,KANHA JI DISTRIBUTORS
VIRGIN COCONUT OIL 500 ML (B) - T,वर्जिन नारियल तेल 500 मि.ली.,01-01-2026,23-11-2024,08-10-2024,6,2.5,TI4372AAA2425,2.5,C9G2400007,1663.39,05AAECK5765H1ZE,5,15131900,0,325,0,KANHA JI DISTRIBUTORS
PAT NUTRELA BONE HEALTH NATURAL CAPSULE,न्यूट्रेला बोन हेल्थ नेचुरल कैप्सूल,13-09-2027,23-11-2024,13-09-2024,6,6,TI4372AAA2425,6,AANN240016,909.08,05AAECK5765H1ZE,12,30049011,0,250,0,KANHA JI DISTRIBUTORS
Divya Sarvakalp Kwath 100 Gm,दिव्य सर्वकल्प क्वाथ 100 ग्राम,05-09-2026,23-11-2024,15-09-2024,50,6,TI4372AAA2425,6,ASKK240036,1458.24,05AAECK5765H1ZE,12,30049011,0,35,0,KANHA JI DISTRIBUTORS
HERBAL FACIAL FOAM 60 GM,हर्बल फेशियल फोम 60 ग्राम,28-07-2026,23-11-2024,07-08-2024,24,9,TI4372AAA2425,9,AJN2400008,1283.46,05AAECK5765H1ZE,18,34013090,0,70,0,KANHA JI DISTRIBUTORS
SAUNDARYA ALOEVERA GEL K. CHANDAN 150 ML,सौंदर्य एलोवेरा जेल केसर-चंदन 150 मि.ली.,04-03-2026,23-11-2024,10-09-2024,24,9,TI4372AAA2425,9,AAHV240050,2346.88,05AAECK5765H1ZE,18,33049910,0,120,0,KANHA JI DISTRIBUTORS
SAUNDARYA ALOEVERA GEL 60 ML,सौंदर्य एलोवेरा जेल 60 मि.ली.,24-02-2026,23-11-2024,02-09-2024,24,9,TI4372AAA2425,9,AAHQ240196,977.89,05AAECK5765H1ZE,18,33049910,0,50,0,KANHA JI DISTRIBUTORS
GUR 1 KG,गुड़ 1 किग्रा,01-09-2025,11-12-2024,05-12-2024,1,2.5,TI4723AAA2425,2.5,AARA240040,1233.67,05AAECK5765H1ZE,5,17011410,0,110,0,KANHA JI DISTRIBUTORS
MADHURAM 1 KG,मधुरम गुड़ पाउडर 1 किग्रा,21-10-2025,11-12-2024,21-10-2024,1,2.5,TI4723AAA2425,2.5,AHG2400249,2177.05,05AAECK5765H1ZE,5,17011410,0,85,0,KANHA JI DISTRIBUTORS
SENDHA NAMAK 1 KG - T,सेंधा नमक 1 किग्रा,22-08-2026,11-12-2024,01-09-2024,1,0,TI4723AAA2425,0,SRS24,1009,05AAECK5765H1ZE,0,25010010,0,60,0,KANHA JI DISTRIBUTORS
ALOEVERA JUICE 1 L (FIBRE),एलोवेरा रस (फाइबर युक्त) 1 लीटर,14-07-2025,11-12-2024,17-10-2024,1,6,TI4723AAA2425,6,PGD2400488,1768.77,05AAECK5765H1ZE,12,30049011,0,210,0,KANHA JI DISTRIBUTORS
AMLA JUICE 1 L,आंवला रस 1 लीटर,23-10-2025,11-12-2024,23-10-2024,1,6,TI4723AAA2425,6,AGH2400222,1179.18,05AAECK5765H1ZE,12,30049011,0,140,0,KANHA JI DISTRIBUTORS
GILOY JUICE 500 ML,गिलोय रस 500 मि.ली.,24-10-2025,11-12-2024,24-10-2024,1,6,TI4723AAA2425,6,PFY2400018,861.37,05AAECK5765H1ZE,12,30049011,0,90,0,KANHA JI DISTRIBUTORS
KARELA JAMUN 50-50 JUICE - 500 ML,करेला-जामुन 50-50 रस 500 मि.ली.,17-10-2025,11-12-2024,17-10-2024,1,6,TI4723AAA2425,6,ABPB240019,1435.66,05AAECK5765H1ZE,12,30049011,0,150,0,KANHA JI DISTRIBUTORS
SPE. CHYWNPRSH 1 KG - FREE HONEY 100 GM,विशेष च्यवनप्राश 1 किग्रा + मुफ्त शहद 100 ग्राम,02-09-2027,11-12-2024,17-09-2024,1,6,TI4723AAA2425,6,ABKF240012,3101.01,05AAECK5765H1ZE,12,30049011,0,360,0,KANHA JI DISTRIBUTORS
PATANJALI HONEY 100 GM (OFFER PACK),पतंजलि शहद 100 ग्राम (ऑफर पैक),17-04-2026,11-12-2024,24-10-2024,12,2.5,TI4723AAA2425,2.5,ABKG240015,0.53,05AAECK5765H1ZE,5,4090000,0,55,0,KANHA JI DISTRIBUTORS
DANT KANTI DENTAL CREAM (ADV) 2X100-GM,दंत कान्ति डेंटल क्रीम (एडवांस) 100 ग्राम × 2,12-05-2026,11-12-2024,18-11-2024,1,9,TI4723AAA2425,9,AF82400015,4400.08,05AAECK5765H1ZE,18,33061020,0,160,0,KANHA JI DISTRIBUTORS
TRADITIONAL WHOLE WHEAT ATTA 10 KG(UK),पारंपरिक गेहूं का आटा 10 किग्रा (यूके),07-04-2025,11-12-2024,08-12-2024,2,2.5,TI4723AAA2425,2.5,PDBKP24028,3811.82,05AAECK5765H1ZE,5,11010000,0,425,0,KANHA JI DISTRIBUTORS
TRADITIONAL WHOLE WHEAT ATTA 5 KG(UK),पारंपरिक गेहूं का आटा 5 किग्रा (यूके),14-03-2025,11-12-2024,14-11-2024,1,2.5,TI4723AAA2425,2.5,PDBKQ24024,1614.48,05AAECK5765H1ZE,5,11010000,0,225,0,KANHA JI DISTRIBUTORS
SESAME OIL 1 L (B)-T,तिल का तेल 1 लीटर,15-08-2025,11-12-2024,18-11-2024,3,2.5,TI4723AAA2425,2.5,JACQ240072,8168.44,05AAECK5765H1ZE,5,15155091,0,280,0,KANHA JI DISTRIBUTORS
NAVRATNA ATTA 2 KG,नवरत्न आटा 2 किग्रा,17-04-2025,11-12-2024,19-10-2024,1,2.5,TI4723AAA2425,2.5,AHV2400037,2959.95,05AAECK5765H1ZE,5,11010000,0,165,0,KANHA JI DISTRIBUTORS
OATS 500GM - T,ओट्स 500 ग्राम,14-11-2025,11-12-2024,14-11-2024,1,2.5,TI4723AAA2425,2.5,ANO141124,1700.5,05AAECK5765H1ZE,5,11041200,0,100,0,KANHA JI DISTRIBUTORS
JAMUN VINEGAR 500 ML,जामुन का सिरका 500 मि.ली.,08-10-2025,11-12-2024,08-10-2024,1,9,TI4723AAA2425,9,AGB2400021,763.93,05AAECK5765H1ZE,18,22090090,0,80,0,KANHA JI DISTRIBUTORS
APPLE VINEGAR 500 ML,सेब का सिरका 500 मि.ली.,31-03-2026,11-12-2024,07-10-2024,1,9,TI4723AAA2425,9,AB52400041,2482.81,05AAECK5765H1ZE,18,22090090,0,130,0,KANHA JI DISTRIBUTORS
DIVYA ABHYARISHTA 450ML,दिव्य अभयारिष्ट 450 मि.ली.,30-10-2034,11-12-2024,01-11-2024,1,2.5,TI4723AAA2425,2.5,ABY240042,1885.05,05AAECK5765H1ZE,5,30049011,0,145,0,KANHA JI DISTRIBUTORS
MUSTARD OIL 1 L (P)-T,सरसों का तेल 1 लीटर,17-11-2025,11-12-2024,22-11-2024,4,2.5,TI4723AAA2425,2.5,N2B2400092,7794.02,05AAECK5765H1ZE,5,15149920,0,185,0,KANHA JI DISTRIBUTORS
DIVYA SWASARI PRAVAHI - 250 ML - T,दिव्य स्वासारी प्रवाही 250 मि.ली.,31-10-2027,11-12-2024,15-11-2024,1,6,TI4723AAA2425,6,BSSP240062,2436.67,05AAECK5765H1ZE,12,30049011,0,85,0,KANHA JI DISTRIBUTORS
SUPER DISHWASH BAR-RS10/- (T.O. FREE 3N),सुपर डिशवॉश बार ₹10/- (ट्रेड ऑफर फ्री 3 नग),07-11-2027,11-12-2024,07-11-2024,4,9,TI4723AAA2425,9,AAXY240233,2078.69,05AAECK5765H1ZE,18,34011941,0,10,0,KANHA JI DISTRIBUTORS
SUPER DISHWASH BAR-225 G B3G1 FREE,सुपर डिशवॉश बार 225 ग्राम (खरीदो 3 पाओ 1 मुफ्त),27-11-2027,11-12-2024,27-11-2024,4,9,TI4723AAA2425,9,AAXW240071,2693.8,05AAECK5765H1ZE,18,34011990,0,72,0,KANHA JI DISTRIBUTORS
DANT KANTI NATURAL(200GX3)BIG SAVER PACK,दंत कान्ति नेचुरल (200 ग्राम × 3) बड़ा बचत पैक,14-10-2026,11-12-2024,24-10-2024,1,9,TI4723AAA2425,9,AAPW240032,5658.9,05AAECK5765H1ZE,18,33061020,0,280,0,KANHA JI DISTRIBUTORS
RICE BRAN OIL 1 LTR (P),चावल की भूसी का तेल 1 लीटर,27-08-2025,11-12-2024,30-11-2024,1,2.5,TI4723AAA2425,2.5,ORE2400073,1957.03,05AAECK5765H1ZE,5,15159040,0,180,0,KANHA JI DISTRIBUTORS
GONYLE FLOOR CLEANER - 5 LTR,गोनाइल फ्लोर क्लीनर 5 लीटर,26-11-2025,11-12-2024,01-12-2024,1,9,TI4723AAA2425,9,0823/24-25,980.39,05AAECK5765H1ZE,18,38084000,0,330,0,KANHA JI DISTRIBUTORS
CHANA DAL 1000 GM (R1),चना दाल 1000 ग्राम,05-07-2025,11-12-2024,08-10-2024,1,2.5,TI4723AAA2425,2.5,BPRCD24024,1263.78,05AAECK5765H1ZE,5,7139010,0,146,0,KANHA JI DISTRIBUTORS
IODIZED NAMAK 1 KG (NEW) - T,आयोडीन युक्त नमक 1 किग्रा (नया),22-07-2026,12-12-2024,01-08-2024,1,0,TI4741AAA2425,0,SC-24,260,05AAECK5765H1ZE,0,25010010,0,22,0,KANHA JI DISTRIBUTORS
MIX DAL 1000 GM (R1),मिक्स दाल 1000 ग्राम,11-08-2025,12-12-2024,14-11-2024,1,2.5,TI4741AAA2425,2.5,BPMXD24041,1367.63,05AAECK5765H1ZE,5,7139090,0,158,0,KANHA JI DISTRIBUTORS
TURMERIC CHARCOAL BATHING BAR 125G(B3G1),हल्दी चारकोल बाथिंग बार 125 ग्राम (खरीदो 3 पाओ 1 मुफ्त),23-06-2026,12-12-2024,23-06-2024,1,9,TI4741AAA2425,9,CBVR240002,4244.04,05AAECK5765H1ZE,18,34011941,0,400,0,KANHA JI DISTRIBUTORS
SHEA-SAFRON CREAM BATHING BAR 125G(B3G1),शीया-सैफ्रन क्रीम बाथिंग बार 125 ग्राम (खरीदो 3 पाओ 1 मुफ्त),26-06-2026,12-12-2024,26-06-2024,1,9,TI4741AAA2425,9,CBVS240002,4456.29,05AAECK5765H1ZE,18,34011941,0,420,0,KANHA JI DISTRIBUTORS
JEERA BISCUIT 70 GM,जीरा बिस्किट 70 ग्राम,29-05-2025,12-12-2024,30-11-2024,1,9,TI4741AAA2425,9,KA24/BP1,614.26,05AAECK5765H1ZE,18,19053100,0,10,0,KANHA JI DISTRIBUTORS
7 GRAIN DIGESTIVE BISCUIT 200 GM,7 ग्रेन डाइजेस्टिव बिस्किट 200 ग्राम,02-04-2025,12-12-2024,04-10-2024,1,9,TI4741AAA2425,9,J324/BP1,1278.88,05AAECK5765H1ZE,18,19053100,0,75,0,KANHA JI DISTRIBUTORS
BUTTER TOP BISCUIT 70 GM,बटर टॉप बिस्किट 70 ग्राम,09-02-2025,12-12-2024,13-08-2024,1,9,TI4741AAA2425,9,HD24/BP1,853.14,05AAECK5765H1ZE,18,19059020,0,10,0,KANHA JI DISTRIBUTORS
SHILAJIT - 11 GM (STRIP),शिलाजीत स्ट्रिप 11 ग्राम,12-11-2026,11-12-2024,22-11-2024,20,6,TI4740AAA2425,6,AASO240036,1435.68,05AAECK5765H1ZE,12,30049011,0,100,0,KANHA JI DISTRIBUTORS
CHYAWANPRABHA ADV. NO ADDED SUGAR 750GM,च्यवनप्रभा एडवांस (बिना चीनी) 750 ग्राम,08-11-2026,11-12-2024,18-11-2024,6,6,TI4740AAA2425,6,AAJH240039,1567.44,05AAECK5765H1ZE,12,30049011,0,410,0,KANHA JI DISTRIBUTORS
MAHA NARAYAN TAILA 100 ML - T,महा नारायण तैल 100 मि.ली.,10-09-2027,11-12-2024,10-09-2024,25,2.5,TI4740AAA2425,2.5,BMNT240020,4270.88,05AAECK5765H1ZE,5,30049011,0,205,0,KANHA JI DISTRIBUTORS
MINT CANDY MENTHOL - T,मिंट कैंडी मेंथॉल,30-09-2025,11-12-2024,05-10-2024,6,6,TI4740AAA2425,6,DMC240003,676.44,05AAECK5765H1ZE,12,17049030,0,150,0,KANHA JI DISTRIBUTORS
AMLA CANDY 250 G,आंवला कैंडी 250 ग्राम,24-10-2025,11-12-2024,24-10-2024,12,2.5,TI4740AAA2425,2.5,ABLX240081,777.36,05AAECK5765H1ZE,5,8112010,0,90,0,KANHA JI DISTRIBUTORS
DIVYA KAYAKALP TAILA ADVANCE 100 ML,दिव्य कायाकल्प तैल एडवांस 100 मि.ली.,15-08-2027,11-12-2024,15-08-2024,25,6,TI4740AAA2425,6,BKTA240015,4166.68,05AAECK5765H1ZE,12,30049011,0,200,0,KANHA JI DISTRIBUTORS
DIVYA KAYAKALP VATI EXTRA POWER 80 TAB,दिव्य कायाकल्प वटी एक्स्ट्रा पावर 80 टैबलेट,31-08-2027,11-12-2024,15-09-2024,20,6,TI4740AAA2425,6,AKKE240023,2041.76,05AAECK5765H1ZE,12,30049011,0,125,0,KANHA JI DISTRIBUTORS
ANTI WRINKLE CREAM 50 G,एंटी रिंकल क्रीम 50 ग्राम,12-08-2026,11-12-2024,12-08-2024,12,9,TI4740AAA2425,9,AAR2400008,1405.66,05AAECK5765H1ZE,18,33049910,0,150,0,KANHA JI DISTRIBUTORS
ASHVAGANDHA -11 GM (STRIP),अश्वगंधा स्ट्रिप 11 ग्राम,28-09-2026,11-12-2024,08-10-2024,20,6,TI4740AAA2425,6,AASZ240036,1292.09,05AAECK5765H1ZE,12,30049011,0,90,0,KANHA JI DISTRIBUTORS
ASHVASHILA -11 GM (STRIP),अश्वशिला स्ट्रिप 11 ग्राम,08-11-2026,11-12-2024,18-11-2024,20,6,TI4740AAA2425,6,AASP240047,1435.68,05AAECK5765H1ZE,12,30049011,0,100,0,KANHA JI DISTRIBUTORS
TRIPHALA CHURNA -100GM,त्रिफला चूर्ण 100 ग्राम,31-10-2026,11-12-2024,10-11-2024,25,2.5,TI4740AAA2425,2.5,ATPC240133,612.41,05AAECK5765H1ZE,5,30049011,0,30,0,KANHA JI DISTRIBUTORS
SWET MUSHLI CHURNA 100G (Ayu.Medicine),श्वेत मूसली चूर्ण 100 ग्राम (आयुर्वेदिक औषधि),10-10-2026,11-12-2024,10-10-2024,10,2.5,TI4740AAA2425,2.5,ABFF240043,3722.78,05AAECK5765H1ZE,5,30049011,0,475,0,KANHA JI DISTRIBUTORS
SHATAVAR CHURNA (Ayurvedic Medicine),शतावरी चूर्ण (आयुर्वेदिक औषधि),11-10-2025,11-12-2024,11-10-2024,6,2.5,TI4740AAA2425,2.5,ABEE240094,940.53,05AAECK5765H1ZE,5,30049011,0,200,0,KANHA JI DISTRIBUTORS
Divya Arshkalp Vati 40 Tab,दिव्य अर्शकल्प वटी 40 टैबलेट,20-09-2027,11-12-2024,05-10-2024,20,6,TI4740AAA2425,6,BAKV240087,749.95,05AAECK5765H1ZE,12,30049011,0,45,0,KANHA JI DISTRIBUTORS
DIVYA SWASARI AVALEHA 150 G -T,दिव्य स्वासारी अवलेह 150 ग्राम,21-11-2026,11-12-2024,01-12-2024,6,6,TI4740AAA2425,6,BDSA240111,625.03,05AAECK5765H1ZE,12,30049011,0,125,0,KANHA JI DISTRIBUTORS
Chandraprabha Vati 40 Tab,चंद्रप्रभा वटी 40 टैबलेट,10-07-2029,11-12-2024,05-08-2024,20,2.5,TI4740AAA2425,2.5,BCPV240146,716.73,05AAECK5765H1ZE,5,30049011,0,43,0,KANHA JI DISTRIBUTORS
ALOEVERA GEL FACE WASH 60 ML,एलोवेरा जेल फेस वॉश 60 मि.ली.,20-04-2026,11-12-2024,29-11-2023,12,9,TI4740AAA2425,9,AATK230034,641.73,05AAECK5765H1ZE,18,34013090,0,70,0,KANHA JI DISTRIBUTORS
UBTAN FACEWASH 100G (TO. BUY 2GET1 FREE),उबटन फेसवॉश 100 ग्राम (खरीदो 2 पाओ 1 मुफ्त),22-08-2026,11-12-2024,22-08-2024,4,9,TI4740AAA2425,9,ABSN240002,1358.13,05AAECK5765H1ZE,18,34013090,0,400,0,KANHA JI DISTRIBUTORS
KESH KANTI ALMOND HAIR OIL-200 ML,केश कान्ति बादाम हेयर ऑयल 200 मि.ली.,22-10-2026,11-12-2024,22-10-2024,12,9,TI4740AAA2425,9,ABQQ240007,1244.66,05AAECK5765H1ZE,18,33059019,0,130,0,KANHA JI DISTRIBUTORS
BOROSAFE ANTISEPTIC 50 GM CREAM,बोरोज़सेफ एंटीसेप्टिक क्रीम 50 ग्राम,28-09-2026,11-12-2024,08-10-2024,36,9,TI4740AAA2425,9,AJG2400004,1265.05,05AAECK5765H1ZE,18,33049910,0,45,0,KANHA JI DISTRIBUTORS
DANT KANTI RED TP.(PAN FL.)80G+25% EXTRA,दंत कान्ति रेड टूथपेस्ट (पान फ्लेवर) 80 ग्राम + 25% अतिरिक्त,09-05-2026,11-12-2024,09-05-2024,36,9,TI4740AAA2425,9,ABSK240001,1789.26,05AAECK5765H1ZE,18,33061020,0,65,0,KANHA JI DISTRIBUTORS
GILOY GHAN VATI 60 PC (NEW),गिलोय घन वटी 60 नग (नया),07-10-2026,11-12-2024,17-10-2024,24,6,TI4740AAA2425,6,AAI2400089,1875.96,05AAECK5765H1ZE,12,30049011,0,100,0,KANHA JI DISTRIBUTORS
DRISHTI EYE DROP 10 ML (NEW),दृष्टि नेत्र ड्रॉप 10 मि.ली. (नया),22-10-2025,11-12-2024,22-10-2024,40,6,TI4740AAA2425,6,AAST240051,637.95,05AAECK5765H1ZE,12,30049011,0,20,0,KANHA JI DISTRIBUTORS
RAGI ATTA 1 KG,रागी आटा 1 किग्रा,19-05-2025,11-12-2024,20-11-2024,10,2.5,TI4740AAA2425,2.5,AALL240024,711.06,05AAECK5765H1ZE,5,11029090,0,80,0,KANHA JI DISTRIBUTORS
KESH KANTI HERBAL MEHANDI (NAT. BLACK)-T,केश कान्ति हर्बल मेहंदी (नेचुरल ब्लैक),27-10-2025,11-12-2024,01-11-2024,20,9,TI4740AAA2425,9,ANBL240236,318.36,05AAECK5765H1ZE,18,33059090,0,20,0,KANHA JI DISTRIBUTORS
SAUMYA EYE DROP 10 ML,सौम्या आई ड्रॉप 10 मि.ली.,28-09-2026,11-12-2024,08-10-2024,40,6,TI4740AAA2425,6,AAAQ240018,1116.42,05AAECK5765H1ZE,12,30049011,0,35,0,KANHA JI DISTRIBUTORS
Divya Gulab Jal 120 ml-DUP,दिव्य गुलाब जल 120 मि.ली.,05-11-2025,11-12-2024,10-11-2024,30,9,TI4740AAA2425,9,BGLJ240075,857.39,05AAECK5765H1ZE,18,33030020,0,35,0,KANHA JI DISTRIBUTORS
COWS GHEE 1 L - T,गाय का घी 1 लीटर,29-08-2025,11-12-2024,02-12-2024,1,6,TI4740AAA2425,6,FAWC240221,9190.94,05AAECK5765H1ZE,12,4059020,0,665,0,KANHA JI DISTRIBUTORS
COWS GHEE 500 ML - T,गाय का घी 500 मि.ली.,22-08-2025,11-12-2024,25-11-2024,1,6,TI4740AAA2425,6,FAWD240068,9812.88,05AAECK5765H1ZE,12,4059020,0,355,0,KANHA JI DISTRIBUTORS
DOODH BISCUIT 35 GM (200 PC),दूध बिस्किट 35 ग्राम (200 नग),23-06-2025,09-01-2025,25-12-2024,1,9,TI5306AAA2425,9,LS24/BP1,851.96,05AAECK5765H1ZE,18,19053100,0,5,0,KANHA JI DISTRIBUTORS
DOODH BISCUIT 70 GM (100 PC),दूध बिस्किट 70 ग्राम (100 नग),10-06-2025,09-01-2025,12-12-2024,1,9,TI5306AAA2425,9,LG24/BP1,853.14,05AAECK5765H1ZE,18,19053100,0,10,0,KANHA JI DISTRIBUTORS
CRUNCHY COCONUT COOKIES 80 GM,क्रंची कोकोनट कुकीज़ 80 ग्राम,08-06-2025,09-01-2025,10-12-2024,1,9,TI5306AAA2425,9,LE24/BP1,614.26,05AAECK5765H1ZE,18,19053100,0,10,0,KANHA JI DISTRIBUTORS
NARIYAL BISCUIT 75 GM,नारियल बिस्किट 75 ग्राम,27-05-2025,09-01-2025,28-11-2024,1,9,TI5306AAA2425,9,KW24/AV9,853.14,05AAECK5765H1ZE,18,19053100,0,10,0,KANHA JI DISTRIBUTORS
ALOEVERA JUICE 1 L (FIBRE),एलोवेरा रस (फाइबर युक्त) 1 लीटर,26-08-2025,09-01-2025,29-11-2024,1,6,TI5306AAA2425,6,PGD2400522,1768.77,05AAECK5765H1ZE,12,30049011,0,210,0,KANHA JI DISTRIBUTORS
BESAN 500 G,बेसन 500 ग्राम,17-05-2025,09-01-2025,18-12-2024,1,2.5,TI5306AAA2425,2.5,PDCR240137,1151.67,05AAECK5765H1ZE,5,11061090,0,75,0,KANHA JI DISTRIBUTORS
KESH KANTI HERBAL MEHNDI-75 G,केश कान्ति हर्बल मेहंदी 75 ग्राम,05-12-2026,09-01-2025,05-12-2024,1,9,TI5306AAA2425,9,ABNX240167,2020.16,05AAECK5765H1ZE,18,33059090,0,35,0,KANHA JI DISTRIBUTORS
MARIE BISCUIT 75 GM (48 PC),मैरी बिस्किट 75 ग्राम (48 नग),02-07-2025,09-01-2025,03-01-2025,1,9,TI5306AAA2425,9,A325/BP1,409.51,05AAECK5765H1ZE,18,19053100,0,10,0,KANHA JI DISTRIBUTORS
KESH KANTI HERBAL MEHANDI (NAT. BLACK)-T,केश कान्ति हर्बल मेहंदी (नेचुरल ब्लैक),27-10-2025,09-01-2025,01-11-2024,40,9,TI5306AAA2425,9,ANBL240248,636.73,05AAECK5765H1ZE,18,33059090,0,20,0,KANHA JI DISTRIBUTORS
KESH K. HERBAL MEHANDI (BURGUNDY) 15GM-T,केश कान्ति हर्बल मेहंदी (बरगंडी) 15 ग्राम,26-04-2025,09-01-2025,01-05-2024,20,9,TI5306AAA2425,9,ABUR240005,477.43,05AAECK5765H1ZE,18,33059090,0,30,0,KANHA JI DISTRIBUTORS
Chitrakadi Vati 60 Tab,चित्रकादि वटी 60 टैबलेट,17-10-2027,09-01-2025,01-11-2024,20,2.5,TI5306AAA2425,2.5,BCKV240023,1000.02,05AAECK5765H1ZE,5,30049011,0,60,0,KANHA JI DISTRIBUTORS
AMLA CHATPATA CANDY 250 G,आंवला चटपटा कैंडी 250 ग्राम,06-11-2025,09-01-2025,06-11-2024,12,2.5,TI5306AAA2425,2.5,AMV2400062,820.57,05AAECK5765H1ZE,5,8112010,0,95,0,KANHA JI DISTRIBUTORS
Shuddh Konch Beej Churna 100 Gm,शुद्ध कौंच बीज चूर्ण 100 ग्राम,05-11-2026,09-01-2025,15-11-2024,25,2.5,TI5306AAA2425,2.5,BKBC240084,1145.81,05AAECK5765H1ZE,5,30049011,0,55,0,KANHA JI DISTRIBUTORS
Divya Renogrit 3 U X 20 N -T,दिव्य रेनोग्रिट 3 यूनिट × 20 नग,26-10-2027,09-01-2025,10-11-2024,20,6,TI5306AAA2425,6,BDRT240021,3999.97,05AAECK5765H1ZE,12,30049011,0,240,0,KANHA JI DISTRIBUTORS
LIVAMRIT SYRUP - 200 ML,लिवामृत सिरप 200 मि.ली.,14-11-2026,09-01-2025,14-11-2024,18,6,TI5306AAA2425,6,A8B2400121,1266.25,05AAECK5765H1ZE,12,30049011,0,90,0,KANHA JI DISTRIBUTORS
ISABGOL 100 G,इसबगोल 100 ग्राम,16-05-2026,09-01-2025,22-11-2024,6,6,TI5306AAA2425,6,AFB2400048,867.82,05AAECK5765H1ZE,12,30049011,0,170,0,KANHA JI DISTRIBUTORS
MAKHANA 250 GM,मखाना 250 ग्राम,16-09-2025,09-01-2025,20-11-2024,8,2.5,TI5306AAA2425,2.5,AALI240087,3587.72,05AAECK5765H1ZE,5,8029000,0,500,0,KANHA JI DISTRIBUTORS
SAUNDARYA FACE WASH 100 G,सौंदर्य फेस वॉश 100 ग्राम,08-12-2026,09-01-2025,18-12-2024,16,9,TI5306AAA2425,9,ANT2400063,1283.46,05AAECK5765H1ZE,18,34013090,0,105,0,KANHA JI DISTRIBUTORS
SAUNDARYA NEEM TULSI FACE WASH 60 GM,सौंदर्य नीम तुलसी फेस वॉश 60 ग्राम,17-12-2026,09-01-2025,27-12-2024,16,9,TI5306AAA2425,9,AAMW240011,733.3,05AAECK5765H1ZE,18,34013090,0,60,0,KANHA JI DISTRIBUTORS
HERBAL FACIAL FOAM 60 GM,हर्बल फेशियल फोम 60 ग्राम,09-11-2026,09-01-2025,19-11-2024,16,9,TI5306AAA2425,9,AJN2400010,855.64,05AAECK5765H1ZE,18,34013090,0,70,0,KANHA JI DISTRIBUTORS
ROSE FACE WASH-100 G,गुलाब फेस वॉश 100 ग्राम,27-12-2026,09-01-2025,27-12-2024,16,9,TI5306AAA2425,9,ABRT240006,1412.41,05AAECK5765H1ZE,18,34013090,0,130,0,KANHA JI DISTRIBUTORS
ORANGE HONEY FACEWASH 60 G,ऑरेंज हनी फेसवॉश 60 ग्राम,04-02-2026,09-01-2025,13-08-2024,16,9,TI5306AAA2425,9,ABV2400003,672.32,05AAECK5765H1ZE,18,34013090,0,55,0,KANHA JI DISTRIBUTORS
ORANGE ALOEVERA FACE WASH-100 G,ऑरेंज एलोवेरा फेस वॉश 100 ग्राम,25-12-2026,09-01-2025,25-12-2024,12,9,TI5306AAA2425,9,ABQN240008,1059.31,05AAECK5765H1ZE,18,34013090,0,130,0,KANHA JI DISTRIBUTORS
ATTA NOODLES DESI MASALA 60 GM (96 PC)-T,आटा नूडल्स देसी मसाला 60 ग्राम (96 नग),01-09-2025,09-01-2025,05-12-2024,1,6,TI5306AAA2425,6,DM051224,925.75,05AAECK5765H1ZE,12,19022090,0,12,0,KANHA JI DISTRIBUTORS
HALDICHNDN KANTI BODYCLN.150G MNTHLY PAC,हल्दी-चंदन कान्ति बॉडी क्लीन्ज़र 150 ग्राम मासिक पैक,10-12-2026,09-01-2025,10-12-2024,1,9,TI5306AAA2425,9,AAUH240095,2431.84,05AAECK5765H1ZE,18,34011941,0,130,0,KANHA JI DISTRIBUTORS
DIVYA SWASARI PRAVAHI - 250 ML - T,दिव्य स्वासारी प्रवाही 250 मि.ली.,05-12-2027,09-01-2025,20-12-2024,1,6,TI5306AAA2425,6,BSSP240085,2436.67,05AAECK5765H1ZE,12,30049011,0,85,0,KANHA JI DISTRIBUTORS
COCONUT OIL 200 ML (J),नारियल तेल 200 मि.ली.,19-03-2026,09-01-2025,24-12-2024,12,2.5,TI5306AAA2425,2.5,AAU2400026,673.6,05AAECK5765H1ZE,5,15131900,0,70,0,KANHA JI DISTRIBUTORS
CREAMFEAST ELAICHI BISCUIT 32.5 GM,क्रीमफीस्ट इलायची बिस्किट 32.5 ग्राम,20-06-2025,09-01-2025,22-12-2024,1,9,TI5306AAA2425,9,LO24/BP1,613.41,05AAECK5765H1ZE,18,19053100,0,5,0,KANHA JI DISTRIBUTORS
COWS GHEE 1 L - T,गाय का घी 1 लीटर,28-09-2025,16-01-2025,01-01-2025,1,6,TI5451AAA2425,6,FAWC250001,9190.94,05AAECK5765H1ZE,12,4059020,0,665,0,KANHA JI DISTRIBUTORS
FORTIFIED SOYABEAN OIL 1 LTR (P) - T,फोर्टिफाइड सोयाबीन तेल 1 लीटर,15-09-2025,16-01-2025,19-12-2024,2,2.5,TI5451AAA2425,2.5,BR2B240045,3662.57,05AAECK5765H1ZE,5,15079010,0,170,0,KANHA JI DISTRIBUTORS
RICE BRAN OIL 1 LTR (P),चावल की भूसी का तेल 1 लीटर,28-08-2025,16-01-2025,01-12-2024,2,2.5,TI5451AAA2425,2.5,ORE2400074,3914.06,05AAECK5765H1ZE,5,15159040,0,180,0,KANHA JI DISTRIBUTORS
FORTIFIED SUNFLOWER OIL 1 LTR (P) - T,फोर्टिफाइड सूरजमुखी तेल 1 लीटर,27-09-2025,16-01-2025,31-12-2024,2,2.5,TI5451AAA2425,2.5,BR2A240062,3770.17,05AAECK5765H1ZE,5,15121910,0,175,0,KANHA JI DISTRIBUTORS
SPECIAL CHYAWANPRASH 1 KG,विशेष च्यवनप्राश 1 किग्रा,24-11-2027,16-01-2025,09-12-2024,1,6,TI5451AAA2425,6,ACZ2400023,2928.71,05AAECK5765H1ZE,12,30049011,0,360,0,KANHA JI DISTRIBUTORS
MUSTARD OIL 1 L (P)-T,सरसों का तेल 1 लीटर,15-12-2025,16-01-2025,20-12-2024,2,2.5,TI5451AAA2425,2.5,N2B2400101,3805.45,05AAECK5765H1ZE,5,15149920,0,175,0,KANHA JI DISTRIBUTORS
KARELA JAMUN 50-50 JUICE - 500 ML,करेला-जामुन 50-50 रस 500 मि.ली.,16-12-2025,16-01-2025,16-12-2024,1,6,TI5451AAA2425,6,ABPB240024,1435.66,05AAECK5765H1ZE,12,30049011,0,150,0,KANHA JI DISTRIBUTORS
HERBAL WASH DETERGENT POWDER 1 KG,हर्बल वॉश डिटर्जेंट पाउडर 1 किग्रा,05-01-2030,16-01-2025,06-01-2025,1,9,TI5451AAA2425,9,AM92500003,1517.48,05AAECK5765H1ZE,18,34029011,0,70,0,KANHA JI DISTRIBUTORS
GONYLE FLOOR CLEANER - 5 LTR,गोनाइल फ्लोर क्लीनर 5 लीटर,22-12-2025,16-01-2025,27-12-2024,1,9,TI5451AAA2425,9,0904/24-25,980.39,05AAECK5765H1ZE,18,38084000,0,330,0,KANHA JI DISTRIBUTORS
Divya Kayakalp Kwath 100 Gm,दिव्य कायाकल्प क्वाथ 100 ग्राम,10-10-2026,16-01-2025,20-10-2024,25,6,TI5451AAA2425,6,AKKK240011,1145.76,05AAECK5765H1ZE,12,30049011,0,55,0,KANHA JI DISTRIBUTORS
BANDHANI HING 50 GM (NEW) - T,बंधनी हींग 50 ग्राम (नया),05-05-2026,16-01-2025,11-11-2024,24,2.5,TI5451AAA2425,2.5,CASY240019,2100.67,05AAECK5765H1ZE,5,13019013,0,120,0,KANHA JI DISTRIBUTORS
DIVYA SHUDDHI CHURNA 100 GM - T,दिव्य शुद्धि चूर्ण 100 ग्राम,20-11-2026,16-01-2025,30-11-2024,25,6,TI5451AAA2425,6,ADSC240051,2552.2,05AAECK5765H1ZE,12,30049011,0,125,0,KANHA JI DISTRIBUTORS
BALM FAST RELIEF 25G DISPN.T.O(5+1)FREE,बाम फास्ट रिलीफ 25 ग्राम (डिस्पेंसर ट्रेड ऑफर 5+1 मुफ्त),09-11-2027,16-01-2025,09-11-2024,3,6,TI5451AAA2425,6,ABLW240029,717.83,05AAECK5765H1ZE,12,30049011,0,300,0,KANHA JI DISTRIBUTORS
DIVYA MADHUNASHNI VATI EX.POWER 30X4 TAB,दिव्य मधुनाशिनी वटी एक्स्ट्रा पावर 30×4 टैबलेट,30-11-2027,16-01-2025,15-12-2024,20,6,TI5451AAA2425,6,BMNE240289,3674.94,05AAECK5765H1ZE,12,30049011,0,225,0,KANHA JI DISTRIBUTORS
SPECIAL CHYAWANPRASH 500 G,विशेष च्यवनप्राश 500 ग्राम,21-11-2027,29-01-2025,06-12-2024,1,6,TI5705AAA2425,6,ADA2400010,3010.02,05AAECK5765H1ZE,12,30049011,0,185,0,KANHA JI DISTRIBUTORS
SPECIAL CHYAWANPRASH 1 KG,विशेष च्यवनप्राश 1 किग्रा,24-11-2027,29-01-2025,09-12-2024,1,6,TI5705AAA2425,6,ACZ2400023,2928.71,05AAECK5765H1ZE,12,30049011,0,360,0,KANHA JI DISTRIBUTORS
AMLA JUICE 1 L,आंवला रस 1 लीटर,03-01-2026,29-01-2025,03-01-2025,1,6,TI5705AAA2425,6,AGH2500003,1179.18,05AAECK5765H1ZE,12,30049011,0,140,0,KANHA JI DISTRIBUTORS
ALOEVERA JUICE 1 L (FIBRE),एलोवेरा रस (फाइबर युक्त) 1 लीटर,20-09-2025,29-01-2025,24-12-2024,1,6,TI5705AAA2425,6,PGD2400548,1768.77,05AAECK5765H1ZE,12,30049011,0,210,0,KANHA JI DISTRIBUTORS
VERMICELLI ROASTED 900 GM - T,भुनी हुई सेवईं 900 ग्राम,08-12-2025,29-01-2025,13-12-2024,1,2.5,TI5705AAA2425,2.5,BVR9131224,1588.42,05AAECK5765H1ZE,5,19021900,0,98,0,KANHA JI DISTRIBUTORS
DALIA 500 G,दलिया 500 ग्राम,03-05-2025,29-01-2025,03-01-2025,1,2.5,TI5705AAA2425,2.5,PDCS250001,870.03,05AAECK5765H1ZE,5,11031900,0,34,0,KANHA JI DISTRIBUTORS
COWS GHEE 500 ML - T,गाय का घी 500 मि.ली.,05-10-2025,29-01-2025,08-01-2025,1,6,TI5705AAA2425,6,FAWD250001,9812.88,05AAECK5765H1ZE,12,4059020,0,355,0,KANHA JI DISTRIBUTORS
HONEY 250 G,शहद 250 ग्राम,06-06-2026,29-01-2025,13-12-2024,1,2.5,TI5705AAA2425,2.5,BCL2400091,2991.24,05AAECK5765H1ZE,5,4090000,0,110,0,KANHA JI DISTRIBUTORS
GONYLE FLOOR CLEANER - 1 LTR,गोनाइल फ्लोर क्लीनर 1 लीटर,29-12-2025,29-01-2025,03-01-2025,1,9,TI5705AAA2425,9,0036/25-26,623.89,05AAECK5765H1ZE,18,38084000,0,70,0,KANHA JI DISTRIBUTORS
BURA 1 KG,बूरा 1 किग्रा,10-09-2025,29-01-2025,14-12-2024,1,2.5,TI5705AAA2425,2.5,AKI2400153,2038.68,05AAECK5765H1ZE,5,17029090,0,75,0,KANHA JI DISTRIBUTORS
MUSTARD OIL 1 L (B)-T,सरसों का तेल 1 लीटर,12-01-2026,29-01-2025,17-01-2025,1,2.5,TI5705AAA2425,2.5,O1B2500004,1957.03,05AAECK5765H1ZE,5,15149920,0,180,0,KANHA JI DISTRIBUTORS
NAVRATNA ATTA 2 KG,नवरत्न आटा 2 किग्रा,10-07-2025,29-01-2025,11-01-2025,1,2.5,TI5705AAA2425,2.5,AHV2500001,3228.96,05AAECK5765H1ZE,5,11010000,0,180,0,KANHA JI DISTRIBUTORS
HONEY 500 G,शहद 500 ग्राम,06-06-2026,29-01-2025,13-12-2024,1,2.5,TI5705AAA2425,2.5,BCM2400079,2855.16,05AAECK5765H1ZE,5,4090000,0,210,0,KANHA JI DISTRIBUTORS
DIVYA ASHWAGANDHA CHURNA - 100 GM,दिव्य अश्वगंधा चूर्ण 100 ग्राम,21-11-2026,29-01-2025,01-12-2024,25,2.5,TI5705AAA2425,2.5,AAGC240073,1735.39,05AAECK5765H1ZE,5,30049011,0,85,0,KANHA JI DISTRIBUTORS
TRIPHALA CHURNA -100GM,त्रिफला चूर्ण 100 ग्राम,21-11-2026,29-01-2025,01-12-2024,25,2.5,TI5705AAA2425,2.5,ATPC240146,612.41,05AAECK5765H1ZE,5,30049011,0,30,0,KANHA JI DISTRIBUTORS
SAUNDARYA COCONUT NOURISHING CREAM 50 GM,सौंदर्य नारियल पोषण क्रीम 50 ग्राम,16-01-2027,29-01-2025,16-01-2025,12,9,TI5705AAA2425,9,A4G2500001,656.03,05AAECK5765H1ZE,18,33049910,0,70,0,KANHA JI DISTRIBUTORS
TEJUS TAILUM 100 ML,तेजस तैलम 100 मि.ली.,03-01-2027,29-01-2025,03-01-2025,25,9,TI5705AAA2425,9,AAO2500001,1591.53,05AAECK5765H1ZE,18,33059019,0,75,0,KANHA JI DISTRIBUTORS
DIVYA PEEDANIL TAILA 100 ML-T,दिव्य पीड़ानिल तैल 100 मि.ली.,05-12-2027,29-01-2025,20-12-2024,25,6,TI5705AAA2425,6,BDPN240074,1735.44,05AAECK5765H1ZE,12,30049011,0,85,0,KANHA JI DISTRIBUTORS
DIVYA LIPIDOM TABLET 60 N - T,दिव्य लिपिडोम टैबलेट 60 नग,05-12-2027,29-01-2025,20-12-2024,20,6,TI5706AAA2425,6,ALPD240036,4753,05AAECK5765H1ZE,12,30049011,0,300,0,KANHA JI DISTRIBUTORS
DIVYA MADHUNASHNI VATI EX.POWER 30X4 TAB,दिव्य मधुनाशिनी वटी एक्स्ट्रा पावर 30×4 टैबलेट,15-12-2027,29-01-2025,30-12-2024,20,6,TI5706AAA2425,6,BMNE240299,3564.7,05AAECK5765H1ZE,12,30049011,0,225,0,KANHA JI DISTRIBUTORS
DIVYA HRIDYAMRIT VATI EXTRA POWER DS 40N,दिव्य हृद्यामृत वटी एक्स्ट्रा पावर डीएस 40 नग,24-11-2027,29-01-2025,24-11-2024,20,6,TI5706AAA2425,6,BHDS240050,3010.2,05AAECK5765H1ZE,12,30049011,0,190,0,KANHA JI DISTRIBUTORS
DIVYA SHILAJEET RASAYAN VATI 120 TAB -T,दिव्य शिलाजीत रसायन वटी 120 टैबलेट,05-10-2027,29-01-2025,20-10-2024,20,6,TI5706AAA2425,6,BSRV240022,1212.42,05AAECK5765H1ZE,12,30049011,0,75,0,KANHA JI DISTRIBUTORS
KESH KANTI ADV.H.HAIR EXPERTOIL-30ML T.O,केश कान्ति एडवांस हेयर एक्सपर्ट ऑयल 30 मि.ली. (ट्रेड ऑफर),25-12-2026,07-02-2025,25-12-2024,24,9,TI5851AAA2425,9,ABHX240007,1679.38,05AAECK5765H1ZE,18,33059019,0,100,0,KANHA JI DISTRIBUTORS
KESH KANTI HERBAL MEHANDI (NAT. BLACK)-T,केश कान्ति हर्बल मेहंदी (नेचुरल ब्लैक),26-11-2025,07-02-2025,01-12-2024,60,9,TI5851AAA2425,9,ANBL240274,955.09,05AAECK5765H1ZE,18,33059090,0,20,0,KANHA JI DISTRIBUTORS
KESH KANTI HERBAL MEHANDI (DARK BROWN) T,केश कान्ति हर्बल मेहंदी (डार्क ब्राउन),26-11-2025,07-02-2025,01-12-2024,20,9,TI5851AAA2425,9,ADBR240059,318.36,05AAECK5765H1ZE,18,33059090,0,20,0,KANHA JI DISTRIBUTORS
KESH KANTI HERBAL MEHANDI (NAT. BROWN) T,केश कान्ति हर्बल मेहंदी (नेचुरल ब्राउन),26-11-2025,07-02-2025,01-12-2024,20,9,TI5851AAA2425,9,ANBR240052,318.36,05AAECK5765H1ZE,18,33059090,0,20,0,KANHA JI DISTRIBUTORS
SUPER DISH WASH GEL RAKH&LEMON 250ML NEW,सुपर डिश वॉश जेल राख एवं नींबू 250 मि.ली. (नया),19-12-2027,07-02-2025,03-01-2025,24,9,TI5851AAA2425,9,AAOF250001,976.19,05AAECK5765H1ZE,18,34022090,0,50,0,KANHA JI DISTRIBUTORS
DIVYA MUKTA VATI EXTRA POWER 30X4 TAB,दिव्य मुक्तावटी एक्स्ट्रा पावर 30×4 टैबलेट,20-12-2029,07-02-2025,15-01-2025,20,6,TI5851AAA2425,6,AMUE250023,3674.94,05AAECK5765H1ZE,12,30049011,0,225,0,KANHA JI DISTRIBUTORS
DRISHTI EYE DROP 10 ML (NEW),दृष्टि नेत्र ड्रॉप 10 मि.ली. (नया),27-11-2025,07-02-2025,27-11-2024,40,6,TI5851AAA2425,6,AAST240057,637.95,05AAECK5765H1ZE,12,30049011,0,20,0,KANHA JI DISTRIBUTORS
MOISTURIZER CREAM-50 G,मॉइस्चराइज़र क्रीम 50 ग्राम,06-12-2026,07-02-2025,06-12-2024,24,9,TI5851AAA2425,9,ABHI240012,1874.22,05AAECK5765H1ZE,18,33049930,0,100,0,KANHA JI DISTRIBUTORS
SAUNDARYA COCONUT NOURISHING CREAM 50 GM,सौंदर्य नारियल पोषण क्रीम 50 ग्राम,16-01-2027,07-02-2025,16-01-2025,24,9,TI5851AAA2425,9,A4G2500001,1312.07,05AAECK5765H1ZE,18,33049910,0,70,0,KANHA JI DISTRIBUTORS
CHANA DAL PAPAD 200 GM - T,चना दाल पापड़ 200 ग्राम,01-07-2025,07-02-2025,02-01-2025,15,0,TI5851AAA2425,0,PCP-25/001,705.15,05AAECK5765H1ZE,0,19059040,0,55,0,KANHA JI DISTRIBUTORS
SAUNDARYA FACE WASH 100 G,सौंदर्य फेस वॉश 100 ग्राम,25-12-2026,07-02-2025,04-01-2025,24,9,TI5851AAA2425,9,ANT2500002,1925.19,05AAECK5765H1ZE,18,34013090,0,105,0,KANHA JI DISTRIBUTORS
ROGHAN BADAM SHIRIN - 60 ML - T,रोगन बादाम शिरीन 60 मि.ली.,05-10-2027,07-02-2025,20-10-2024,15,2.5,TI5851AAA2425,2.5,BRBS240016,2042.46,05AAECK5765H1ZE,5,30049011,0,190,0,KANHA JI DISTRIBUTORS
MINT CANDY MENTHOL - T,मिंट कैंडी मेंथॉल,28-12-2025,07-02-2025,02-01-2025,10,6,TI5851AAA2425,6,DMC250001,1127.39,05AAECK5765H1ZE,12,17049030,0,150,0,KANHA JI DISTRIBUTORS
Amla Churna 100 Gm,आंवला चूर्ण 100 ग्राम,10-12-2026,07-02-2025,20-12-2024,25,2.5,TI5851AAA2425,2.5,BAMC240048,937.39,05AAECK5765H1ZE,5,30049011,0,45,0,KANHA JI DISTRIBUTORS
ANTI WRINKLE CREAM 50 G,एंटी रिंकल क्रीम 50 ग्राम,24-12-2026,07-02-2025,24-12-2024,12,9,TI5851AAA2425,9,AAR2400012,1405.66,05AAECK5765H1ZE,18,33049910,0,150,0,KANHA JI DISTRIBUTORS
CRACK HEAL CREAM 50 G,क्रैक हील क्रीम 50 ग्राम,14-01-2027,07-02-2025,14-01-2025,12,9,TI5851AAA2425,9,AAE2500001,562.29,05AAECK5765H1ZE,18,33049990,0,60,0,KANHA JI DISTRIBUTORS
BEAUTY CREAM ADV.- 50 G,ब्यूटी क्रीम एडवांस 50 ग्राम,09-12-2026,07-02-2025,09-12-2024,24,9,TI5851AAA2425,9,ABED240011,1780.48,05AAECK5765H1ZE,18,33049910,0,95,0,KANHA JI DISTRIBUTORS
ALOE SOFT MOISTURIZING CREAM-50 G,एलो सॉफ्ट मॉइस्चराइजिंग क्रीम 50 ग्राम,16-12-2026,07-02-2025,16-12-2024,24,9,TI5851AAA2425,9,ABHW240009,1874.22,05AAECK5765H1ZE,18,33049930,0,100,0,KANHA JI DISTRIBUTORS
Shuddh Shilajeet 20 gm,शुद्ध शिलाजीत 20 ग्राम,05-12-2029,07-02-2025,31-12-2024,20,2.5,TI5851AAA2425,2.5,BSHS240013,2166.57,05AAECK5765H1ZE,5,30049011,0,130,0,KANHA JI DISTRIBUTORS
COWS WHOLE MILK POWDER 500-GM,गाय का पूर्ण दूध पाउडर 500 ग्राम,02-07-2025,07-02-2025,03-01-2025,1,2.5,TI5852AAA2425,2.5,BLB2500001,4810.93,05AAECK5765H1ZE,5,4021090,0,235,0,KANHA JI DISTRIBUTORS
DOODH BISCUIT 35 GM (200 PC),दूध बिस्किट 35 ग्राम (200 नग),15-07-2025,07-02-2025,16-01-2025,1,9,TI5852AAA2425,9,AJ25/BP1,851.96,05AAECK5765H1ZE,18,19053100,0,5,0,KANHA JI DISTRIBUTORS
DOODH BISCUIT 70 GM (100 PC),दूध बिस्किट 70 ग्राम (100 नग),23-07-2025,07-02-2025,24-01-2025,1,9,TI5852AAA2425,9,AS24/BP1,853.14,05AAECK5765H1ZE,18,19053100,0,10,0,KANHA JI DISTRIBUTORS
DIVYA GODHAN ARK - 450ML,दिव्य गोधन अर्क 450 मि.ली.,20-12-2025,07-02-2025,25-12-2024,1,6,TI5852AAA2425,6,AGDA240051,816.7,05AAECK5765H1ZE,12,30049011,0,50,0,KANHA JI DISTRIBUTORS
DISHWASH BAR-600G (500G+100G)+SCRUB PAD,डिशवॉश बार 600 ग्राम (500+100 ग्राम) + स्क्रब पैड,13-01-2028,07-02-2025,13-01-2025,1,9,TI5852AAA2425,9,AAYX250001,1173.3,05AAECK5765H1ZE,18,34011990,0,60,0,KANHA JI DISTRIBUTORS
HERBO WASH DETERGENT POWDER 1 KG,हर्बो वॉश डिटर्जेंट पाउडर 1 किग्रा,21-01-2030,07-02-2025,22-01-2025,1,9,TI5852AAA2425,9,AN52500005,1842.87,05AAECK5765H1ZE,18,34029011,0,85,0,KANHA JI DISTRIBUTORS
SENDHA NAMAK 1 KG - T,सेंधा नमक 1 किग्रा,22-08-2026,07-02-2025,01-09-2024,1,0,TI5852AAA2425,0,SRS24,1009,05AAECK5765H1ZE,0,25010010,0,60,0,KANHA JI DISTRIBUTORS
NEEM KANTI BODY CLNSR.150GM MONTHLY PACK,नीम कान्ति बॉडी क्लीन्ज़र 150 ग्राम मासिक पैक,26-11-2026,07-02-2025,26-11-2024,1,9,TI5852AAA2425,9,AAUG240079,2151.19,05AAECK5765H1ZE,18,34011941,0,115,0,KANHA JI DISTRIBUTORS
ALOEVERA KANTI BODY CLN.150G MNTHLY PACK,एलोवेरा कान्ति बॉडी क्लीन्ज़र 150 ग्राम मासिक पैक,01-01-2027,07-02-2025,01-01-2025,1,9,TI5852AAA2425,9,AAUI250001,2151.19,05AAECK5765H1ZE,18,34011941,0,115,0,KANHA JI DISTRIBUTORS
ATTA NOODLES CHATPATA-60 GM (96 PC) - T,आटा नूडल्स चटपटा 60 ग्राम (96 नग),09-09-2025,07-02-2025,13-12-2024,1,6,TI5852AAA2425,6,CH131224,925.75,05AAECK5765H1ZE,12,19022090,0,12,0,KANHA JI DISTRIBUTORS
DANT KANTI NATURAL 18G R10/-T.O 16SACHET,दंत कान्ति नेचुरल 18 ग्राम ₹10/- (ट्रेड ऑफर 16 सैशे),30-12-2026,07-02-2025,30-12-2024,1,9,TI5852AAA2425,9,AAYD240308,2228.63,05AAECK5765H1ZE,18,33061020,0,10,0,KANHA JI DISTRIBUTORS
ATTA DOODH RUSK 300 GM - T,आटा दूध रस्क 300 ग्राम,15-06-2025,07-02-2025,16-01-2025,1,2.5,TI5852AAA2425,2.5,AK25/SGB,1028.16,05AAECK5765H1ZE,5,19054000,0,50,0,KANHA JI DISTRIBUTORS
SUPER DISHWASH BAR-225 G B3G1 FREE,सुपर डिशवॉश बार 225 ग्राम (खरीदो 3 पाओ 1 मुफ्त),09-01-2028,07-02-2025,09-01-2025,2,9,TI5852AAA2425,9,AAXW250004,1346.9,05AAECK5765H1ZE,18,34011990,0,72,0,KANHA JI DISTRIBUTORS
HERBAL POWERVITA PLUS - 500 GM REFILL -T,हर्बल पावरवीटा प्लस 500 ग्राम रीफिल,30-08-2025,07-02-2025,03-12-2024,1,9,TI5852AAA2425,9,ASZ2400022,3981.51,05AAECK5765H1ZE,18,19019090,0,205,0,KANHA JI DISTRIBUTORS
MUSTARD OIL 1 L (P)-T,सरसों का तेल 1 लीटर,12-01-2026,13-02-2025,17-01-2025,1,2.5,TI5982AAA2425,2.5,O2B2500003,1902.73,05AAECK5765H1ZE,5,15149920,0,175,0,KANHA JI DISTRIBUTORS
SOOJI - 500 GM,सूजी 500 ग्राम,08-05-2025,13-02-2025,08-01-2025,1,2.5,TI5982AAA2425,2.5,PDR8250003,943.11,05AAECK5765H1ZE,5,11010000,0,38,0,KANHA JI DISTRIBUTORS
SESAME OIL 1 L (B)-T,तिल का तेल 1 लीटर,19-10-2025,13-02-2025,22-01-2025,1,2.5,TI5982AAA2425,2.5,JACQ250004,2722.81,05AAECK5765H1ZE,5,15155091,0,280,0,KANHA JI DISTRIBUTORS
GROUNDNUT OIL 1 LTR (P),मूंगफली का तेल 1 लीटर,30-05-2025,13-02-2025,15-11-2024,1,2.5,TI5982AAA2425,2.5,ORQ2400032,2228.81,05AAECK5765H1ZE,5,15089091,0,205,0,KANHA JI DISTRIBUTORS
GILOY JUICE 500 ML,गिलोय रस 500 मि.ली.,18-12-2025,13-02-2025,18-12-2024,1,6,TI5982AAA2425,6,PFY2400022,861.37,05AAECK5765H1ZE,12,30049011,0,90,0,KANHA JI DISTRIBUTORS
MADHURAM 1 KG,मधुरम गुड़ पाउडर 1 किग्रा,20-01-2026,13-02-2025,20-01-2025,2,2.5,TI5982AAA2425,2.5,AHG2500017,4354.1,05AAECK5765H1ZE,5,17011410,0,85,0,KANHA JI DISTRIBUTORS
CREAMFEAST CHOCO BISCUIT 32.5 GM,क्रीमफीस्ट चोको बिस्किट 32.5 ग्राम,17-07-2025,13-02-2025,18-01-2025,1,9,TI5982AAA2425,9,AM25/BP1,613.41,05AAECK5765H1ZE,18,19053100,0,5,0,KANHA JI DISTRIBUTORS
AMLA JUICE 1 L,आंवला रस 1 लीटर,28-01-2026,13-02-2025,28-01-2025,1,6,TI5982AAA2425,6,AGH2500010,1179.18,05AAECK5765H1ZE,12,30049011,0,140,0,KANHA JI DISTRIBUTORS
ALOEVERA JUICE 1 L (FIBRE),एलोवेरा रस (फाइबर युक्त) 1 लीटर,30-09-2025,13-02-2025,03-01-2025,1,6,TI5982AAA2425,6,PGD2500008,1768.77,05AAECK5765H1ZE,12,30049011,0,210,0,KANHA JI DISTRIBUTORS
KALA CHANA 1000 GM (R1),काला चना 1000 ग्राम,09-08-2025,13-02-2025,12-11-2024,1,2.5,TI5982AAA2425,2.5,BPRKC24024,1229.13,05AAECK5765H1ZE,5,7135000,0,142,0,KANHA JI DISTRIBUTORS
TRADITIONAL WHOLE WHEAT ATTA 10 KG(UK),पारंपरिक गेहूं का आटा 10 किग्रा (यूके),16-05-2025,13-02-2025,16-01-2025,1,2.5,TI5982AAA2425,2.5,PDBKP25002,1905.91,05AAECK5765H1ZE,5,11010000,0,425,0,KANHA JI DISTRIBUTORS
TRADITIONAL WHOLE WHEAT ATTA 5 KG(UK),पारंपरिक गेहूं का आटा 5 किग्रा (यूके),03-05-2025,13-02-2025,03-01-2025,1,2.5,TI5982AAA2425,2.5,PDBKQ25001,1614.48,05AAECK5765H1ZE,5,11010000,0,225,0,KANHA JI DISTRIBUTORS
CREAMFEAST ELAICHI BISCUIT 32.5 GM,क्रीमफीस्ट इलायची बिस्किट 32.5 ग्राम,03-08-2025,13-02-2025,04-02-2025,1,9,TI5982AAA2425,9,B225/BP1,613.41,05AAECK5765H1ZE,18,19053100,0,5,0,KANHA JI DISTRIBUTORS
ATTA NOODLES DESI MASALA 60 GM (96 PC)-T,आटा नूडल्स देसी मसाला 60 ग्राम (96 नग),29-10-2025,13-02-2025,01-02-2025,1,6,TI5982AAA2425,6,DM010225,925.75,05AAECK5765H1ZE,12,19022090,0,12,0,KANHA JI DISTRIBUTORS
UV-PRO ADV.SUN DEFNS CREAM-50G SPF-50T.O,यूवी-प्रो एडवांस सन डिफेंस क्रीम SPF-50 50 ग्राम (ट्रेड ऑफर),23-05-2026,13-02-2025,23-05-2024,2,9,TI5983AAA2425,9,ABSM240001,1103.47,05AAECK5765H1ZE,18,33049910,0,650,0,KANHA JI DISTRIBUTORS
DIVYA PEEDANIL GOLD TABLET (100 PC) - T,दिव्य पीड़ानिल गोल्ड टैबलेट (100 नग),14-01-2028,13-02-2025,29-01-2025,10,6,TI5983AAA2425,6,APGT250003,3266.7,05AAECK5765H1ZE,12,30049011,0,400,0,KANHA JI DISTRIBUTORS
EYEGRIT EYE DROP 10 ML,आईग्रिट आई ड्रॉप 10 मि.ली.,26-12-2026,13-02-2025,26-12-2024,40,6,TI5983AAA2425,6,ABQR240027,1306.82,05AAECK5765H1ZE,12,30049011,0,40,0,KANHA JI DISTRIBUTORS
BADAM PAK 500 G,बादाम पाक 500 ग्राम,29-12-2026,13-02-2025,08-01-2025,6,6,TI5983AAA2425,6,ACY2500001,1315.98,05AAECK5765H1ZE,12,30049011,0,275,0,KANHA JI DISTRIBUTORS
GOLD TEA - 500 GM (JAR) - T,गोल्ड चाय 500 ग्राम (जार),06-03-2025,13-02-2025,06-03-2024,2,2.5,TI5983AAA2425,2.5,BBMW240003,538.69,05AAECK5765H1ZE,5,9024090,0,325,0,KANHA JI DISTRIBUTORS
KESH K. HERBAL MEHANDI (BURGUNDY) 15GM-T,केश कान्ति हर्बल मेहंदी (बरगंडी) 15 ग्राम,27-12-2025,13-02-2025,01-01-2025,20,9,TI5983AAA2425,9,ABUR250001,477.43,05AAECK5765H1ZE,18,33059090,0,30,0,KANHA JI DISTRIBUTORS
DANT MANJAN - 100 GM - T,दंत मंजन 100 ग्राम,05-09-2026,13-02-2025,15-09-2024,25,6,TI5983AAA2425,6,ADYM240029,2041.76,05AAECK5765H1ZE,12,33061010,0,100,0,KANHA JI DISTRIBUTORS
BALM FAST RELIEF 25G DISPN.T.O(5+1)FREE,बाम फास्ट रिलीफ 25 ग्राम (डिस्पेंसर ट्रेड ऑफर 5+1 मुफ्त),20-12-2027,13-02-2025,20-12-2024,4,6,TI5983AAA2425,6,ABLW240033,957.11,05AAECK5765H1ZE,12,30049011,0,300,0,KANHA JI DISTRIBUTORS
HERBAL KAJAL 3 G (NEW),हर्बल काजल 3 ग्राम (नया),15-11-2026,13-02-2025,25-11-2024,12,9,TI5983AAA2425,9,AASQ240061,916.72,05AAECK5765H1ZE,18,33042000,0,90,0,KANHA JI DISTRIBUTORS
OORJA TEA - 100 GM (MT) - T,ऊर्जा चाय 100 ग्राम,13-09-2025,13-02-2025,13-09-2024,6,2.5,TI5983AAA2425,2.5,BBNA240007,124.3,05AAECK5765H1ZE,5,9024090,0,25,0,KANHA JI DISTRIBUTORS
Arjun Kwath 100 Gm,अर्जुन क्वाथ 100 ग्राम,26-01-2027,06-03-2025,05-02-2025,1,2.5,TI6365AAA2425,2.5,AARK250017,1458.45,05AAECK5765H1ZE,5,30049011,0,35,0,KANHA JI DISTRIBUTORS
KHAND 1 KG,खांड 1 किग्रा,11-02-2026,06-03-2025,11-02-2025,1,2.5,TI6365AAA2425,2.5,AARQ250010,2833.11,05AAECK5765H1ZE,5,17011420,0,110,0,KANHA JI DISTRIBUTORS
SENDHA NAMAK 1 KG - T,सेंधा नमक 1 किग्रा,22-01-2027,06-03-2025,01-02-2025,1,0,TI6365AAA2425,0,SRS25/02,1009,05AAECK5765H1ZE,0,25010010,0,60,0,KANHA JI DISTRIBUTORS
TRADITIONAL WHOLE WHEAT ATTA 10 KG(UK),पारंपरिक गेहूं का आटा 10 किग्रा (यूके),12-06-2025,06-03-2025,12-02-2025,1,2.5,TI6365AAA2425,2.5,PDBKP25004,1905.91,05AAECK5765H1ZE,5,11010000,0,425,0,KANHA JI DISTRIBUTORS
NAVRATNA ATTA 2 KG,नवरत्न आटा 2 किग्रा,06-08-2025,06-03-2025,07-02-2025,1,2.5,TI6365AAA2425,2.5,AHV2500005,3228.96,05AAECK5765H1ZE,5,11010000,0,180,0,KANHA JI DISTRIBUTORS
PUSHTAHAR DALIA 500 G,पुष्टाहार दलिया 500 ग्राम,01-11-2025,06-03-2025,04-02-2025,1,2.5,TI6365AAA2425,2.5,PDCQ250009,1279.53,05AAECK5765H1ZE,5,11031900,0,50,0,KANHA JI DISTRIBUTORS
SPECIAL CHYAWANPRASH 1 KG,विशेष च्यवनप्राश 1 किग्रा,24-11-2027,06-03-2025,09-12-2024,1,6,TI6365AAA2425,6,ACZ2400023,3101.01,05AAECK5765H1ZE,12,30049011,0,360,0,KANHA JI DISTRIBUTORS
GONYLE FLOOR CLEANER - 1 LTR,गोनाइल फ्लोर क्लीनर 1 लीटर,05-01-2026,06-03-2025,10-01-2025,1,9,TI6365AAA2425,9,0114/25-26,623.89,05AAECK5765H1ZE,18,38084000,0,70,0,KANHA JI DISTRIBUTORS
MANGO BEVERAGE (TETRAPACK) 65ML,आम पेय (टेट्रापैक) 65 मि.ली.,11-08-2025,06-03-2025,12-02-2025,1,6,TI6365AAA2425,6,PDBFW25003,545.17,05AAECK5765H1ZE,12,22029020,0,10,0,KANHA JI DISTRIBUTORS
GUAVA BEVERAGE (TETRAPACK) 65ML,अमरूद पेय (टेट्रापैक) 65 मि.ली.,10-08-2025,06-03-2025,11-02-2025,1,6,TI6365AAA2425,6,PDBFX25003,545.17,05AAECK5765H1ZE,12,22029020,0,10,0,KANHA JI DISTRIBUTORS
AMLA CANDY 250 G,आंवला कैंडी 250 ग्राम,27-01-2026,06-03-2025,27-01-2025,1,2.5,TI6365AAA2425,2.5,ABLX250009,1554.72,05AAECK5765H1ZE,5,8112010,0,90,0,KANHA JI DISTRIBUTORS
TUVAR DAL 1000 GM (R1),अरहर दाल 1000 ग्राम,09-08-2025,06-03-2025,12-11-2024,1,2.5,TI6365AAA2425,2.5,BPRAD24029,2125.1,05AAECK5765H1ZE,5,7136000,0,248,0,KANHA JI DISTRIBUTORS
HERBAL WASH DETERGENT POWDER 1 KG,हर्बल वॉश डिटर्जेंट पाउडर 1 किग्रा,17-02-2030,06-03-2025,18-02-2025,1,9,TI6365AAA2425,9,AM92500020,1517.48,05AAECK5765H1ZE,18,34029011,0,70,0,KANHA JI DISTRIBUTORS
COWS GHEE 1 L - T,गाय का घी 1 लीटर,02-11-2025,06-03-2025,05-02-2025,1,6,TI6365AAA2425,6,FAWC250056,9329.21,05AAECK5765H1ZE,12,4059020,0,675,0,KANHA JI DISTRIBUTORS
COWS GHEE 500 ML - T,गाय का घी 500 मि.ली.,15-10-2025,06-03-2025,18-01-2025,1,6,TI6365AAA2425,6,FAWD250006,9812.88,05AAECK5765H1ZE,12,4059020,0,355,0,KANHA JI DISTRIBUTORS
AMLA JUICE 1 L,आंवला रस 1 लीटर,17-02-2026,06-03-2025,17-02-2025,1,6,TI6365AAA2425,6,AGH2500028,1179.18,05AAECK5765H1ZE,12,30049011,0,140,0,KANHA JI DISTRIBUTORS
ALOEVERA JUICE 1 L (FIBRE),एलोवेरा रस (फाइबर युक्त) 1 लीटर,02-11-2025,06-03-2025,05-02-2025,1,6,TI6365AAA2425,6,PGD2500041,1768.77,05AAECK5765H1ZE,12,30049011,0,210,0,KANHA JI DISTRIBUTORS
MUSTARD OIL 1 L (P)-T,सरसों का तेल 1 लीटर,10-02-2026,06-03-2025,15-02-2025,2,2.5,TI6365AAA2425,2.5,N2B2500014,3805.45,05AAECK5765H1ZE,5,15149920,0,175,0,KANHA JI DISTRIBUTORS
SUPER DISHWASH BAR-RS10/- (T.O. FREE 3N),सुपर डिशवॉश बार ₹10/- (ट्रेड ऑफर फ्री 3 नग),13-02-2028,06-03-2025,13-02-2025,4,9,TI6365AAA2425,9,AAXY250035,2078.69,05AAECK5765H1ZE,18,34011941,0,10,0,KANHA JI DISTRIBUTORS
HERBAL HANDWASH (ANTI BACTERIAL) 750 ML,हर्बल हैंडवॉश (एंटी बैक्टीरियल) 750 मि.ली.,08-02-2027,06-03-2025,18-02-2025,1,9,TI6365AAA2425,9,AAIX250010,1008.33,05AAECK5765H1ZE,18,34013019,0,110,0,KANHA JI DISTRIBUTORS
BOROSAFE ANTISEPTIC 50 GM CREAM,बोरोज़सेफ एंटीसेप्टिक क्रीम 50 ग्राम,10-12-2026,06-03-2025,20-12-2024,24,9,TI6366AAA2425,9,AJG2400006,843.37,05AAECK5765H1ZE,18,33049910,0,45,0,KANHA JI DISTRIBUTORS
SUN SCREEN CREAM SPF30- 50GM,सन स्क्रीन क्रीम SPF-30 50 ग्राम,09-02-2027,06-03-2025,19-02-2025,24,9,TI6366AAA2425,9,AJW2500001,1874.22,05AAECK5765H1ZE,18,33049910,0,100,0,KANHA JI DISTRIBUTORS
UV-PRO ADV.SUN DEFNS CREAM-50G SPF-50T.O,यूवी-प्रो एडवांस सन डिफेंस क्रीम SPF-50 50 ग्राम (ट्रेड ऑफर),23-05-2026,06-03-2025,23-05-2024,4,9,TI6366AAA2425,9,ABSM240001,2206.93,05AAECK5765H1ZE,18,33049910,0,650,0,KANHA JI DISTRIBUTORS
SHATAVAR CHURNA (Ayurvedic Medicine),शतावरी चूर्ण (आयुर्वेदिक औषधि),04-02-2026,06-03-2025,04-02-2025,15,2.5,TI6366AAA2425,2.5,ABEE250015,2351.32,05AAECK5765H1ZE,5,30049011,0,200,0,KANHA JI DISTRIBUTORS
K.K. COLOR NATURAL BLACK (CREAM & DEV)-T,के.के. कलर नेचुरल ब्लैक (क्रीम एवं डेवलपर),27-12-2025,06-03-2025,01-01-2025,20,9,TI6366AAA2425,9,ACBD250002,636.73,05AAECK5765H1ZE,18,33059090,0,40,0,KANHA JI DISTRIBUTORS
ORGANIC VIRGIN COCONUT OIL-500ML(JAR)-T,ऑर्गेनिक वर्जिन नारियल तेल 500 मि.ली. (जार),17-07-2026,06-03-2025,23-01-2025,6,2.5,TI6366AAA2425,2.5,CCAX250002,3326.78,05AAECK5765H1ZE,5,15131900,0,650,0,KANHA JI DISTRIBUTORS
Sitopaladi Churna 25 Gm,सितोपलादि चूर्ण 25 ग्राम,05-01-2027,06-03-2025,15-01-2025,20,2.5,TI6366AAA2425,2.5,ASPC250001,500.01,05AAECK5765H1ZE,5,30049011,0,30,0,KANHA JI DISTRIBUTORS
TRIPHALA CHURNA -100GM,त्रिफला चूर्ण 100 ग्राम,26-12-2026,06-03-2025,05-01-2025,25,2.5,TI6366AAA2425,2.5,ATPC250002,816.64,05AAECK5765H1ZE,5,30049011,0,40,0,KANHA JI DISTRIBUTORS
DIVYA SHUDDHI CHURNA 100 GM – T,दिव्य शुद्धि चूर्ण 100 ग्राम,19-01-2027,06-03-2025,29-01-2025,25,6,TI6366AAA2425,6,ADSC250004,2552.2,05AAECK5765H1ZE,12,30049011,0,125,0,KANHA JI DISTRIBUTORS
Chandraprabha Vati 40 Tab,चंद्रप्रभा वटी 40 टैबलेट,24-09-2029,06-03-2025,20-10-2024,20,2.5,TI6366AAA2425,2.5,BCPV240209,716.73,05AAECK5765H1ZE,5,30049011,0,43,0,KANHA JI DISTRIBUTORS
GILOY GHAN VATI 60 PC (NEW),गिलोय घन वटी 60 नग (नया),27-12-2026,06-03-2025,06-01-2025,24,6,TI6366AAA2425,6,AAI2500004,1875.96,05AAECK5765H1ZE,12,30049011,0,100,0,KANHA JI DISTRIBUTORS
DIVYA FEVOGRIT 60 TABLET-T,दिव्य फेवोग्रिट 60 टैबलेट,09-01-2027,06-03-2025,10-01-2024,20,6,TI6366AAA2425,6,AFVG240001,3333.34,05AAECK5765H1ZE,12,30049011,0,200,0,KANHA JI DISTRIBUTORS
NEEM GHAN VATI 60 TAB,नीम घन वटी 60 टैबलेट,04-01-2027,06-03-2025,14-01-2025,24,6,TI6366AAA2425,6,AAK2500004,1957.67,05AAECK5765H1ZE,12,30049011,0,100,0,KANHA JI DISTRIBUTORS
DIVYA KANTHAMRIT CHEWABLE TABLET 80 N -T,दिव्य कंठामृत चबाने योग्य टैबलेट 80 नग,17-12-2027,06-03-2025,01-01-2025,20,6,TI6366AAA2425,6,ADKT250001,1225.06,05AAECK5765H1ZE,12,30049011,0,75,0,KANHA JI DISTRIBUTORS
Kanchnar Guggul 40 Tab,कंचनार गुग्गुल 40 टैबलेट,29-10-2029,06-03-2025,24-11-2024,20,2.5,TI6366AAA2425,2.5,BKNG240056,833.28,05AAECK5765H1ZE,5,30049011,0,50,0,KANHA JI DISTRIBUTORS
Divya Arshkalp Vati 40 Tab,दिव्य अर्शकल्प वटी 40 टैबलेट,15-12-2027,06-03-2025,30-12-2024,20,6,TI6366AAA2425,6,BAKV240117,749.95,05AAECK5765H1ZE,12,30049011,0,45,0,KANHA JI DISTRIBUTORS
DIVYA ARSHOGRIT 3 U X 20 N,दिव्य अर्शोग्रिट 3 यूनिट × 20 नग,15-12-2027,06-03-2025,30-12-2024,10,6,TI6366AAA2425,6,ADAR240020,1666.67,05AAECK5765H1ZE,12,30049011,0,200,0,KANHA JI DISTRIBUTORS
PAT NUTRELA BONE HEALTH NATURAL CAPSULE,न्यूट्रेला बोन हेल्थ नेचुरल कैप्सूल,13-01-2028,06-03-2025,13-01-2025,10,6,TI6366AAA2425,6,AANN250001,1770.83,05AAECK5765H1ZE,12,30049011,0,275,0,KANHA JI DISTRIBUTORS
MAKHANA 250 GM,मखाना 250 ग्राम,23-11-2025,06-03-2025,27-01-2025,6,2.5,TI6366AAA2425,2.5,AALI250006,2690.79,05AAECK5765H1ZE,5,8029000,0,500,0,KANHA JI DISTRIBUTORS
ANARDANA GOLI - 100 GM (NEW),अनारदाना गोली 100 ग्राम (नया),13-02-2026,06-03-2025,13-02-2025,20,6,TI6366AAA2425,6,ABZZ250005,717.92,05AAECK5765H1ZE,12,30049011,0,45,0,KANHA JI DISTRIBUTORS
HING PEDA 200 G,हींग पेड़ा 200 ग्राम,10-12-2025,06-03-2025,10-12-2024,10,6,TI6366AAA2425,6,AFA2400012,1036.9,05AAECK5765H1ZE,12,30049011,0,130,0,KANHA JI DISTRIBUTORS
SAUNDARYA ALOEVERA GEL 150 ML,सौंदर्य एलोवेरा जेल 150 मि.ली.,21-07-2026,06-03-2025,27-01-2025,24,9,TI6366AAA2425,9,AAHP250045,1874.22,05AAECK5765H1ZE,18,33049910,0,100,0,KANHA JI DISTRIBUTORS
OORJA TEA - 250 GM (POLY) - T,ऊर्जा चाय 250 ग्राम (पॉली पैक),18-01-2026,06-03-2025,18-01-2025,24,2.5,TI6366AAA2425,2.5,BBNC250002,1392.3,05AAECK5765H1ZE,5,9024090,0,70,0,KANHA JI DISTRIBUTORS
DANT KANTI NATURAL(200GX3)BIG SAVER PACK,दंत कान्ति नेचुरल (200 ग्राम × 3) बड़ा बचत पैक,04-02-2027,19-03-2025,14-02-2025,1,9,TI6599AAA2425,9,AAPW250005,5658.9,05AAECK5765H1ZE,18,33061020,0,280,0,KANHA JI DISTRIBUTORS
SUGAR 1 KG,चीनी 1 किग्रा,28-01-2027,19-03-2025,07-02-2025,1,2.5,TI6599AAA2425,2.5,BAGQ250011,1800.54,05AAECK5765H1ZE,5,17011490,0,65,0,KANHA JI DISTRIBUTORS
SUGAR 5 KG,चीनी 5 किग्रा,10-01-2027,19-03-2025,20-01-2025,4,2.5,TI6599AAA2425,2.5,BAIW250005,1163.32,05AAECK5765H1ZE,5,17011490,0,315,0,KANHA JI DISTRIBUTORS
SESAME OIL 1 L (B)-T,तिल का तेल 1 लीटर,08-11-2025,19-03-2025,11-02-2025,1,2.5,TI6599AAA2425,2.5,JACQ250016,2722.81,05AAECK5765H1ZE,5,15155091,0,280,0,KANHA JI DISTRIBUTORS
DOODH BISCUIT 70 GM (100 PC),दूध बिस्किट 70 ग्राम (100 नग),25-08-2025,19-03-2025,26-02-2025,1,9,TI6599AAA2425,9,BT25/BP1,853.14,05AAECK5765H1ZE,18,19053100,0,10,0,KANHA JI DISTRIBUTORS
DOODH BISCUIT 35 GM (200 PC),दूध बिस्किट 35 ग्राम (200 नग),25-08-2025,19-03-2025,26-02-2025,1,9,TI6599AAA2425,9,BT25/BP1,851.96,05AAECK5765H1ZE,18,19053100,0,5,0,KANHA JI DISTRIBUTORS
ISABGOL 100 G,इसबगोल 100 ग्राम,18-08-2026,19-03-2025,24-02-2025,10,6,TI6600AAA2425,6,AFB2500008,1446.37,05AAECK5765H1ZE,12,30049011,0,170,0,KANHA JI DISTRIBUTORS
KESH KANTI ADV.H.HAIR EXPERTOIL-30ML T.O,केश कान्ति एडवांस हेयर एक्सपर्ट ऑयल 30 मि.ली. (ट्रेड ऑफर),27-01-2027,19-03-2025,27-01-2025,24,9,TI6600AAA2425,9,ABHX250001,1679.38,05AAECK5765H1ZE,18,33059019,0,100,0,KANHA JI DISTRIBUTORS
KESH KANTI ADVANCE H.HAIR EXPERTOIL100ML,केश कान्ति एडवांस हेयर एक्सपर्ट ऑयल 100 मि.ली.,14-02-2027,19-03-2025,24-02-2025,6,9,TI6600AAA2425,9,AATV250002,1738.56,05AAECK5765H1ZE,18,33059019,0,400,0,KANHA JI DISTRIBUTORS
DIVYA SWASARI PRAVAHI - 250 ML - T,दिव्य स्वासारी प्रवाही 250 मि.ली.,21-12-2027,19-03-2025,05-01-2025,20,6,TI6600AAA2425,6,BSSP250004,1218.34,05AAECK5765H1ZE,12,30049011,0,85,0,KANHA JI DISTRIBUTORS
BADAM PAK 500 G,बादाम पाक 500 ग्राम,27-01-2027,19-03-2025,06-02-2025,6,6,TI6600AAA2425,6,ACY2500002,1315.98,05AAECK5765H1ZE,12,30049011,0,275,0,KANHA JI DISTRIBUTORS
TRIPHALA CHURNA -100GM,त्रिफला चूर्ण 100 ग्राम,21-01-2027,19-03-2025,31-01-2025,25,2.5,TI6600AAA2425,2.5,ATPC250015,816.64,05AAECK5765H1ZE,5,30049011,0,40,0,KANHA JI DISTRIBUTORS
DATES (KHAJUR) 500 GM,खजूर 500 ग्राम,19-07-2025,19-03-2025,20-01-2025,2,6,TI6600AAA2425,6,AAYC250005,572.5,05AAECK5765H1ZE,12,20019000,0,320,0,KANHA JI DISTRIBUTORS
CASHEW (KAJU) 250 GM (MONO),काजू 250 ग्राम,12-08-2025,19-03-2025,13-02-2025,2,2.5,TI6600AAA2425,2.5,AARW250005,609.92,05AAECK5765H1ZE,5,8013220,0,340,0,KANHA JI DISTRIBUTORS
MURMURA 500 GM - T,मुरमुरा 500 ग्राम,12-02-2026,19-03-2025,17-02-2025,10,2.5,TI6600AAA2425,2.5,VPRM250009,545.48,05AAECK5765H1ZE,5,19041020,0,60,0,KANHA JI DISTRIBUTORS
RAISINS 250 GM (MONO),किशमिश 250 ग्राम,29-07-2025,19-03-2025,30-01-2025,10,2.5,TI6600AAA2425,2.5,AARV250004,896.91,05AAECK5765H1ZE,5,8062090,0,100,0,KANHA JI DISTRIBUTORS
MUNAKKA RAISIN 250 GM (MONO),मुनक्का किशमिश 250 ग्राम,09-07-2025,19-03-2025,10-01-2025,3,2.5,TI6600AAA2425,2.5,AARU250001,726.52,05AAECK5765H1ZE,5,8062090,0,270,0,KANHA JI DISTRIBUTORS
ALMOND (BADAM) 250 GM (MONO),बादाम 250 ग्राम,26-07-2025,19-03-2025,27-01-2025,1,6,TI6600AAA2425,6,AART250005,326.5,05AAECK5765H1ZE,12,8021100,0,365,0,KANHA JI DISTRIBUTORS
LIVAMRIT SYRUP - 200 ML,लिवामृत सिरप 200 मि.ली.,07-02-2027,19-03-2025,07-02-2025,24,6,TI6601AAA2425,6,A8B2500013,1519.5,05AAECK5765H1ZE,12,30049011,0,90,0,KANHA JI DISTRIBUTORS
DIVYA MUKTA VATI EXTRA POWER 30X4 TAB,दिव्य मुक्तावटी एक्स्ट्रा पावर 30×4 टैबलेट,04-01-2030,19-03-2025,30-01-2025,20,6,TI6601AAA2425,6,AMUE250040,3307.45,05AAECK5765H1ZE,12,30049011,0,225,0,KANHA JI DISTRIBUTORS
DIVYA PROSTOGRIT TABLET 60 N - T,दिव्य प्रोस्टोग्रिट टैबलेट 60 नग,16-01-2028,19-03-2025,31-01-2025,10,6,TI6601AAA2425,6,BDPT250003,2646,05AAECK5765H1ZE,12,30049011,0,360,0,KANHA JI DISTRIBUTORS
